antecedents,consequents,antecedent support,consequent support,support,confidence,lift,representativity,leverage,conviction,zhangs_metric,jaccard,certainty,kulczynski
frozenset({'6 RIBBONS RUSTIC CHARM'}),frozenset({'JAM MAKING SET PRINTED'}),0.04580029997857296,0.05399614313263338,0.011570602099850011,0.25263157894736843,4.678696741854637,1.0,0.00909756254668944,1.2657798084845047,0.8240049402122045,0.1311475409836066,0.20997317756452286,0.23345864661654137
frozenset({'JAM MAKING SET PRINTED'}),frozenset({'6 RIBBONS RUSTIC CHARM'}),0.05399614313263338,0.04580029997857296,0.011570602099850011,0.2142857142857143,4.678696741854637,1.0,0.00909756254668944,1.2144359818454527,0.8311438278595696,0.1311475409836066,0.17657248718832955,0.23345864661654137
frozenset({'6 RIBBONS RUSTIC CHARM'}),frozenset({'JAM MAKING SET WITH JARS'}),0.04580029997857296,0.053514034711806296,0.010338547246625241,0.22573099415204678,4.218164363193603,1.0,0.007887588403760746,1.2224252270716098,0.7995496681267595,0.11619506321493075,0.18195405505860032,0.20946209367261998
frozenset({'6 RIBBONS RUSTIC CHARM'}),frozenset({'JUMBO BAG RED RETROSPOT'}),0.04580029997857296,0.10381401328476537,0.011142061281337047,0.2432748538011696,2.343372017936137,1.0,0.006387348330915235,1.184295237467582,0.6007804369324046,0.08046421663442939,0.15561595760670854,0.17530099759201925
frozenset({'6 RIBBONS RUSTIC CHARM'}),frozenset({'NATURAL SLATE HEART CHALKBOARD'}),0.04580029997857296,0.06529890722091279,0.010552817655881723,0.2304093567251462,3.5285331184126574,1.0,0.007562108116890913,1.2145432132615799,0.7509917612785506,0.10495471497069792,0.1766451871938237,0.1960086160163877
frozenset({'6 RIBBONS RUSTIC CHARM'}),frozenset({'PACK OF 72 RETROSPOT CAKE CASES'}),0.04580029997857296,0.06047782301264196,0.011677737304478252,0.2549707602339181,4.215938132902377,1.0,0.008907834868448207,1.2610540994100332,0.7994184743953108,0.12344280860702152,0.2070126091594038,0.2240309957059759
frozenset({'6 RIBBONS RUSTIC CHARM'}),frozenset({'PARTY BUNTING'}),0.04580029997857296,0.08538675808870795,0.01012427683736876,0.22105263157894736,2.5888397279270947,1.0,0.006213537702708094,1.1741656483996317,0.6431846190449457,0.08362831858407078,0.14833141187277668,0.16981113385722776
frozenset({'6 RIBBONS RUSTIC CHARM'}),frozenset({'RECIPE BOX PANTRY YELLOW DESIGN'}),0.04580029997857296,0.05533533319048639,0.011034926076708806,0.24093567251461986,4.354101775898281,1.0,0.008500551217170246,1.2445120032698522,0.8073063798175109,0.12247324613555291,0.19647219362080656,0.2201774199939992
frozenset({'6 RIBBONS RUSTIC CHARM'}),frozenset({'REGENCY CAKESTAND 3 TIER'}),0.04580029997857296,0.0902614098992929,0.010981358474394687,0.23976608187134504,2.656352057195412,1.0,0.0068473588245181365,1.196656145440161,0.653473141703853,0.08779443254817988,0.16433805666691806,0.18071390146979716
frozenset({'6 RIBBONS RUSTIC CHARM'}),frozenset({'SCANDINAVIAN REDS RIBBONS'}),0.04580029997857296,0.022016284551103493,0.010338547246625241,0.22573099415204678,10.252910459441384,1.0,0.00933019480977108,1.263105856055599,0.9457839052749796,0.17986952469711087,0.20830071746893844,0.34765868442395526
frozenset({'SCANDINAVIAN REDS RIBBONS'}),frozenset({'6 RIBBONS RUSTIC CHARM'}),0.022016284551103493,0.04580029997857296,0.010338547246625241,0.46958637469586373,10.252910459441384,1.0,0.00933019480977108,1.7989728289394793,0.922782971170686,0.17986952469711087,0.4441272353237739,0.34765868442395526
frozenset({'6 RIBBONS RUSTIC CHARM'}),frozenset({'SET OF 3 CAKE TINS PANTRY DESIGN'}),0.04580029997857296,0.06647739447182344,0.01012427683736876,0.22105263157894736,3.325230077611434,1.0,0.007079592228765318,1.198441182772659,0.7328328962528705,0.09910854745673833,0.1655827466756062,0.18667458331566222
frozenset({'6 RIBBONS RUSTIC CHARM'}),frozenset({'WHITE HANGING HEART T-LIGHT HOLDER'}),0.04580029997857296,0.11602742661238483,0.013606170987786586,0.2970760233918128,2.560394831338117,1.0,0.008292080043197501,1.257564975451599,0.6386873074649982,0.09179616913624863,0.2048124593793699,0.20717143736534316
frozenset({'60 CAKE CASES DOLLY GIRL DESIGN'}),frozenset({'PACK OF 60 PINK PAISLEY CAKE CASES'}),0.019873580458538674,0.04183629740732805,0.01012427683736876,0.5094339622641509,12.176841494938758,1.0,0.009292839814756872,1.9531798552850619,0.9364882727182557,0.19626168224299065,0.48801437957998384,0.37571570072234434
frozenset({'PACK OF 60 PINK PAISLEY CAKE CASES'}),frozenset({'60 CAKE CASES DOLLY GIRL DESIGN'}),0.04183629740732805,0.019873580458538674,0.01012427683736876,0.24199743918053776,12.176841494938758,1.0,0.009292839814756872,1.2930384014558804,0.9579541525088572,0.19626168224299065,0.22662776382042296,0.37571570072234434
frozenset({'60 CAKE CASES DOLLY GIRL DESIGN'}),frozenset({'PACK OF 72 RETROSPOT CAKE CASES'}),0.019873580458538674,0.06047782301264196,0.010927790872080565,0.5498652291105122,9.092014257781258,1.0,0.009725879990481565,2.0872019620497597,0.9080597697897547,0.15740740740740738,0.5208896799723497,0.3652780529963544
frozenset({'60 CAKE CASES VINTAGE CHRISTMAS'}),"frozenset({""PAPER CHAIN KIT 50'S CHRISTMAS""})",0.031122776944503962,0.06026355260338547,0.01398114420398543,0.4492254733218589,7.4543476764199665,1.0,0.012105575098426883,1.7062089873044783,0.8936633855903364,0.18062283737024223,0.41390532611140984,0.34061273666092945
"frozenset({""PAPER CHAIN KIT 50'S CHRISTMAS""})",frozenset({'60 CAKE CASES VINTAGE CHRISTMAS'}),0.06026355260338547,0.031122776944503962,0.01398114420398543,0.232,7.4543476764199665,1.0,0.012105575098426883,1.2615588841868437,0.9213754577422569,0.18062283737024223,0.20732990545695804,0.34061273666092945
frozenset({'60 CAKE CASES VINTAGE CHRISTMAS'}),frozenset({'PAPER CHAIN KIT VINTAGE CHRISTMAS'}),0.031122776944503962,0.042854081851296334,0.013016927362331262,0.41824440619621345,9.759733218588641,1.0,0.01168318933171185,1.6452715338591621,0.9263693701749273,0.21353251318101935,0.39219759205680055,0.36099720309810673
frozenset({'PAPER CHAIN KIT VINTAGE CHRISTMAS'}),frozenset({'60 CAKE CASES VINTAGE CHRISTMAS'}),0.042854081851296334,0.031122776944503962,0.013016927362331262,0.30375,9.759733218588641,1.0,0.01168318933171185,1.3915651318570859,0.937723460843626,0.21353251318101935,0.2813846961906342,0.36099720309810673
frozenset({'60 CAKE CASES VINTAGE CHRISTMAS'}),frozenset({'SET OF 20 VINTAGE CHRISTMAS NAPKINS'}),0.031122776944503962,0.03058710092136276,0.013606170987786586,0.43717728055077454,14.292864226483116,1.0,0.01265421546843198,1.7224125209929304,0.9599100846346769,0.2828507795100223,0.41941899062396304,0.4410054528848444
frozenset({'SET OF 20 VINTAGE CHRISTMAS NAPKINS'}),frozenset({'60 CAKE CASES VINTAGE CHRISTMAS'}),0.03058710092136276,0.031122776944503962,0.013606170987786586,0.4448336252189142,14.292864226483116,1.0,0.01265421546843198,1.7452015595100576,0.9593796596556003,0.2828507795100223,0.42700028283223807,0.4410054528848444
frozenset({'60 TEATIME FAIRY CAKE CASES'}),frozenset({'72 SWEETHEART FAIRY CAKE CASES'}),0.04033640454253268,0.029730019284336832,0.013338332976215984,0.33067729083665337,11.122673270880442,1.0,0.012139130891305677,1.4496295545216156,0.9483464418657046,0.2351274787535411,0.3101685897056614,0.389662969742651
frozenset({'72 SWEETHEART FAIRY CAKE CASES'}),frozenset({'60 TEATIME FAIRY CAKE CASES'}),0.029730019284336832,0.04033640454253268,0.013338332976215984,0.4486486486486487,11.122673270880442,1.0,0.012139130891305677,1.740566325094426,0.9379797110376027,0.2351274787535411,0.4254743495938026,0.389662969742651
frozenset({'60 TEATIME FAIRY CAKE CASES'}),frozenset({'JUMBO BAG RED RETROSPOT'}),0.04033640454253268,0.10381401328476537,0.010445682451253482,0.2589641434262948,2.4945008408060225,1.0,0.006258198414215324,1.2093692616426015,0.6243002211296936,0.07812500000000001,0.17312269154106824,0.17979166923636722
frozenset({'PACK OF 60 DINOSAUR CAKE CASES'}),frozenset({'60 TEATIME FAIRY CAKE CASES'}),0.02914077565888151,0.04033640454253268,0.01280265695307478,0.4393382352941176,10.891854152019372,1.0,0.011627222837414946,1.711662281733974,0.935447946226322,0.2258979206049149,0.4157726026497677,0.3783676568236856
frozenset({'60 TEATIME FAIRY CAKE CASES'}),frozenset({'PACK OF 60 DINOSAUR CAKE CASES'}),0.04033640454253268,0.02914077565888151,0.01280265695307478,0.31739707835325365,10.891854152019373,1.0,0.011627222837414946,1.422289875347981,0.9463610704664168,0.2258979206049149,0.2969084450837861,0.3783676568236856
frozenset({'60 TEATIME FAIRY CAKE CASES'}),frozenset({'PACK OF 60 PINK PAISLEY CAKE CASES'}),0.04033640454253268,0.04183629740732805,0.017141632740518536,0.4249667994687915,10.157849183717541,1.0,0.01545410692373484,1.6662754458482265,0.9394479137594196,0.26359143327841844,0.3998591274379941,0.41734895671262884
frozenset({'PACK OF 60 PINK PAISLEY CAKE CASES'}),frozenset({'60 TEATIME FAIRY CAKE CASES'}),0.04183629740732805,0.04033640454253268,0.017141632740518536,0.4097311139564661,10.157849183717541,1.0,0.01545410692373484,1.6258075228899826,0.9409185092525298,0.26359143327841844,0.3849210402087251,0.41734895671262884
frozenset({'60 TEATIME FAIRY CAKE CASES'}),frozenset({'PACK OF 60 SPACEBOY CAKE CASES'}),0.04033640454253268,0.023623312620527106,0.010820655667452325,0.2682602921646746,11.355744068322325,1.0,0.009867776172956026,1.3343224058017116,0.9502692859294304,0.2036290322580645,0.2505559408641107,0.3631550893929949
frozenset({'PACK OF 60 SPACEBOY CAKE CASES'}),frozenset({'60 TEATIME FAIRY CAKE CASES'}),0.023623312620527106,0.04033640454253268,0.010820655667452325,0.4580498866213152,11.355744068322325,1.0,0.009867776172956026,1.770760023417335,0.9340030864884921,0.2036290322580645,0.4352707386796937,0.3631550893929949
frozenset({'60 TEATIME FAIRY CAKE CASES'}),frozenset({'PACK OF 72 RETROSPOT CAKE CASES'}),0.04033640454253268,0.06047782301264196,0.02190914934647525,0.5431606905710491,8.981154802108366,1.0,0.01946969141158563,2.05657034671942,0.9260075594682032,0.27766463000678887,0.5137535647175064,0.45271409196400103
frozenset({'PACK OF 72 RETROSPOT CAKE CASES'}),frozenset({'60 TEATIME FAIRY CAKE CASES'}),0.06047782301264196,0.04033640454253268,0.02190914934647525,0.362267493356953,8.981154802108366,1.0,0.01946969141158563,1.5048058323215006,0.9458592524016681,0.27766463000678887,0.3354624373981356,0.45271409196400103
frozenset({'60 TEATIME FAIRY CAKE CASES'}),frozenset({'PACK OF 72 SKULL CAKE CASES'}),0.04033640454253268,0.03230126419541461,0.012213413327619455,0.3027888446215139,9.37390074858113,1.0,0.010910496467797985,1.3879564724968625,0.9308687221822348,0.20212765957446807,0.27951631062244237,0.3404491486789162
frozenset({'PACK OF 72 SKULL CAKE CASES'}),frozenset({'60 TEATIME FAIRY CAKE CASES'}),0.03230126419541461,0.04033640454253268,0.012213413327619455,0.3781094527363184,9.37390074858113,1.0,0.010910496467797985,1.5431390614956075,0.9231393942925401,0.20212765957446807,0.35197026311368085,0.3404491486789162
frozenset({'60 TEATIME FAIRY CAKE CASES'}),frozenset({'REGENCY CAKESTAND 3 TIER'}),0.04033640454253268,0.0902614098992929,0.010231412041997,0.2536520584329349,2.8101938438136673,1.0,0.006590591297719758,1.218920210579773,0.6712275682286775,0.08500222518914108,0.17960175627545363,0.18350258707996894
frozenset({'60 TEATIME FAIRY CAKE CASES'}),frozenset({'WHITE HANGING HEART T-LIGHT HOLDER'}),0.04033640454253268,0.11602742661238483,0.010874223269766446,0.2695883134130146,2.3234878276981332,1.0,0.0061940940519002695,1.2102388141106803,0.593554400982197,0.07474226804123713,0.17371680007236434,0.18165472919034847
frozenset({'PACK OF 60 DINOSAUR CAKE CASES'}),frozenset({'72 SWEETHEART FAIRY CAKE CASES'}),0.02914077565888151,0.029730019284336832,0.010927790872080565,0.375,12.613513513513514,1.0,0.010061435049781485,1.552431969145061,0.9483557713529022,0.22793296089385476,0.3558493899409264,0.3712837837837838
frozenset({'72 SWEETHEART FAIRY CAKE CASES'}),frozenset({'PACK OF 60 DINOSAUR CAKE CASES'}),0.029730019284336832,0.02914077565888151,0.010927790872080565,0.3675675675675676,12.613513513513514,1.0,0.010061435049781485,1.5351192863513412,0.948931706509137,0.22793296089385476,0.3485848240648506,0.3712837837837838
frozenset({'PACK OF 60 PINK PAISLEY CAKE CASES'}),frozenset({'72 SWEETHEART FAIRY CAKE CASES'}),0.04183629740732805,0.029730019284336832,0.012159845725305336,0.2906530089628681,9.776415083457337,1.0,0.010916051796600221,1.3678354782291207,0.9369098567635442,0.2046889089269612,0.26891792476778126,0.34983100898593855
frozenset({'72 SWEETHEART FAIRY CAKE CASES'}),frozenset({'PACK OF 60 PINK PAISLEY CAKE CASES'}),0.029730019284336832,0.04183629740732805,0.012159845725305336,0.40900900900900905,9.776415083457339,1.0,0.010916051796600221,1.621283094326015,0.9252198204565514,0.2046889089269612,0.38320457204562985,0.34983100898593855
frozenset({'72 SWEETHEART FAIRY CAKE CASES'}),frozenset({'PACK OF 72 RETROSPOT CAKE CASES'}),0.029730019284336832,0.06047782301264196,0.014463252624812514,0.4864864864864865,8.044047590548919,1.0,0.012665245780371958,1.8295958183438026,0.902516301980775,0.19094766619519096,0.4534311950356195,0.36281808823881456
frozenset({'PACK OF 72 RETROSPOT CAKE CASES'}),frozenset({'72 SWEETHEART FAIRY CAKE CASES'}),0.06047782301264196,0.029730019284336832,0.014463252624812514,0.23914968999114258,8.044047590548919,1.0,0.012665245780371958,1.275244247064009,0.9320530120176622,0.19094766619519096,0.21583649383065476,0.36281808823881456
frozenset({'ALARM CLOCK BAKELIKE GREEN'}),frozenset({'ALARM CLOCK BAKELIKE CHOCOLATE'}),0.04692521962716949,0.02035568887936576,0.013338332976215984,0.2842465753424658,13.963987022350397,1.0,0.012383137804889414,1.3686896595561013,0.9740969272774551,0.24726911618669314,0.26937418353527726,0.4697548666186013
frozenset({'ALARM CLOCK BAKELIKE CHOCOLATE'}),frozenset({'ALARM CLOCK BAKELIKE GREEN'}),0.02035568887936576,0.04692521962716949,0.013338332976215984,0.6552631578947368,13.963987022350395,1.0,0.012383137804889414,2.7646444010814926,0.9476778505096501,0.24726911618669314,0.638289828663385,0.4697548666186013
frozenset({'ALARM CLOCK BAKELIKE RED'}),frozenset({'ALARM CLOCK BAKELIKE CHOCOLATE'}),0.04981787015213199,0.02035568887936576,0.013606170987786586,0.2731182795698925,13.417294850028297,1.0,0.012592093922337146,1.3477355167783875,0.9739915107296672,0.24053030303030304,0.25801465677005425,0.4707696661007357
frozenset({'ALARM CLOCK BAKELIKE CHOCOLATE'}),frozenset({'ALARM CLOCK BAKELIKE RED'}),0.02035568887936576,0.04981787015213199,0.013606170987786586,0.6684210526315789,13.417294850028297,1.0,0.012592093922337146,2.8656286455729347,0.9446993338431122,0.24053030303030304,0.6510364308561458,0.4707696661007357
frozenset({'ALARM CLOCK BAKELIKE IVORY'}),frozenset({'ALARM CLOCK BAKELIKE GREEN'}),0.0280694236125991,0.04692521962716949,0.016391686308120847,0.5839694656488549,12.444682630973542,1.0,0.015074522440291577,2.2908769950246013,0.9462037901580386,0.27970749542961604,0.563485947882915,0.46664226707100276
frozenset({'ALARM CLOCK BAKELIKE GREEN'}),frozenset({'ALARM CLOCK BAKELIKE IVORY'}),0.04692521962716949,0.0280694236125991,0.016391686308120847,0.3493150684931507,12.444682630973544,1.0,0.015074522440291577,1.4937038331848478,0.9649236493158414,0.27970749542961604,0.330523241767534,0.46664226707100276
frozenset({'ALARM CLOCK BAKELIKE ORANGE'}),frozenset({'ALARM CLOCK BAKELIKE GREEN'}),0.02126633811870581,0.04692521962716949,0.012963359760017142,0.6095717884130982,12.990280988693742,1.0,0.011965432173131226,2.4411012116646047,0.943075125599842,0.2347235693501455,0.5903488166645525,0.4429137480878277
frozenset({'ALARM CLOCK BAKELIKE GREEN'}),frozenset({'ALARM CLOCK BAKELIKE ORANGE'}),0.04692521962716949,0.02126633811870581,0.012963359760017142,0.2762557077625571,12.990280988693742,1.0,0.011965432173131226,1.352319696858066,0.9684647942802782,0.2347235693501455,0.2605298862958467,0.4429137480878277
frozenset({'ALARM CLOCK BAKELIKE GREEN'}),frozenset({'ALARM CLOCK BAKELIKE PINK'}),0.04692521962716949,0.03514034711806299,0.01874866080994215,0.39954337899543385,11.369932620559085,1.0,0.01709969230365207,1.606876532176002,0.9569540082219936,0.296108291032149,0.37767465018247615,0.46653998218064385
frozenset({'ALARM CLOCK BAKELIKE PINK'}),frozenset({'ALARM CLOCK BAKELIKE GREEN'}),0.03514034711806299,0.04692521962716949,0.01874866080994215,0.5335365853658538,11.369932620559085,1.0,0.01709969230365207,2.043192993217572,0.9452656958852829,0.296108291032149,0.5105699738989298,0.46653998218064385
frozenset({'ALARM CLOCK BAKELIKE RED'}),frozenset({'ALARM CLOCK BAKELIKE GREEN'}),0.04981787015213199,0.04692521962716949,0.030158560102849796,0.6053763440860215,12.900873962782933,1.0,0.02782084560460319,2.4151486260128947,0.9708516322144689,0.4529364440868866,0.5859468070704726,0.624035204006481
frozenset({'ALARM CLOCK BAKELIKE GREEN'}),frozenset({'ALARM CLOCK BAKELIKE RED'}),0.04692521962716949,0.04981787015213199,0.030158560102849796,0.6426940639269406,12.900873962782933,1.0,0.02782084560460319,2.659295673312244,0.9679050276652568,0.4529364440868866,0.6239605809780204,0.624035204006481
frozenset({'ALARM CLOCK BAKELIKE GREEN'}),frozenset({'PACK OF 72 RETROSPOT CAKE CASES'}),0.04692521962716949,0.06047782301264196,0.011088493679022928,0.23630136986301373,3.9072400111627457,1.0,0.008250558551581619,1.230226348342191,0.7806993535606297,0.11512791991101225,0.18714145462128629,0.20982473276144487
frozenset({'ALARM CLOCK BAKELIKE GREEN'}),frozenset({'PARTY BUNTING'}),0.04692521962716949,0.08538675808870795,0.010820655667452325,0.23059360730593606,2.700578081045931,1.0,0.006813863290887713,1.1887258158965752,0.6607130137474179,0.0890652557319224,0.15876311708956392,0.17865941343966815
frozenset({'ALARM CLOCK BAKELIKE GREEN'}),frozenset({'REGENCY CAKESTAND 3 TIER'}),0.04692521962716949,0.0902614098992929,0.012320548532247696,0.2625570776255708,2.9088519436879263,1.0,0.008085012048865407,1.2336393265142716,0.6885312402252112,0.09867009867009868,0.1893903035455547,0.19952779697302278
frozenset({'ALARM CLOCK BAKELIKE IVORY'}),frozenset({'ALARM CLOCK BAKELIKE PINK'}),0.0280694236125991,0.03514034711806299,0.013284765373901865,0.4732824427480916,13.468348538447218,1.0,0.012298396084751178,1.831834993152663,0.9524876258747226,0.2660944206008584,0.4540993027549064,0.42566561161794825
frozenset({'ALARM CLOCK BAKELIKE PINK'}),frozenset({'ALARM CLOCK BAKELIKE IVORY'}),0.03514034711806299,0.0280694236125991,0.013284765373901865,0.37804878048780494,13.468348538447218,1.0,0.012298396084751178,1.562711907132684,0.9594678816273022,0.2660944206008584,0.3600867853916635,0.42566561161794825
frozenset({'ALARM CLOCK BAKELIKE IVORY'}),frozenset({'ALARM CLOCK BAKELIKE RED'}),0.0280694236125991,0.04981787015213199,0.018320119991429185,0.6526717557251909,13.101157350406305,1.0,0.016921761090651535,2.735689209012543,0.9503465453757851,0.30755395683453246,0.6344614012784904,0.510206845604531
frozenset({'ALARM CLOCK BAKELIKE RED'}),frozenset({'ALARM CLOCK BAKELIKE IVORY'}),0.04981787015213199,0.0280694236125991,0.018320119991429185,0.367741935483871,13.101157350406305,1.0,0.016921761090651535,1.53723713612293,0.972098755175231,0.30755395683453246,0.3494822779769017,0.510206845604531
frozenset({'ALARM CLOCK BAKELIKE ORANGE'}),frozenset({'ALARM CLOCK BAKELIKE RED'}),0.02126633811870581,0.04981787015213199,0.014195414613241912,0.6675062972292192,13.398932856639854,1.0,0.013135970942232891,2.8577447390121486,0.945473959661821,0.24952919020715636,0.6500737150002854,0.47622626689417946
frozenset({'ALARM CLOCK BAKELIKE RED'}),frozenset({'ALARM CLOCK BAKELIKE ORANGE'}),0.04981787015213199,0.02126633811870581,0.014195414613241912,0.2849462365591398,13.398932856639853,1.0,0.013135970942232891,1.368755346691133,0.9738840183211823,0.24952919020715636,0.26940924657030385,0.47622626689417946
frozenset({'ALARM CLOCK BAKELIKE RED'}),frozenset({'ALARM CLOCK BAKELIKE PINK'}),0.04981787015213199,0.03514034711806299,0.021052067709449326,0.42258064516129035,12.025511408339892,1.0,0.01930145045962082,1.6709859910245837,0.9649133830074562,0.32942162615255666,0.4015509373679196,0.5108330055074746
frozenset({'ALARM CLOCK BAKELIKE PINK'}),frozenset({'ALARM CLOCK BAKELIKE RED'}),0.03514034711806299,0.04981787015213199,0.021052067709449326,0.5990853658536587,12.025511408339893,1.0,0.01930145045962082,2.3700360349057097,0.9502350426263746,0.32942162615255666,0.5780654870761134,0.5108330055074746
frozenset({'ALARM CLOCK BAKELIKE RED'}),frozenset({'PACK OF 72 RETROSPOT CAKE CASES'}),0.04981787015213199,0.06047782301264196,0.010874223269766446,0.21827956989247313,3.6092497880891834,1.0,0.00786134693583903,1.2018646830787387,0.760837410652147,0.10937500000000001,0.16795957641557036,0.199042353591055
frozenset({'ALARM CLOCK BAKELIKE RED'}),frozenset({'PARTY BUNTING'}),0.04981787015213199,0.08538675808870795,0.01162416970216413,0.23333333333333334,2.732664157256378,1.0,0.007370383274989373,1.1929737937973375,0.6673002271153133,0.09406155179887299,0.16175861934325098,0.1847344207444584
frozenset({'ALARM CLOCK BAKELIKE RED'}),frozenset({'REGENCY CAKESTAND 3 TIER'}),0.04981787015213199,0.0902614098992929,0.013016927362331262,0.26129032258064516,2.894817651000287,1.0,0.008520296164219926,1.2315238555948436,0.6888732984497257,0.10244519392917369,0.18799786503771324,0.2027519862161386
frozenset({'PAINTED METAL PEARS ASSORTED'}),frozenset({'ASSORTED COLOUR BIRD ORNAMENT'}),0.01874866080994215,0.0734411827726591,0.013070494964645383,0.6971428571428571,9.492533083255182,1.0,0.01169357113935983,3.059392321033672,0.9117480969180186,0.16519972918077183,0.67313770348285,0.43755757007398144
frozenset({'ASSORTED COLOUR BIRD ORNAMENT'}),frozenset({'WHITE HANGING HEART T-LIGHT HOLDER'}),0.0734411827726591,0.11602742661238483,0.016338118705806728,0.22246535375638218,1.9173514422549136,1.0,0.007816927261325284,1.136891555454428,0.5163700328968257,0.09436881188118812,0.12040863070683207,0.18163895573322342
frozenset({'BAKING SET 9 PIECE RETROSPOT'}),frozenset({'BAKING SET SPACEBOY DESIGN'}),0.04226483822584101,0.02153417613027641,0.015106063852581958,0.3574144486692015,16.597544596409588,1.0,0.014195925382109058,1.5227012525309898,0.9812212830219216,0.31023102310231015,0.3432723599998168,0.5294534929913172
frozenset({'BAKING SET SPACEBOY DESIGN'}),frozenset({'BAKING SET 9 PIECE RETROSPOT'}),0.02153417613027641,0.04226483822584101,0.015106063852581958,0.7014925373134328,16.597544596409584,1.0,0.014195925382109058,3.2084127919434318,0.9604322412760832,0.31023102310231015,0.6883194074929897,0.5294534929913172
frozenset({'BAKING SET 9 PIECE RETROSPOT'}),frozenset({'RETROSPOT TEA SET CERAMIC 11 PC'}),0.04226483822584101,0.0435504606813799,0.011249196485965288,0.2661596958174905,6.1115242331130535,1.0,0.009408543310605918,1.3033483359626792,0.873283900505781,0.1508620689655172,0.23274540473373914,0.2622311394216604
frozenset({'RETROSPOT TEA SET CERAMIC 11 PC'}),frozenset({'BAKING SET 9 PIECE RETROSPOT'}),0.0435504606813799,0.04226483822584101,0.011249196485965288,0.25830258302583026,6.1115242331130535,1.0,0.009408543310605918,1.2912747703522243,0.8744577349281913,0.1508620689655172,0.22557148721551537,0.2622311394216604
frozenset({'BATHROOM METAL SIGN'}),frozenset({'JUMBO BAG RED RETROSPOT'}),0.03508677951574887,0.10381401328476537,0.013016927362331262,0.3709923664122137,3.573625127029518,1.0,0.009374427967563674,1.4247617021807732,0.7463594537004482,0.10340425531914892,0.29812824244968356,0.24818968165811925
frozenset({'KITCHEN METAL SIGN'}),frozenset({'BATHROOM METAL SIGN'}),0.016177415898864365,0.03508677951574887,0.011677737304478252,0.7218543046357617,20.573398715939543,1.0,0.011110123879700227,3.469092768883857,0.9670377152836264,0.29499323410013534,0.7117401964659079,0.5273393660583389
frozenset({'BATHROOM METAL SIGN'}),frozenset({'KITCHEN METAL SIGN'}),0.03508677951574887,0.016177415898864365,0.011677737304478252,0.33282442748091606,20.573398715939543,1.0,0.011110123879700227,1.4746082210211529,0.9859887125353402,0.29499323410013534,0.3218537739417261,0.5273393660583389
frozenset({'TOILET METAL SIGN'}),frozenset({'BATHROOM METAL SIGN'}),0.021159202914077566,0.03508677951574887,0.015481037068780802,0.7316455696202532,20.85245724224563,1.0,0.01473862878140557,3.59566718954037,0.9726239689961762,0.37976346911957953,0.7218874975668066,0.5864334718330274
frozenset({'BATHROOM METAL SIGN'}),frozenset({'TOILET METAL SIGN'}),0.03508677951574887,0.021159202914077566,0.015481037068780802,0.4412213740458016,20.85245724224563,1.0,0.01473862878140557,1.7517506068067736,0.9866628426951162,0.37976346911957953,0.42914248403037397,0.5864334718330274
frozenset({'BATHROOM METAL SIGN'}),frozenset({'WHITE HANGING HEART T-LIGHT HOLDER'}),0.03508677951574887,0.11602742661238483,0.013231197771587743,0.3770992366412214,3.2500870496852823,1.0,0.009160169036259264,1.4191226361982547,0.7174903595266667,0.09595959595959595,0.2953392649144541,0.24556716218025984
frozenset({'BLUE HAPPY BIRTHDAY BUNTING'}),frozenset({'PINK HAPPY BIRTHDAY BUNTING'}),0.018052281979858583,0.01901649882151275,0.011999142918362973,0.6646884272997031,34.953249467129176,1.0,0.011655851719367376,2.9255879636915934,0.9892485504648644,0.47863247863247854,0.6581883667793839,0.6478371713963305
frozenset({'PINK HAPPY BIRTHDAY BUNTING'}),frozenset({'BLUE HAPPY BIRTHDAY BUNTING'}),0.01901649882151275,0.018052281979858583,0.011999142918362973,0.6309859154929577,34.953249467129176,1.0,0.011655851719367376,2.6610033579935126,0.9902208910921985,0.47863247863247854,0.6242019022651538,0.6478371713963305
frozenset({'BLUE HARMONICA IN BOX'}),frozenset({'RED HARMONICA IN BOX'}),0.027480179987143777,0.029622884079708593,0.014356117420184273,0.5224171539961013,17.635593907412694,1.0,0.013542075233935585,2.031850859049426,0.9699509201445267,0.3358395989974937,0.5078378929505504,0.5035232243759892
frozenset({'RED HARMONICA IN BOX'}),frozenset({'BLUE HARMONICA IN BOX'}),0.029622884079708593,0.027480179987143777,0.014356117420184273,0.484629294755877,17.635593907412694,1.0,0.013542075233935585,1.8870296858495068,0.9720926831478819,0.3358395989974937,0.4700666303774559,0.5035232243759892
frozenset({'BLUE STRIPE CERAMIC DRAWER KNOB'}),frozenset({'BLUE SPOT CERAMIC DRAWER KNOB'}),0.020623526890936363,0.018480822798371543,0.01039211484893936,0.5038961038961038,27.265891210239037,1.0,0.010010975102990516,1.9784548859823399,0.9836096401874086,0.3619402985074627,0.4945550656296712,0.533107472237907
frozenset({'BLUE SPOT CERAMIC DRAWER KNOB'}),frozenset({'BLUE STRIPE CERAMIC DRAWER KNOB'}),0.018480822798371543,0.020623526890936363,0.01039211484893936,0.5623188405797102,27.265891210239037,1.0,0.010010975102990516,2.2376482332624303,0.9814623725124921,0.3619402985074627,0.5531022324532094,0.533107472237907
frozenset({'RED SPOT CERAMIC DRAWER KNOB'}),frozenset({'BLUE SPOT CERAMIC DRAWER KNOB'}),0.01773087636597386,0.018480822798371543,0.01007070923505464,0.56797583081571,30.73325452077587,1.0,0.009743028050875242,2.2719080255506228,0.9849255487393815,0.38524590163934436,0.559841336553385,0.5564516835237971
frozenset({'BLUE SPOT CERAMIC DRAWER KNOB'}),frozenset({'RED SPOT CERAMIC DRAWER KNOB'}),0.018480822798371543,0.01773087636597386,0.01007070923505464,0.5449275362318842,30.733254520775873,1.0,0.009743028050875242,2.158489475501523,0.9856780978679277,0.38524590163934436,0.5367130526463878,0.5564516835237971
frozenset({'RED STRIPE CERAMIC DRAWER KNOB'}),frozenset({'BLUE SPOT CERAMIC DRAWER KNOB'}),0.020623526890936363,0.018480822798371543,0.01007070923505464,0.4883116883116883,26.422616224355355,1.0,0.009689569489105794,1.9181973767646037,0.9824144857273529,0.34686346863468637,0.478677214288195,0.5166196122717862
frozenset({'BLUE SPOT CERAMIC DRAWER KNOB'}),frozenset({'RED STRIPE CERAMIC DRAWER KNOB'}),0.018480822798371543,0.020623526890936363,0.01007070923505464,0.5449275362318842,26.42261622435536,1.0,0.009689569489105794,2.15213301415686,0.9802698271327397,0.34686346863468637,0.5353447052659199,0.5166196122717862
frozenset({'WHITE SPOT BLUE CERAMIC DRAWER KNOB'}),frozenset({'BLUE SPOT CERAMIC DRAWER KNOB'}),0.01767730876365974,0.018480822798371543,0.010017141632740518,0.5666666666666667,30.6624154589372,1.0,0.009690450421927222,2.265044255080681,0.9847953141339423,0.3831967213114755,0.5585075224217286,0.5543478260869565
frozenset({'BLUE SPOT CERAMIC DRAWER KNOB'}),frozenset({'WHITE SPOT BLUE CERAMIC DRAWER KNOB'}),0.018480822798371543,0.01767730876365974,0.010017141632740518,0.5420289855072464,30.6624154589372,1.0,0.009690450421927222,2.1449451169401104,0.9856015101559915,0.3831967213114755,0.5337876050523108,0.5543478260869565
frozenset({'BLUE STRIPE CERAMIC DRAWER KNOB'}),frozenset({'RED STRIPE CERAMIC DRAWER KNOB'}),0.020623526890936363,0.020623526890936363,0.011945575316048854,0.5792207792207792,28.08543767920391,1.0,0.011520245454627678,2.3275305070801817,0.9847023957416885,0.40767824497257765,0.5703600889620689,0.5792207792207792
frozenset({'RED STRIPE CERAMIC DRAWER KNOB'}),frozenset({'BLUE STRIPE CERAMIC DRAWER KNOB'}),0.020623526890936363,0.020623526890936363,0.011945575316048854,0.5792207792207792,28.08543767920391,1.0,0.011520245454627678,2.3275305070801817,0.9847023957416885,0.40767824497257765,0.5703600889620689,0.5792207792207792
frozenset({'BOX OF 24 COCKTAIL PARASOLS'}),frozenset({'PACK OF 72 RETROSPOT CAKE CASES'}),0.029676451682022712,0.06047782301264196,0.011731304906792372,0.3953068592057762,6.536393664883462,1.0,0.009936537714323781,1.553717271794019,0.8729154724290553,0.14959016393442623,0.35638225940209983,0.2946419149881848
frozenset({'BOX OF 24 COCKTAIL PARASOLS'}),frozenset({'PARTY BUNTING'}),0.029676451682022712,0.08538675808870795,0.01007070923505464,0.3393501805054152,3.974271750109844,1.0,0.007536733234350536,1.3844145792864913,0.7712701354776721,0.09591836734693879,0.2776730215342094,0.2286462320343889
frozenset({'BOX OF 24 COCKTAIL PARASOLS'}),frozenset({'REGENCY CAKESTAND 3 TIER'}),0.029676451682022712,0.0902614098992929,0.011142061281337047,0.37545126353790614,4.15959892446625,1.0,0.008463422911709435,1.4566334650745427,0.7828236340781886,0.10241260462826195,0.3134854965392235,0.24944670001821123
"frozenset({""BOX OF 6 MINI 50'S CRACKERS""})","frozenset({""PAPER CHAIN KIT 50'S CHRISTMAS""})",0.01933790443539747,0.06026355260338547,0.01017784443968288,0.5263157894736843,8.73356725146199,1.0,0.009012473618501063,1.9838880556150755,0.9029606161577539,0.14660493827160495,0.49593930102575035,0.3476023391812866
frozenset({'CANDLEHOLDER PINK HANGING HEART'}),frozenset({'WHITE HANGING HEART T-LIGHT HOLDER'}),0.019927148060852797,0.11602742661238483,0.01414184701092779,0.7096774193548386,6.116462633663955,1.0,0.011829751301703067,3.0447944194462293,0.853514926263068,0.11609498680738786,0.6715706014129273,0.415780537932267
frozenset({'CHARLOTTE BAG APPLES DESIGN'}),frozenset({'CHARLOTTE BAG PINK POLKADOT'}),0.026515963145489607,0.036104563959717166,0.012213413327619455,0.46060606060606063,12.757557773581512,1.0,0.011256066040279622,1.7869971567038954,0.9467182372924553,0.2422954303931987,0.44040201952839503,0.3994424961784012
frozenset({'CHARLOTTE BAG PINK POLKADOT'}),frozenset({'CHARLOTTE BAG APPLES DESIGN'}),0.036104563959717166,0.026515963145489607,0.012213413327619455,0.3382789317507418,12.757557773581512,1.0,0.011256066040279622,1.47113955345278,0.9561359634498048,0.2422954303931987,0.3202548339802371,0.3994424961784012
frozenset({'CHARLOTTE BAG SUKI DESIGN'}),frozenset({'CHARLOTTE BAG APPLES DESIGN'}),0.04306835226055282,0.026515963145489607,0.014945361045639597,0.34701492537313433,13.087019448213479,1.0,0.013803362204361815,1.4908212678686215,0.9651560897389597,0.27352941176470585,0.32922878043612347,0.455325644504749
frozenset({'CHARLOTTE BAG APPLES DESIGN'}),frozenset({'CHARLOTTE BAG SUKI DESIGN'}),0.026515963145489607,0.04306835226055282,0.014945361045639597,0.5636363636363637,13.087019448213479,1.0,0.013803362204361815,2.1929683594029004,0.9487453027621624,0.27352941176470585,0.5439970687619591,0.455325644504749
frozenset({'CHARLOTTE BAG APPLES DESIGN'}),frozenset({'CHARLOTTE BAG VINTAGE ALPHABET'}),0.026515963145489607,0.02174844653953289,0.011570602099850011,0.4363636363636364,20.064128974473803,1.0,0.010993921092936107,1.735607594849216,0.9760404629578681,0.31532846715328466,0.4238328969245627,0.484191670398567
frozenset({'CHARLOTTE BAG VINTAGE ALPHABET'}),frozenset({'CHARLOTTE BAG APPLES DESIGN'}),0.02174844653953289,0.026515963145489607,0.011570602099850011,0.5320197044334976,20.064128974473803,1.0,0.010993921092936107,2.0801816787522696,0.9712837221187895,0.31532846715328466,0.519272758617979,0.484191670398567
frozenset({'JUMBO BAG APPLES'}),frozenset({'CHARLOTTE BAG APPLES DESIGN'}),0.04740732804799657,0.026515963145489607,0.010606385258195843,0.22372881355932203,8.437514124293786,1.0,0.00934933429484903,1.2540514885243692,0.9253500534218072,0.16751269035532998,0.20258457555304155,0.31186440677966104
frozenset({'CHARLOTTE BAG APPLES DESIGN'}),frozenset({'JUMBO BAG APPLES'}),0.026515963145489607,0.04740732804799657,0.010606385258195843,0.4,8.437514124293786,1.0,0.00934933429484903,1.5876544532533392,0.9054916634567766,0.16751269035532998,0.3701400213687229,0.31186440677966104
frozenset({'CHARLOTTE BAG APPLES DESIGN'}),frozenset({'LUNCH BAG APPLE DESIGN'}),0.026515963145489607,0.04901435611742019,0.013391900578530106,0.5050505050505051,10.304134238560469,1.0,0.012092237718120688,1.9213791580484776,0.9275463599845926,0.21551724137931036,0.47954051868883174,0.389137274383176
frozenset({'LUNCH BAG APPLE DESIGN'}),frozenset({'CHARLOTTE BAG APPLES DESIGN'}),0.04901435611742019,0.026515963145489607,0.013391900578530106,0.273224043715847,10.30413423856047,1.0,0.012092237718120688,1.339455479281018,0.9494902270038866,0.21551724137931036,0.2534279672089051,0.389137274383176
frozenset({'CHARLOTTE BAG APPLES DESIGN'}),frozenset({'LUNCH BAG BLACK SKULL.'}),0.026515963145489607,0.06513820441397043,0.01017784443968288,0.38383838383838387,5.892676767676768,1.0,0.008450642212078672,1.517234717426507,0.8529136631266164,0.12491781722550953,0.3409061969685394,0.27004419191919193
frozenset({'CHARLOTTE BAG APPLES DESIGN'}),frozenset({'LUNCH BAG RED RETROSPOT'}),0.026515963145489607,0.07456610242125562,0.010981358474394687,0.4141414141414142,5.554017183327529,1.0,0.00900416645068987,1.579619928625788,0.842284117553111,0.12187871581450654,0.36693632317619357,0.2807057645419715
frozenset({'CHARLOTTE BAG APPLES DESIGN'}),frozenset({'LUNCH BAG SUKI DESIGN'}),0.026515963145489607,0.06433469037925862,0.01012427683736876,0.38181818181818183,5.934872454772538,1.0,0.008418380558295854,1.5135762361511993,0.8541530737645856,0.12541473125414732,0.3393130943025029,0.26959352055105595
frozenset({'CHARLOTTE BAG APPLES DESIGN'}),frozenset({'RED RETROSPOT CHARLOTTE BAG'}),0.026515963145489607,0.04847868009427898,0.015641739875723162,0.5898989898989899,12.168214744126347,1.0,0.014356280981001281,2.3202120854843935,0.9428184141911568,0.26353790613718414,0.5690049171555673,0.4562754618003237
frozenset({'RED RETROSPOT CHARLOTTE BAG'}),frozenset({'CHARLOTTE BAG APPLES DESIGN'}),0.04847868009427898,0.026515963145489607,0.015641739875723162,0.32265193370165746,12.168214744126347,1.0,0.014356280981001281,1.4371991082436082,0.9645802533972804,0.26353790613718414,0.30420218446830694,0.4562754618003237
frozenset({'STRAWBERRY CHARLOTTE BAG'}),frozenset({'CHARLOTTE BAG APPLES DESIGN'}),0.03605099635740304,0.026515963145489607,0.012963359760017142,0.3595839524517088,13.561036816906062,1.0,0.012007432869246062,1.5200806422345372,0.9609007552602996,0.2613390928725702,0.34214016532044794,0.4242364206702989
frozenset({'CHARLOTTE BAG APPLES DESIGN'}),frozenset({'STRAWBERRY CHARLOTTE BAG'}),0.026515963145489607,0.03605099635740304,0.012963359760017142,0.48888888888888893,13.56103681690606,1.0,0.012007432869246062,1.8859871810398638,0.9514889721514935,0.2613390928725702,0.46977370257170203,0.4242364206702989
frozenset({'CHARLOTTE BAG APPLES DESIGN'}),frozenset({'WOODLAND CHARLOTTE BAG'}),0.026515963145489607,0.03658667238054425,0.013552603385472466,0.5111111111111112,13.969871482023752,1.0,0.012582472529013853,1.9706181701307053,0.9537058081865357,0.2735135135135135,0.49254502208630657,0.4407678542378396
frozenset({'WOODLAND CHARLOTTE BAG'}),frozenset({'CHARLOTTE BAG APPLES DESIGN'}),0.03658667238054425,0.026515963145489607,0.013552603385472466,0.37042459736456806,13.969871482023752,1.0,0.012582472529013853,1.546254877143327,0.9636750432123388,0.2735135135135135,0.3532760900017475,0.4407678542378396
frozenset({'CHARLOTTE BAG SUKI DESIGN'}),frozenset({'CHARLOTTE BAG DOLLY GIRL DESIGN'}),0.04306835226055282,0.018427255196057424,0.011142061281337047,0.25870646766169153,14.039338192757144,1.0,0.010348429763358143,1.3241350450039762,0.9705725309173585,0.22127659574468084,0.2447900206455172,0.43167881522619467
frozenset({'CHARLOTTE BAG DOLLY GIRL DESIGN'}),frozenset({'CHARLOTTE BAG SUKI DESIGN'}),0.018427255196057424,0.04306835226055282,0.011142061281337047,0.6046511627906977,14.039338192757146,1.0,0.010348429763358143,2.4204741678115433,0.9462075798028646,0.22127659574468084,0.5868578093918912,0.43167881522619467
frozenset({'CHARLOTTE BAG DOLLY GIRL DESIGN'}),frozenset({'RED RETROSPOT CHARLOTTE BAG'}),0.018427255196057424,0.04847868009427898,0.011034926076708806,0.5988372093023256,12.352588975973278,1.0,0.010141597067043498,2.3719082177360007,0.9362987264831734,0.19750719079578144,0.578398526333154,0.4132307593472954
frozenset({'RED RETROSPOT CHARLOTTE BAG'}),frozenset({'CHARLOTTE BAG DOLLY GIRL DESIGN'}),0.04847868009427898,0.018427255196057424,0.011034926076708806,0.22762430939226522,12.352588975973276,1.0,0.010141597067043498,1.2708488326860774,0.9658693837796357,0.19750719079578144,0.21312435100058977,0.4132307593472954
frozenset({'CHARLOTTE BAG SUKI DESIGN'}),frozenset({'CHARLOTTE BAG PINK POLKADOT'}),0.04306835226055282,0.036104563959717166,0.020569959288622243,0.47761194029850745,13.228575224766374,1.0,0.019014995209791483,1.845171263277113,0.966010551948052,0.35100548446069474,0.4580448872675635,0.5236724389919837
frozenset({'CHARLOTTE BAG PINK POLKADOT'}),frozenset({'CHARLOTTE BAG SUKI DESIGN'}),0.036104563959717166,0.04306835226055282,0.020569959288622243,0.56973293768546,13.228575224766375,1.0,0.019014995209791483,2.2240411399185773,0.959031482716461,0.35100548446069474,0.5503680295965162,0.5236724389919837
frozenset({'CHARLOTTE BAG VINTAGE ALPHABET'}),frozenset({'CHARLOTTE BAG PINK POLKADOT'}),0.02174844653953289,0.036104563959717166,0.010445682451253482,0.480295566502463,13.30290450366169,1.0,0.009660464272142427,1.854699275034857,0.9453891926348392,0.22033898305084745,0.4608290338706224,0.3848065369604303
frozenset({'CHARLOTTE BAG PINK POLKADOT'}),frozenset({'CHARLOTTE BAG VINTAGE ALPHABET'}),0.036104563959717166,0.02174844653953289,0.010445682451253482,0.2893175074183976,13.302904503661692,1.0,0.009660464272142427,1.3764959228232876,0.9594696807767832,0.22033898305084745,0.27351764475340307,0.3848065369604303
frozenset({'CHARLOTTE BAG PINK POLKADOT'}),frozenset({'JUMBO BAG PINK POLKADOT'}),0.036104563959717166,0.062084851082065566,0.010981358474394687,0.30415430267062316,4.899009941548916,1.0,0.008739811997572735,1.3478780604918716,0.8256882375425955,0.12592137592137592,0.25809312480753854,0.2405154602222831
frozenset({'CHARLOTTE BAG PINK POLKADOT'}),frozenset({'JUMBO BAG RED RETROSPOT'}),0.036104563959717166,0.10381401328476537,0.01403471180629955,0.38872403560830854,3.7444273976965445,1.0,0.01028655212374481,1.466090667587544,0.7603900197436465,0.11148936170212767,0.31791394481386154,0.2619574770404804
frozenset({'CHARLOTTE BAG PINK POLKADOT'}),frozenset({'JUMBO STORAGE BAG SUKI'}),0.036104563959717166,0.06053139061495608,0.011034926076708806,0.30563798219584565,5.049247656311546,1.0,0.0088494666126805,1.3529953904391445,0.8319893038779916,0.12891113892365455,0.2608991818697711,0.24396943357579892
frozenset({'CHARLOTTE BAG PINK POLKADOT'}),frozenset({'LUNCH BAG APPLE DESIGN'}),0.036104563959717166,0.04901435611742019,0.010338547246625241,0.2863501483679525,5.842168928669876,1.0,0.008568905291239489,1.3325661621140514,0.8598761475471673,0.13825214899713464,0.2495682177509681,0.24863955505829316
frozenset({'LUNCH BAG APPLE DESIGN'}),frozenset({'CHARLOTTE BAG PINK POLKADOT'}),0.04901435611742019,0.036104563959717166,0.010338547246625241,0.21092896174863388,5.842168928669877,1.0,0.008568905291239489,1.2215572354250122,0.8715491127676298,0.13825214899713464,0.18137278303453913,0.24863955505829316
frozenset({'CHARLOTTE BAG PINK POLKADOT'}),frozenset({'LUNCH BAG BLACK SKULL.'}),0.036104563959717166,0.06513820441397043,0.014195414613241912,0.39317507418397624,6.036013392159925,1.0,0.011843628145756586,1.5405790959046062,0.8655790924018698,0.1630769230769231,0.35089343828022396,0.3055513528814618
frozenset({'LUNCH BAG BLACK SKULL.'}),frozenset({'CHARLOTTE BAG PINK POLKADOT'}),0.06513820441397043,0.036104563959717166,0.014195414613241912,0.21792763157894737,6.036013392159925,1.0,0.011843628145756586,1.2324888014984057,0.8924610467957395,0.1630769230769231,0.18863360155139433,0.3055513528814618
frozenset({'LUNCH BAG CARS BLUE'}),frozenset({'CHARLOTTE BAG PINK POLKADOT'}),0.057049496464538246,0.036104563959717166,0.01280265695307478,0.2244131455399061,6.215644808514788,1.0,0.0107429097591012,1.2427949629332944,0.8898830244084013,0.1593333333333333,0.19536204295537218,0.289506276034048
frozenset({'CHARLOTTE BAG PINK POLKADOT'}),frozenset({'LUNCH BAG CARS BLUE'}),0.036104563959717166,0.057049496464538246,0.01280265695307478,0.3545994065281899,6.215644808514788,1.0,0.0107429097591012,1.461031354903221,0.8705463420396292,0.1593333333333333,0.3155519923347298,0.289506276034048
frozenset({'CHARLOTTE BAG PINK POLKADOT'}),frozenset({'LUNCH BAG PINK POLKADOT'}),0.036104563959717166,0.05388900792800514,0.012374116134561818,0.3427299703264095,6.359923544784705,1.0,0.01042847700109945,1.4394555500147281,0.8743328103114699,0.15942028985507248,0.3052928935598127,0.286176118364
frozenset({'LUNCH BAG PINK POLKADOT'}),frozenset({'CHARLOTTE BAG PINK POLKADOT'}),0.05388900792800514,0.036104563959717166,0.012374116134561818,0.22962226640159047,6.359923544784704,1.0,0.01042847700109945,1.2511984627826123,0.890768009780579,0.15942028985507248,0.2007662814929916,0.286176118364
frozenset({'CHARLOTTE BAG PINK POLKADOT'}),frozenset({'LUNCH BAG RED RETROSPOT'}),0.036104563959717166,0.07456610242125562,0.01542746946646668,0.4272997032640949,5.730481940038882,1.0,0.012735292852371636,1.6159130750468227,0.8564151013300729,0.16197975253093364,0.38115483101031045,0.3170981274941164
frozenset({'LUNCH BAG RED RETROSPOT'}),frozenset({'CHARLOTTE BAG PINK POLKADOT'}),0.07456610242125562,0.036104563959717166,0.01542746946646668,0.20689655172413793,5.7304819400388824,1.0,0.012735292852371636,1.215346419355139,0.8920081809060739,0.16197975253093364,0.17718933130967027,0.3170981274941164
frozenset({'CHARLOTTE BAG PINK POLKADOT'}),frozenset({'LUNCH BAG SPACEBOY DESIGN'}),0.036104563959717166,0.055603171202056996,0.01146346689522177,0.3175074183976261,5.710239389833221,1.0,0.009455938644194,1.3837466578474207,0.8557733159235841,0.14285714285714285,0.277324361125745,0.26183656083657797
frozenset({'LUNCH BAG SPACEBOY DESIGN'}),frozenset({'CHARLOTTE BAG PINK POLKADOT'}),0.055603171202056996,0.036104563959717166,0.01146346689522177,0.20616570327552988,5.710239389833222,1.0,0.009455938644194,1.2142275031672494,0.8734421467231409,0.14285714285714285,0.17643110752181793,0.26183656083657797
frozenset({'CHARLOTTE BAG PINK POLKADOT'}),frozenset({'LUNCH BAG SUKI DESIGN'}),0.036104563959717166,0.06433469037925862,0.01274908935076066,0.35311572700296734,5.4887297183109025,1.0,0.010426313407134116,1.446418391477935,0.8484410769976546,0.1453879047037263,0.3086371095031427,0.27564196008766184
frozenset({'CHARLOTTE BAG PINK POLKADOT'}),frozenset({'LUNCH BAG WOODLAND'}),0.036104563959717166,0.04665738161559889,0.01007070923505464,0.27893175074183973,5.978298418884804,1.0,0.008386164816321318,1.3221253596524412,0.8639197699469563,0.13854089904200442,0.243642070171864,0.24738780418837109
frozenset({'LUNCH BAG WOODLAND'}),frozenset({'CHARLOTTE BAG PINK POLKADOT'}),0.04665738161559889,0.036104563959717166,0.01007070923505464,0.2158438576349024,5.978298418884804,1.0,0.008386164816321318,1.2292136526955877,0.8734827409352999,0.13854089904200442,0.18647177583240848,0.24738780418837109
frozenset({'CHARLOTTE BAG PINK POLKADOT'}),frozenset({'PACK OF 72 RETROSPOT CAKE CASES'}),0.036104563959717166,0.06047782301264196,0.013177630169273624,0.3649851632047478,6.035024824363358,1.0,0.010994104740169238,1.4795279142277555,0.8655509379368552,0.15799614643545276,0.3241087306406426,0.29143855148722775
frozenset({'PACK OF 72 RETROSPOT CAKE CASES'}),frozenset({'CHARLOTTE BAG PINK POLKADOT'}),0.06047782301264196,0.036104563959717166,0.013177630169273624,0.2178919397697077,6.035024824363357,1.0,0.010994104740169238,1.2324325563867262,0.8880052213487526,0.15799614643545276,0.18859657283655124,0.29143855148722775
frozenset({'CHARLOTTE BAG PINK POLKADOT'}),frozenset({'PARTY BUNTING'}),0.036104563959717166,0.08538675808870795,0.011409899292907649,0.31602373887240354,3.701086045966141,1.0,0.008327047624180996,1.3372002712542534,0.7571454438907909,0.10364963503649634,0.2521688624382119,0.2248249183697024
frozenset({'CHARLOTTE BAG PINK POLKADOT'}),frozenset({'RED RETROSPOT CHARLOTTE BAG'}),0.036104563959717166,0.04847868009427898,0.025658881508463682,0.7106824925816023,14.659691460235749,1.0,0.02390857990231712,3.288848049315158,0.9666875736588605,0.4354545454545455,0.6959421703267101,0.6199821302687017
frozenset({'RED RETROSPOT CHARLOTTE BAG'}),frozenset({'CHARLOTTE BAG PINK POLKADOT'}),0.04847868009427898,0.036104563959717166,0.025658881508463682,0.5292817679558012,14.65969146023575,1.0,0.02390857990231712,2.047712135249897,0.9792589202509451,0.4354545454545455,0.5116501080470655,0.6199821302687017
frozenset({'CHARLOTTE BAG PINK POLKADOT'}),frozenset({'REGENCY CAKESTAND 3 TIER'}),0.036104563959717166,0.0902614098992929,0.010927790872080565,0.30267062314540055,3.353267176782396,1.0,0.0076689420252772965,1.3046038504848438,0.7280700320586165,0.09466357308584686,0.2334837892526843,0.2118694362017804
frozenset({'STRAWBERRY CHARLOTTE BAG'}),frozenset({'CHARLOTTE BAG PINK POLKADOT'}),0.03605099635740304,0.036104563959717166,0.01939147203771159,0.537890044576523,14.89811773316696,1.0,0.0180898665339142,2.0858573262222198,0.9677663684970809,0.36751269035532996,0.5205808242833462,0.5374910163535433
frozenset({'CHARLOTTE BAG PINK POLKADOT'}),frozenset({'STRAWBERRY CHARLOTTE BAG'}),0.036104563959717166,0.03605099635740304,0.01939147203771159,0.5370919881305637,14.89811773316696,1.0,0.0180898665339142,2.0823770142791993,0.9678201512229061,0.36751269035532996,0.5197795629019929,0.5374910163535433
frozenset({'CHARLOTTE BAG PINK POLKADOT'}),frozenset({'WOODLAND CHARLOTTE BAG'}),0.036104563959717166,0.03658667238054425,0.01912363402614099,0.529673590504451,14.477227800200717,1.0,0.017802688173104413,2.0483930057271706,0.9657956324688373,0.35699999999999993,0.5118124318897465,0.5261837937880967
frozenset({'WOODLAND CHARLOTTE BAG'}),frozenset({'CHARLOTTE BAG PINK POLKADOT'}),0.03658667238054425,0.036104563959717166,0.01912363402614099,0.5226939970717422,14.477227800200717,1.0,0.017802688173104413,2.0194496405383835,0.966278933035544,0.35699999999999993,0.5048155794895679,0.5261837937880967
frozenset({'CHARLOTTE BAG SUKI DESIGN'}),frozenset({'CHARLOTTE BAG VINTAGE ALPHABET'}),0.04306835226055282,0.02174844653953289,0.012427683736875937,0.2885572139303482,13.267945984363893,1.0,0.011491013980191533,1.3750249108080692,0.9662449619346171,0.23721881390593044,0.27274044845316725,0.42999289267945984
frozenset({'CHARLOTTE BAG VINTAGE ALPHABET'}),frozenset({'CHARLOTTE BAG SUKI DESIGN'}),0.02174844653953289,0.04306835226055282,0.012427683736875937,0.5714285714285714,13.267945984363893,1.0,0.011491013980191533,2.2328405113920433,0.9451867265359764,0.23721881390593044,0.5521399782483526,0.42999289267945984
frozenset({'CHARLOTTE BAG SUKI DESIGN'}),frozenset({'JUMBO BAG PINK POLKADOT'}),0.04306835226055282,0.062084851082065566,0.010017141632740518,0.23258706467661688,3.746277241918105,1.0,0.007343249396294155,1.2221779250081348,0.7660613404666512,0.1052927927927928,0.1817885272364546,0.19696652629861905
frozenset({'CHARLOTTE BAG SUKI DESIGN'}),frozenset({'JUMBO BAG PINK VINTAGE PAISLEY'}),0.04306835226055282,0.04365759588600814,0.010231412041997,0.23756218905472634,5.441485822421633,1.0,0.00835115132352954,1.254321848136459,0.8529623472754001,0.13375350140056022,0.20275645243228765,0.23595900863779262
frozenset({'JUMBO BAG PINK VINTAGE PAISLEY'}),frozenset({'CHARLOTTE BAG SUKI DESIGN'}),0.04365759588600814,0.04306835226055282,0.010231412041997,0.2343558282208589,5.441485822421634,1.0,0.00835115132352954,1.2498386104289254,0.8534878940081638,0.13375350140056022,0.1998966973369343,0.23595900863779262
frozenset({'CHARLOTTE BAG SUKI DESIGN'}),frozenset({'JUMBO BAG RED RETROSPOT'}),0.04306835226055282,0.10381401328476537,0.01644525391043497,0.3818407960199005,3.6781238287407136,1.0,0.011974155416704985,1.4497656606017075,0.7608926510981998,0.12607802874743326,0.31023335206811137,0.2701257643670194
frozenset({'CHARLOTTE BAG SUKI DESIGN'}),frozenset({'JUMBO SHOPPER VINTAGE RED PAISLEY'}),0.04306835226055282,0.060692093421898435,0.010284979644311121,0.23880597014925373,3.9347130191935293,1.0,0.0076710711853864195,1.2339927400143689,0.7794202026421855,0.11002865329512894,0.1896224608352591,0.204133788252032
frozenset({'CHARLOTTE BAG SUKI DESIGN'}),frozenset({'JUMBO STORAGE BAG SUKI'}),0.04306835226055282,0.06053139061495608,0.014248982215556032,0.3308457711442786,5.46568925285079,1.0,0.011641994961729983,1.4039642415345266,0.8538127674762366,0.1594724220623501,0.2877311469792105,0.2831220006163871
frozenset({'JUMBO STORAGE BAG SUKI'}),frozenset({'CHARLOTTE BAG SUKI DESIGN'}),0.06053139061495608,0.04306835226055282,0.014248982215556032,0.23539823008849556,5.465689252850789,1.0,0.011641994961729983,1.2515425485481195,0.8696836171852828,0.1594724220623501,0.2009860142908663,0.2831220006163871
frozenset({'CHARLOTTE BAG SUKI DESIGN'}),frozenset({'LUNCH BAG APPLE DESIGN'}),0.04306835226055282,0.04901435611742019,0.012213413327619455,0.2835820895522388,5.7856944784275335,1.0,0.01010244577253022,1.3274174612527674,0.8643876540881985,0.1529175050301811,0.24665749156543648,0.2663812087105456
frozenset({'LUNCH BAG APPLE DESIGN'}),frozenset({'CHARLOTTE BAG SUKI DESIGN'}),0.04901435611742019,0.04306835226055282,0.012213413327619455,0.24918032786885244,5.7856944784275335,1.0,0.01010244577253022,1.2745159500459886,0.8697922070991707,0.1529175050301811,0.21538839905148555,0.2663812087105456
frozenset({'CHARLOTTE BAG SUKI DESIGN'}),frozenset({'LUNCH BAG BLACK SKULL.'}),0.04306835226055282,0.06513820441397043,0.016016713091922007,0.3718905472636816,5.709253894998691,1.0,0.013211317958601232,1.4883740270320152,0.8619693649678658,0.17373619988378852,0.32812587304139396,0.30888935257920924
frozenset({'LUNCH BAG BLACK SKULL.'}),frozenset({'CHARLOTTE BAG SUKI DESIGN'}),0.06513820441397043,0.04306835226055282,0.016016713091922007,0.24588815789473686,5.709253894998691,1.0,0.013211317958601232,1.26895189056834,0.8823184010878956,0.17373619988378852,0.21194805931364466,0.30888935257920924
frozenset({'CHARLOTTE BAG SUKI DESIGN'}),frozenset({'LUNCH BAG CARS BLUE'}),0.04306835226055282,0.057049496464538246,0.013766873794728948,0.31965174129353235,5.603059818279495,1.0,0.011309845984707053,1.385982092947918,0.8585002814172277,0.15942928039702234,0.27848995662487425,0.28048314764207133
frozenset({'LUNCH BAG CARS BLUE'}),frozenset({'CHARLOTTE BAG SUKI DESIGN'}),0.057049496464538246,0.04306835226055282,0.013766873794728948,0.24131455399061033,5.603059818279494,1.0,0.011309845984707053,1.2613022337159792,0.8712292806474665,0.15942928039702234,0.20716861251101176,0.28048314764207133
frozenset({'CHARLOTTE BAG SUKI DESIGN'}),frozenset({'LUNCH BAG PINK POLKADOT'}),0.04306835226055282,0.05388900792800514,0.011249196485965288,0.26119402985074625,4.846888816355597,1.0,0.008928285709550239,1.2805946761378517,0.8294031092060649,0.13124999999999998,0.21911279295967223,0.2349707723806415
frozenset({'LUNCH BAG PINK POLKADOT'}),frozenset({'CHARLOTTE BAG SUKI DESIGN'}),0.05388900792800514,0.04306835226055282,0.011249196485965288,0.20874751491053678,4.846888816355597,1.0,0.008928285709550239,1.2093884894797535,0.8388889787598881,0.13124999999999998,0.17313583790583859,0.2349707723806415
frozenset({'CHARLOTTE BAG SUKI DESIGN'}),frozenset({'LUNCH BAG RED RETROSPOT'}),0.04306835226055282,0.07456610242125562,0.017195200342832655,0.39925373134328357,5.354359667181335,1.0,0.013983761177057557,1.5404738170875993,0.8498374007558667,0.17120000000000002,0.3508490771426498,0.31492858980957283
frozenset({'LUNCH BAG RED RETROSPOT'}),frozenset({'CHARLOTTE BAG SUKI DESIGN'}),0.07456610242125562,0.04306835226055282,0.017195200342832655,0.23060344827586207,5.354359667181335,1.0,0.013983761177057557,1.2437430939806822,0.8787621745255154,0.17120000000000002,0.19597543508809862,0.31492858980957283
frozenset({'CHARLOTTE BAG SUKI DESIGN'}),frozenset({'LUNCH BAG SPACEBOY DESIGN'}),0.04306835226055282,0.055603171202056996,0.012374116134561818,0.2873134328358209,5.167213067609927,1.0,0.0099793791704278,1.3251222519259094,0.8427687404400347,0.14338919925512106,0.24535264686211597,0.2549283927184885
frozenset({'LUNCH BAG SPACEBOY DESIGN'}),frozenset({'CHARLOTTE BAG SUKI DESIGN'}),0.055603171202056996,0.04306835226055282,0.012374116134561818,0.22254335260115607,5.167213067609927,1.0,0.0099793791704278,1.2308488851964636,0.8539546670006114,0.14338919925512106,0.18755258096497882,0.2549283927184885
frozenset({'CHARLOTTE BAG SUKI DESIGN'}),frozenset({'LUNCH BAG SUKI DESIGN'}),0.04306835226055282,0.06433469037925862,0.016338118705806728,0.37935323383084574,5.8965580092874506,1.0,0.01356732959797922,1.5075649477656834,0.8677835448892544,0.17941176470588235,0.3366786608549967,0.3166541356498109
frozenset({'LUNCH BAG SUKI DESIGN'}),frozenset({'CHARLOTTE BAG SUKI DESIGN'}),0.06433469037925862,0.04306835226055282,0.016338118705806728,0.253955037468776,5.8965580092874506,1.0,0.01356732959797922,1.2826728894364687,0.887507027303008,0.17941176470588235,0.22037800265713783,0.3166541356498109
frozenset({'CHARLOTTE BAG SUKI DESIGN'}),frozenset({'LUNCH BAG WOODLAND'}),0.04306835226055282,0.04665738161559889,0.011784872509106493,0.27363184079601993,5.864706319150517,1.0,0.00977541596213084,1.3124785362689357,0.8668210316329439,0.1512027491408935,0.2380827782199303,0.2631075392269422
frozenset({'LUNCH BAG WOODLAND'}),frozenset({'CHARLOTTE BAG SUKI DESIGN'}),0.04665738161559889,0.04306835226055282,0.011784872509106493,0.2525832376578645,5.864706319150515,1.0,0.00977541596213084,1.2803186869140684,0.8700843349491998,0.1512027491408935,0.21894446263977912,0.2631075392269422
frozenset({'CHARLOTTE BAG SUKI DESIGN'}),frozenset({'PACK OF 72 RETROSPOT CAKE CASES'}),0.04306835226055282,0.06047782301264196,0.014088279408613671,0.3271144278606965,5.408832718603615,1.0,0.01148359922315384,1.3962584663545952,0.851802976098243,0.15748502994011976,0.28380022460251336,0.2800319703519603
frozenset({'PACK OF 72 RETROSPOT CAKE CASES'}),frozenset({'CHARLOTTE BAG SUKI DESIGN'}),0.06047782301264196,0.04306835226055282,0.014088279408613671,0.2329495128432241,5.408832718603616,1.0,0.01148359922315384,1.2475471481499258,0.8675869984046418,0.15748502994011976,0.19842708832049416,0.2800319703519603
frozenset({'CHARLOTTE BAG SUKI DESIGN'}),frozenset({'PARTY BUNTING'}),0.04306835226055282,0.08538675808870795,0.013070494964645383,0.3034825870646766,3.554211377241771,1.0,0.009393027988894301,1.3131232973154978,0.7509874241078311,0.11327762302692665,0.2384568897342968,0.2282783073340949
frozenset({'CHARLOTTE BAG SUKI DESIGN'}),frozenset({'RECIPE BOX PANTRY YELLOW DESIGN'}),0.04306835226055282,0.05533533319048639,0.010659952860509964,0.24751243781094526,4.472954684467306,1.0,0.008276751238207036,1.2553890778757832,0.8113788827703228,0.1214896214896215,0.2034342040858932,0.22007761290353653
frozenset({'CHARLOTTE BAG SUKI DESIGN'}),frozenset({'RED RETROSPOT CHARLOTTE BAG'}),0.04306835226055282,0.04847868009427898,0.0254446110992072,0.5907960199004975,12.186718341991698,1.0,0.023356714227780143,2.3252983015325213,0.9592570768614326,0.3849270664505673,0.5699476495807289,0.5578289491767681
frozenset({'RED RETROSPOT CHARLOTTE BAG'}),frozenset({'CHARLOTTE BAG SUKI DESIGN'}),0.04847868009427898,0.04306835226055282,0.0254446110992072,0.5248618784530388,12.186718341991702,1.0,0.023356714227780143,2.014007305126046,0.9647113900271705,0.3849270664505673,0.5034774712808625,0.5578289491767681
frozenset({'CHARLOTTE BAG SUKI DESIGN'}),frozenset({'REGENCY CAKESTAND 3 TIER'}),0.04306835226055282,0.0902614098992929,0.011731304906792372,0.27238805970149255,3.0177687231498296,1.0,0.007843894709715476,1.2503073956255872,0.6987221564453497,0.09647577092511014,0.20019668483233014,0.20117919305549403
frozenset({'CHARLOTTE BAG SUKI DESIGN'}),frozenset({'SKULL SHOULDER BAG'}),0.04306835226055282,0.02158774373259053,0.01039211484893936,0.24129353233830844,11.177339110897126,1.0,0.00946236629735361,1.289579432850815,0.9515133817480067,0.19151036525172752,0.2245533896354526,0.36134155525104006
frozenset({'SKULL SHOULDER BAG'}),frozenset({'CHARLOTTE BAG SUKI DESIGN'}),0.02158774373259053,0.04306835226055282,0.01039211484893936,0.48138957816377165,11.177339110897126,1.0,0.00946236629735361,1.8451839906172112,0.9306233261180614,0.19151036525172752,0.45804862545685676,0.36134155525104006
frozenset({'STRAWBERRY CHARLOTTE BAG'}),frozenset({'CHARLOTTE BAG SUKI DESIGN'}),0.03605099635740304,0.04306835226055282,0.021052067709449326,0.5839524517087668,13.55873677674037,1.0,0.019499410698984785,2.300053567602314,0.9608877784117302,0.36254612546125464,0.565227517269327,0.5363792109290102
frozenset({'CHARLOTTE BAG SUKI DESIGN'}),frozenset({'STRAWBERRY CHARLOTTE BAG'}),0.04306835226055282,0.03605099635740304,0.021052067709449326,0.48880597014925375,13.558736776740371,1.0,0.019499410698984785,1.8856812626001167,0.9679341453492547,0.36254612546125464,0.4696876827311069,0.5363792109290102
frozenset({'CHARLOTTE BAG SUKI DESIGN'}),frozenset({'SUKI SHOULDER BAG'}),0.04306835226055282,0.027158774373259052,0.01039211484893936,0.24129353233830844,8.88455160096951,1.0,0.009222431187266966,1.2822366318096716,0.9273860693163928,0.17367949865711726,0.22011275049234855,0.3119682651829609
frozenset({'SUKI SHOULDER BAG'}),frozenset({'CHARLOTTE BAG SUKI DESIGN'}),0.027158774373259052,0.04306835226055282,0.01039211484893936,0.38264299802761337,8.88455160096951,1.0,0.009222431187266966,1.5500458319613408,0.9122198525559189,0.17367949865711726,0.3548577858922686,0.3119682651829609
frozenset({'CHARLOTTE BAG SUKI DESIGN'}),frozenset({'WHITE HANGING HEART T-LIGHT HOLDER'}),0.04306835226055282,0.11602742661238483,0.01151703449753589,0.26741293532338306,2.3047390012081785,1.0,0.006519924416308259,1.2066450747090705,0.5915902061050418,0.0780399274047187,0.17125588877814296,0.18333712324802579
frozenset({'CHARLOTTE BAG SUKI DESIGN'}),frozenset({'WOODLAND CHARLOTTE BAG'}),0.04306835226055282,0.03658667238054425,0.022123419755731732,0.5136815920398009,14.040128785064425,1.0,0.020547692061605016,1.9810340547469112,0.9705767222674629,0.38454376163873366,0.4952131198331389,0.5591834021692416
frozenset({'WOODLAND CHARLOTTE BAG'}),frozenset({'CHARLOTTE BAG SUKI DESIGN'}),0.03658667238054425,0.04306835226055282,0.022123419755731732,0.6046852122986822,14.040128785064427,1.0,0.020547692061605016,2.4206826496520084,0.9640468482950212,0.38454376163873366,0.5868933913564599,0.5591834021692416
frozenset({'CHARLOTTE BAG VINTAGE ALPHABET'}),frozenset({'RED RETROSPOT CHARLOTTE BAG'}),0.02174844653953289,0.04847868009427898,0.012481251339190058,0.5738916256157636,11.83802084750837,1.0,0.011426915356852516,2.2330500339983974,0.9358803641605755,0.2161410018552876,0.5521820000560195,0.4156750945758376
frozenset({'RED RETROSPOT CHARLOTTE BAG'}),frozenset({'CHARLOTTE BAG VINTAGE ALPHABET'}),0.04847868009427898,0.02174844653953289,0.012481251339190058,0.2574585635359116,11.83802084750837,1.0,0.011426915356852516,1.3174369879192305,0.9621712103980425,0.2161410018552876,0.24095041419824761,0.4156750945758376
frozenset({'STRAWBERRY CHARLOTTE BAG'}),frozenset({'CHARLOTTE BAG VINTAGE ALPHABET'}),0.03605099635740304,0.02174844653953289,0.010606385258195843,0.29420505200594355,13.527635248391512,1.0,0.009822332091219967,1.386027990481883,0.9607118700200112,0.22474460839954594,0.27851384902239373,0.3909448905349915
frozenset({'CHARLOTTE BAG VINTAGE ALPHABET'}),frozenset({'STRAWBERRY CHARLOTTE BAG'}),0.02174844653953289,0.03605099635740304,0.010606385258195843,0.48768472906403937,13.527635248391512,1.0,0.009822332091219967,1.881554305186992,0.9466657595559139,0.22474460839954594,0.4685245080393157,0.3909448905349915
frozenset({'CHARLOTTE BAG VINTAGE ALPHABET'}),frozenset({'WOODLAND CHARLOTTE BAG'}),0.02174844653953289,0.03658667238054425,0.010606385258195843,0.48768472906403937,13.329573238898224,1.0,0.009810681969868172,1.8805087067956683,0.9455429334413016,0.22222222222222218,0.4682289976184313,0.3887911200225028
frozenset({'WOODLAND CHARLOTTE BAG'}),frozenset({'CHARLOTTE BAG VINTAGE ALPHABET'}),0.03658667238054425,0.02174844653953289,0.010606385258195843,0.2898975109809663,13.329573238898222,1.0,0.009810681969868172,1.3776202288938124,0.9601059244095108,0.22222222222222218,0.2741105429302748,0.3887911200225028
frozenset({'PINK FAIRY CAKE CHILDRENS APRON'}),frozenset({'CHILDRENS APRON SPACEBOY DESIGN'}),0.02426612384829655,0.025123205485322476,0.01017784443968288,0.41942604856512145,16.69476647039166,1.0,0.009568201623909842,1.6791604103237603,0.9634809367640897,0.25956284153005466,0.40446428235692544,0.41227165967701707
frozenset({'CHILDRENS APRON SPACEBOY DESIGN'}),frozenset({'PINK FAIRY CAKE CHILDRENS APRON'}),0.025123205485322476,0.02426612384829655,0.01017784443968288,0.40511727078891263,16.694766470391656,1.0,0.009568201623909842,1.64021214306505,0.9643279995141434,0.25956284153005466,0.3903227675590129,0.41227165967701707
frozenset({'CHOCOLATE HOT WATER BOTTLE'}),frozenset({'HOT WATER BOTTLE I AM SO POORLY'}),0.04392543389757875,0.03401542746946647,0.020302121277051638,0.4621951219512195,13.587808719032072,1.0,0.018807978866243705,1.7961617901928286,0.9689669078906131,0.3522304832713754,0.4432572803518752,0.5295227578260034
frozenset({'HOT WATER BOTTLE I AM SO POORLY'}),frozenset({'CHOCOLATE HOT WATER BOTTLE'}),0.03401542746946647,0.04392543389757875,0.020302121277051638,0.5968503937007874,13.587808719032072,1.0,0.018807978866243705,2.371513083886865,0.9590263057745058,0.3522304832713754,0.578328280457547,0.5295227578260034
frozenset({'CHOCOLATE HOT WATER BOTTLE'}),frozenset({'HOT WATER BOTTLE KEEP CALM'}),0.04392543389757875,0.04044353974716092,0.01414184701092779,0.3219512195121951,7.960510418349215,1.0,0.012365346979179775,1.4151731967757697,0.914552008203958,0.20137299771167044,0.2933727106488951,0.3358100468421903
frozenset({'HOT WATER BOTTLE KEEP CALM'}),frozenset({'CHOCOLATE HOT WATER BOTTLE'}),0.04044353974716092,0.04392543389757875,0.01414184701092779,0.34966887417218545,7.960510418349217,1.0,0.012365346979179775,1.4701350252695071,0.9112334194397501,0.20137299771167044,0.31979037108058933,0.3358100468421903
frozenset({'CHOCOLATE HOT WATER BOTTLE'}),frozenset({'HOT WATER BOTTLE TEA AND SYMPATHY'}),0.04392543389757875,0.03310477823012642,0.017409470752089137,0.39634146341463417,11.972334043728788,1.0,0.015955329004247714,1.6017254178814069,0.9585801468813571,0.2920035938903863,0.3756732653199108,0.4611157155260873
frozenset({'HOT WATER BOTTLE TEA AND SYMPATHY'}),frozenset({'CHOCOLATE HOT WATER BOTTLE'}),0.03310477823012642,0.04392543389757875,0.017409470752089137,0.5258899676375405,11.972334043728786,1.0,0.015955329004247714,2.0165668322569843,0.9478525463456211,0.2920035938903863,0.5041076824214257,0.4611157155260873
frozenset({'CHOCOLATE HOT WATER BOTTLE'}),frozenset({'RETROSPOT HEART HOT WATER BOTTLE'}),0.04392543389757875,0.030426398114420397,0.012320548532247696,0.28048780487804875,9.218567502576434,1.0,0.010984055793131308,1.3475429721121615,0.9324829965116053,0.19861830742659758,0.2579086376499124,0.3427086911714188
frozenset({'RETROSPOT HEART HOT WATER BOTTLE'}),frozenset({'CHOCOLATE HOT WATER BOTTLE'}),0.030426398114420397,0.04392543389757875,0.012320548532247696,0.40492957746478875,9.218567502576434,1.0,0.010984055793131308,1.6066578507283293,0.919500360317079,0.19861830742659758,0.3775899457705444,0.3427086911714188
frozenset({'CHOCOLATE HOT WATER BOTTLE'}),frozenset({'SCOTTIE DOG HOT WATER BOTTLE'}),0.04392543389757875,0.03931862009856439,0.016123848296550246,0.36707317073170725,9.33586096896391,1.0,0.014396760848466745,1.5178395597672005,0.9339084867265993,0.24022346368715078,0.3411688385870141,0.3885774573004585
frozenset({'SCOTTIE DOG HOT WATER BOTTLE'}),frozenset({'CHOCOLATE HOT WATER BOTTLE'}),0.03931862009856439,0.04392543389757875,0.016123848296550246,0.41008174386920976,9.335860968963912,1.0,0.014396760848466745,1.6206899111297393,0.9294300586091416,0.24022346368715078,0.3829788208510986,0.3885774573004585
frozenset({'CHRISTMAS CRAFT LITTLE FRIENDS'}),frozenset({'CHRISTMAS CRAFT TREE TOP ANGEL'}),0.027051639168630813,0.02298050139275766,0.013927576601671309,0.5148514851485149,22.403840384038403,1.0,0.01330591637008021,2.013856517537377,0.9819275450090844,0.38575667655786344,0.5034402941363274,0.5604560456045604
frozenset({'CHRISTMAS CRAFT TREE TOP ANGEL'}),frozenset({'CHRISTMAS CRAFT LITTLE FRIENDS'}),0.02298050139275766,0.027051639168630813,0.013927576601671309,0.6060606060606061,22.403840384038403,1.0,0.01330591637008021,2.4697919928796295,0.9778359559186359,0.38575667655786344,0.5951076030358088,0.5604560456045604
frozenset({'CHRISTMAS CRAFT LITTLE FRIENDS'}),frozenset({'CHRISTMAS CRAFT WHITE FAIRY'}),0.027051639168630813,0.01917720162845511,0.012266980929933577,0.4534653465346535,23.64606449471763,1.0,0.01174820619121653,1.7946214245566308,0.9843376103874498,0.3611987381703471,0.44277941502506346,0.5465650755019636
frozenset({'CHRISTMAS CRAFT WHITE FAIRY'}),frozenset({'CHRISTMAS CRAFT LITTLE FRIENDS'}),0.01917720162845511,0.027051639168630813,0.012266980929933577,0.6396648044692738,23.646064494717628,1.0,0.01174820619121653,2.7001202571909317,0.9764349545312534,0.3611987381703471,0.6296461250802402,0.5465650755019636
frozenset({'CHRISTMAS CRAFT LITTLE FRIENDS'}),"frozenset({""PAPER CHAIN KIT 50'S CHRISTMAS""})",0.027051639168630813,0.06026355260338547,0.011034926076708806,0.4079207920792079,6.768946974697469,1.0,0.00940469819666222,1.5871802874089975,0.875962762235613,0.1446629213483146,0.3699518523932425,0.29551595159515953
frozenset({'CHRISTMAS CRAFT WHITE FAIRY'}),frozenset({'CHRISTMAS CRAFT TREE TOP ANGEL'}),0.01917720162845511,0.02298050139275766,0.010284979644311121,0.5363128491620113,23.33773489080752,1.0,0.009844277935579215,2.107066147598752,0.9758653058438014,0.32268907563025206,0.5254064514587656,0.49193264835722944
frozenset({'CHRISTMAS CRAFT TREE TOP ANGEL'}),frozenset({'CHRISTMAS CRAFT WHITE FAIRY'}),0.02298050139275766,0.01917720162845511,0.010284979644311121,0.4475524475524476,23.33773489080752,1.0,0.009844277935579215,1.7754134198371003,0.9796641126158232,0.32268907563025206,0.43675090611191114,0.49193264835722944
frozenset({'CLOTHES PEGS RETROSPOT PACK 24'}),frozenset({'PACK OF 72 RETROSPOT CAKE CASES'}),0.03680094278980073,0.06047782301264196,0.01012427683736876,0.27510917030567683,4.5489264758781,1.0,0.00789863593262883,1.296087822470512,0.8099757857279686,0.11616472034419176,0.22844734541686385,0.2212569766497383
frozenset({'CLOTHES PEGS RETROSPOT PACK 24'}),frozenset({'WHITE HANGING HEART T-LIGHT HOLDER'}),0.03680094278980073,0.11602742661238483,0.010767088065138205,0.2925764192139738,2.5216143092735286,1.0,0.006497169376328028,1.249566168554098,0.6264838423974892,0.07579185520361992,0.19972225147778835,0.1926871015737459
frozenset({'COOK WITH WINE METAL SIGN'}),frozenset({'GIN + TONIC DIET METAL SIGN'}),0.03690807799442897,0.039157917291622026,0.015641739875723162,0.4238026124818578,10.822909945022328,1.0,0.014196496410224578,1.6675571662117694,0.9423850275854555,0.2588652482269504,0.400320408641987,0.4116277084297114
frozenset({'GIN + TONIC DIET METAL SIGN'}),frozenset({'COOK WITH WINE METAL SIGN'}),0.039157917291622026,0.03690807799442897,0.015641739875723162,0.399452804377565,10.822909945022326,1.0,0.014196496410224578,1.6036906491710077,0.944591649158661,0.2588652482269504,0.37643834207243915,0.4116277084297114
frozenset({'COOK WITH WINE METAL SIGN'}),frozenset({'HAND OVER THE CHOCOLATE SIGN'}),0.03690807799442897,0.03578315834583244,0.015534604671094921,0.420899854862119,11.762512710428199,1.0,0.014213917071979935,1.6650260749366452,0.950048619941656,0.2717900656044986,0.39940880503144655,0.4275157956945326
frozenset({'HAND OVER THE CHOCOLATE SIGN'}),frozenset({'COOK WITH WINE METAL SIGN'}),0.03578315834583244,0.03690807799442897,0.015534604671094921,0.4341317365269461,11.7625127104282,1.0,0.014213917071979935,1.7019719679886811,0.9489402298850574,0.2717900656044986,0.41244625716029976,0.4275157956945326
frozenset({'PLEASE ONE PERSON METAL SIGN'}),frozenset({'COOK WITH WINE METAL SIGN'}),0.04365759588600814,0.03690807799442897,0.01526676665952432,0.3496932515337423,9.47470772080102,1.0,0.01365544870551427,1.480980974404793,0.9352882851277637,0.23379819524200166,0.3247718793943991,0.38166810617325725
frozenset({'COOK WITH WINE METAL SIGN'}),frozenset({'PLEASE ONE PERSON METAL SIGN'}),0.03690807799442897,0.04365759588600814,0.01526676665952432,0.4136429608127722,9.47470772080102,1.0,0.01365544870551427,1.6309898921647041,0.92873362002258,0.23379819524200166,0.38687541547374843,0.38166810617325725
frozenset({'COOK WITH WINE METAL SIGN'}),frozenset({'WHITE HANGING HEART T-LIGHT HOLDER'}),0.03690807799442897,0.11602742661238483,0.01007070923505464,0.2728592162554427,2.3516786006724857,1.0,0.005788359924151857,1.215682840447239,0.5967985107921417,0.07049118860142482,0.17741703121176852,0.17982757673344618
frozenset({'CREAM HEART CARD HOLDER'}),frozenset({'WHITE HANGING HEART T-LIGHT HOLDER'}),0.02699807156631669,0.11602742661238483,0.010713520462824084,0.39682539682539686,3.4200999574960798,1.0,0.00758100369548736,1.465533476932099,0.7272451001981942,0.08097165991902834,0.3176546181030486,0.24458075012091635
frozenset({'DOLLY GIRL LUNCH BOX'}),frozenset({'JUMBO BAG RED RETROSPOT'}),0.03744375401757017,0.10381401328476537,0.012534818941504178,0.3347639484978541,3.224650872320919,1.0,0.008647632564492662,1.3471699026106432,0.7167258141157634,0.09737827715355805,0.2577031315336486,0.22775349127679084
frozenset({'LUNCH BOX I LOVE LONDON'}),frozenset({'DOLLY GIRL LUNCH BOX'}),0.034818941504178275,0.03744375401757017,0.012427683736875937,0.3569230769230769,9.532246065808298,1.0,0.011123931856041321,1.4967979901640656,0.9273834403144748,0.20769919427036707,0.33190717346541265,0.34441289754594473
frozenset({'DOLLY GIRL LUNCH BOX'}),frozenset({'LUNCH BOX I LOVE LONDON'}),0.03744375401757017,0.034818941504178275,0.012427683736875937,0.3319027181688126,9.532246065808298,1.0,0.011123931856041321,1.4446714344509193,0.9299123394505097,0.20769919427036707,0.307801084625119,0.34441289754594473
frozenset({'SPACEBOY LUNCH BOX'}),frozenset({'DOLLY GIRL LUNCH BOX'}),0.037550889222198416,0.03744375401757017,0.022819798585815298,0.607703281027104,16.2297637342117,1.0,0.021413752326638273,2.4536433761224843,0.9749968055676408,0.4373716632443531,0.5924428098510757,0.6085726705564705
frozenset({'DOLLY GIRL LUNCH BOX'}),frozenset({'SPACEBOY LUNCH BOX'}),0.03744375401757017,0.037550889222198416,0.022819798585815298,0.6094420600858369,16.2297637342117,1.0,0.021413752326638273,2.46429277814536,0.9748882856939063,0.4373716632443531,0.5942040617622532,0.6085726705564705
frozenset({'DOLLY GIRL LUNCH BOX'}),frozenset({'WHITE HANGING HEART T-LIGHT HOLDER'}),0.03744375401757017,0.11602742661238483,0.010981358474394687,0.2932761087267525,2.5276446896172744,1.0,0.006636856053028875,1.2508032971618281,0.6278851517993727,0.07706766917293234,0.2005137800091514,0.19396030736429964
frozenset({'DOORMAT RED RETROSPOT'}),frozenset({'JUMBO BAG RED RETROSPOT'}),0.033426183844011144,0.10381401328476537,0.01012427683736876,0.30288461538461536,2.9175696594427243,1.0,0.006654170543727576,1.2855633464604745,0.679978043090435,0.07964601769911503,0.2221309025702331,0.20020391759942843
frozenset({'FELTCRAFT CUSHION BUTTERFLY'}),frozenset({'FELTCRAFT CUSHION RABBIT'}),0.01762374116134562,0.019712877651596315,0.01135633169059353,0.6443768996960486,32.68811946610281,1.0,0.011008917037316521,2.756533873954058,0.986798934531728,0.4371134020618556,0.637225571777368,0.6102319281088939
frozenset({'FELTCRAFT CUSHION RABBIT'}),frozenset({'FELTCRAFT CUSHION BUTTERFLY'}),0.019712877651596315,0.01762374116134562,0.01135633169059353,0.5760869565217391,32.68811946610281,1.0,0.011008917037316521,2.317400405465544,0.9889019486545004,0.4371134020618556,0.5684819948932781,0.6102319281088939
frozenset({'FELTCRAFT CUSHION OWL'}),frozenset({'FELTCRAFT CUSHION RABBIT'}),0.023998285836725947,0.019712877651596315,0.011142061281337047,0.4642857142857143,23.552406832298136,1.0,0.010668986008789632,1.8298692950503535,0.9810858735117791,0.34210526315789475,0.45351288056206096,0.514751552795031
frozenset({'FELTCRAFT CUSHION RABBIT'}),frozenset({'FELTCRAFT CUSHION OWL'}),0.019712877651596315,0.023998285836725947,0.011142061281337047,0.5652173913043478,23.552406832298136,1.0,0.010668986008789632,2.24480394257553,0.976796973518285,0.34210526315789475,0.5545267980718751,0.514751552795031
frozenset({'FELTCRAFT PRINCESS LOLA DOLL'}),frozenset({'FELTCRAFT PRINCESS CHARLOTTE DOLL'}),0.019766445253910435,0.022123419755731732,0.012374116134561818,0.6260162601626017,28.296541270497457,1.0,0.011936814769130865,2.6147569428270656,0.9841123956102916,0.4192377495462795,0.617555274977565,0.5926691470304535
frozenset({'FELTCRAFT PRINCESS CHARLOTTE DOLL'}),frozenset({'FELTCRAFT PRINCESS LOLA DOLL'}),0.022123419755731732,0.019766445253910435,0.012374116134561818,0.5593220338983051,28.296541270497453,1.0,0.011936814769130865,2.2243761434622806,0.9864844002888374,0.4192377495462795,0.5504357466972818,0.5926691470304535
frozenset({'FLORAL FOLK STATIONERY SET'}),frozenset({'MODERN FLORAL STATIONERY SET'}),0.02185558174416113,0.018695093207628025,0.011088493679022928,0.5073529411764707,27.138294286195862,1.0,0.010679901541208903,1.9919024973695911,0.9846722859818723,0.3763636363636364,0.49796739482954067,0.5502380751727626
frozenset({'MODERN FLORAL STATIONERY SET'}),frozenset({'FLORAL FOLK STATIONERY SET'}),0.018695093207628025,0.02185558174416113,0.011088493679022928,0.5931232091690545,27.138294286195855,1.0,0.010679901541208903,2.4040309997978015,0.9815009521277901,0.3763636363636364,0.584031986241397,0.5502380751727626
frozenset({'VINTAGE PAISLEY STATIONERY SET'}),frozenset({'FLORAL FOLK STATIONERY SET'}),0.022605528176558816,0.02185558174416113,0.011677737304478252,0.5165876777251185,23.63641854846204,1.0,0.011183680335545534,2.0234163946272745,0.9798422577475823,0.3562091503267975,0.5057863509185384,0.5254507016076573
frozenset({'FLORAL FOLK STATIONERY SET'}),frozenset({'VINTAGE PAISLEY STATIONERY SET'}),0.02185558174416113,0.022605528176558816,0.011677737304478252,0.5343137254901961,23.63641854846204,1.0,0.011183680335545534,2.0988260237050738,0.9790910095762534,0.3562091503267975,0.5235431671298356,0.5254507016076573
frozenset({'GARDENERS KNEELING PAD CUP OF TEA'}),frozenset({'GARDENERS KNEELING PAD KEEP CALM'}),0.04017570173559031,0.04810370687808014,0.028980072851939147,0.7213333333333334,14.995379361544172,1.0,0.027047472672029137,3.415895788715024,0.9723787911205266,0.48870822041553746,0.707251022322266,0.6618916109873794
frozenset({'GARDENERS KNEELING PAD KEEP CALM'}),frozenset({'GARDENERS KNEELING PAD CUP OF TEA'}),0.04810370687808014,0.04017570173559031,0.028980072851939147,0.6024498886414253,14.995379361544172,1.0,0.027047472672029137,2.4143479547379267,0.9804773876926054,0.48870822041553746,0.5858094944278451,0.6618916109873794
frozenset({'GARDENERS KNEELING PAD CUP OF TEA'}),frozenset({'JUMBO BAG RED RETROSPOT'}),0.04017570173559031,0.10381401328476537,0.010017141632740518,0.24933333333333335,2.401730994152047,1.0,0.005846340799037174,1.1938534458906325,0.6080629940435722,0.07477009196321471,0.16237625024905364,0.1729122807017544
frozenset({'GARDENERS KNEELING PAD CUP OF TEA'}),frozenset({'WHITE HANGING HEART T-LIGHT HOLDER'}),0.04017570173559031,0.11602742661238483,0.01012427683736876,0.252,2.1719002770083105,1.0,0.005462793552641492,1.1817815152240845,0.5621588293761527,0.0693069306930693,0.1538199006181069,0.16962880886426593
frozenset({'JUMBO BAG APPLES'}),frozenset({'GARDENERS KNEELING PAD KEEP CALM'}),0.04740732804799657,0.04810370687808014,0.010017141632740518,0.21129943502824858,4.392581128181898,1.0,0.007736673420446705,1.2069172197892535,0.8107803493151694,0.11716791979949874,0.17144276044498283,0.20976998477470335
frozenset({'GARDENERS KNEELING PAD KEEP CALM'}),frozenset({'JUMBO BAG APPLES'}),0.04810370687808014,0.04740732804799657,0.010017141632740518,0.20824053452115812,4.392581128181898,1.0,0.007736673420446705,1.2031339232248932,0.811373491945507,0.11716791979949874,0.16883733332064216,0.20976998477470335
frozenset({'GARDENERS KNEELING PAD KEEP CALM'}),frozenset({'JUMBO BAG RED RETROSPOT'}),0.04810370687808014,0.10381401328476537,0.012641954146132419,0.26280623608017817,2.531510224532903,1.0,0.007648115281244948,1.215672229713415,0.6355512528256536,0.09076923076923077,0.17740985147308824,0.19229063093998588
frozenset({'GARDENERS KNEELING PAD KEEP CALM'}),frozenset({'WHITE HANGING HEART T-LIGHT HOLDER'}),0.04810370687808014,0.11602742661238483,0.011892007713734734,0.24721603563474387,2.1306689534761767,1.0,0.00631065839415462,1.1742712587308852,0.5574807221402608,0.07811400422237863,0.14840800831592527,0.17485455521349383
frozenset({'GIN + TONIC DIET METAL SIGN'}),frozenset({'HAND OVER THE CHOCOLATE SIGN'}),0.039157917291622026,0.03578315834583244,0.014409685022498392,0.3679890560875513,10.283861824913783,1.0,0.013008491067559271,1.525633141232027,0.9395511303191902,0.2380530973451327,0.34453442772457815,0.3853418334329972
frozenset({'HAND OVER THE CHOCOLATE SIGN'}),frozenset({'GIN + TONIC DIET METAL SIGN'}),0.03578315834583244,0.039157917291622026,0.014409685022498392,0.4026946107784431,10.283861824913783,1.0,0.013008491067559271,1.608627847742347,0.9362627013630731,0.2380530973451327,0.37835217673033256,0.3853418334329972
frozenset({'PLEASE ONE PERSON METAL SIGN'}),frozenset({'GIN + TONIC DIET METAL SIGN'}),0.04365759588600814,0.039157917291622026,0.014088279408613671,0.3226993865030675,8.240974209629636,1.0,0.012378738879758306,1.4186345967524059,0.918766248826762,0.2049883086515978,0.2950968471449665,0.3412402541270467
frozenset({'GIN + TONIC DIET METAL SIGN'}),frozenset({'PLEASE ONE PERSON METAL SIGN'}),0.039157917291622026,0.04365759588600814,0.014088279408613671,0.359781121751026,8.240974209629636,1.0,0.012378738879758306,1.493774139759248,0.914463613776227,0.2049883086515978,0.3305547516298747,0.3412402541270467
frozenset({'GIN + TONIC DIET METAL SIGN'}),frozenset({'WHITE HANGING HEART T-LIGHT HOLDER'}),0.039157917291622026,0.11602742661238483,0.010659952860509964,0.2722298221614227,2.3462540720726865,1.0,0.006116560485662455,1.214631487117193,0.5971727399891805,0.07375833951074871,0.17670502485210515,0.1820521225303882
frozenset({'SET OF 3 HEART COOKIE CUTTERS'}),frozenset({'GINGERBREAD MAN COOKIE CUTTER'}),0.0335868866509535,0.03187272337690165,0.010017141632740518,0.2982456140350877,9.357393483709274,1.0,0.008946636085423327,1.3795813691879153,0.9241727176985757,0.18067632850241547,0.27514242919310666,0.306265664160401
frozenset({'GINGERBREAD MAN COOKIE CUTTER'}),frozenset({'SET OF 3 HEART COOKIE CUTTERS'}),0.03187272337690165,0.0335868866509535,0.010017141632740518,0.3142857142857143,9.357393483709274,1.0,0.008946636085423327,1.4093524569673594,0.9225363802357108,0.18067632850241547,0.2904542827052666,0.306265664160401
frozenset({'JAM MAKING SET PRINTED'}),frozenset({'GREEN REGENCY TEACUP AND SAUCER'}),0.05399614313263338,0.05003214056138847,0.013016927362331262,0.24107142857142858,4.818331293973692,1.0,0.010315384739346498,1.2517223559661705,0.8376913720062078,0.14302530900529722,0.2011007910551161,0.25062136739063934
frozenset({'GREEN REGENCY TEACUP AND SAUCER'}),frozenset({'JAM MAKING SET PRINTED'}),0.05003214056138847,0.05399614313263338,0.013016927362331262,0.2601713062098501,4.818331293973692,1.0,0.010315384739346498,1.2786795981391033,0.8341958740064075,0.14302530900529722,0.21794325845557652,0.25062136739063934
frozenset({'JAM MAKING SET WITH JARS'}),frozenset({'GREEN REGENCY TEACUP AND SAUCER'}),0.053514034711806296,0.05003214056138847,0.013070494964645383,0.24424424424424426,4.881746843202946,1.0,0.010393073257937268,1.2569773398399642,0.8401131369287136,0.1444641799881587,0.20444071002320696,0.25274310713282877
frozenset({'GREEN REGENCY TEACUP AND SAUCER'}),frozenset({'JAM MAKING SET WITH JARS'}),0.05003214056138847,0.053514034711806296,0.013070494964645383,0.2612419700214133,4.881746843202947,1.0,0.010393073257937268,1.2811853501147434,0.8370338906278021,0.1444641799881587,0.21947281093212653,0.25274310713282877
frozenset({'GREEN REGENCY TEACUP AND SAUCER'}),frozenset({'JUMBO BAG RED RETROSPOT'}),0.05003214056138847,0.10381401328476537,0.013927576601671309,0.278372591006424,2.681454865277566,1.0,0.008733539296766077,1.2418957145282332,0.6600940392639953,0.0995405819295559,0.19477940997656443,0.2062657588675051
frozenset({'GREEN REGENCY TEACUP AND SAUCER'}),frozenset({'JUMBO SHOPPER VINTAGE RED PAISLEY'}),0.05003214056138847,0.060692093421898435,0.010231412041997,0.2044967880085653,3.3694139792973496,1.0,0.007194856692947657,1.1807719848505343,0.7402487132416979,0.10181236673773987,0.15309643789814067,0.18653789091513878
frozenset({'GREEN REGENCY TEACUP AND SAUCER'}),frozenset({'JUMBO STORAGE BAG SUKI'}),0.05003214056138847,0.06053139061495608,0.010499250053567602,0.20985010706638113,3.4667980519603563,1.0,0.007470735009943808,1.1889751777312074,0.7490247029227841,0.10492505353319057,0.15893954833591076,0.1916507172500047
frozenset({'GREEN REGENCY TEACUP AND SAUCER'}),frozenset({'NATURAL SLATE HEART CHALKBOARD'}),0.05003214056138847,0.06529890722091279,0.011088493679022928,0.22162740899357602,3.3940446850632298,1.0,0.007821449574441154,1.2008401934740955,0.7425159455158328,0.10637204522096608,0.16724972612138672,0.1957193648741465
frozenset({'GREEN REGENCY TEACUP AND SAUCER'}),frozenset({'PARTY BUNTING'}),0.05003214056138847,0.08538675808870795,0.011838440111420613,0.23661670235546037,2.7711170637212885,1.0,0.007566357828645102,1.1981048638781862,0.6727961269785216,0.09579540528825313,0.16534851818974663,0.187630810399813
frozenset({'PINK REGENCY TEACUP AND SAUCER'}),frozenset({'GREEN REGENCY TEACUP AND SAUCER'}),0.037658024426826656,0.05003214056138847,0.030908506535247484,0.8207681365576103,16.40481753025425,1.0,0.029024394963860292,5.300217501470984,0.9757885663486819,0.5443396226415095,0.811328497420631,0.7192705779147794
frozenset({'GREEN REGENCY TEACUP AND SAUCER'}),frozenset({'PINK REGENCY TEACUP AND SAUCER'}),0.05003214056138847,0.037658024426826656,0.030908506535247484,0.6177730192719486,16.40481753025425,1.0,0.029024394963860292,2.5177238240485824,0.98849901852115,0.5443396226415095,0.6028158488042714,0.7192705779147794
frozenset({'RECIPE BOX PANTRY YELLOW DESIGN'}),frozenset({'GREEN REGENCY TEACUP AND SAUCER'}),0.05533533319048639,0.05003214056138847,0.011570602099850011,0.20909970958373672,4.179307685770018,1.0,0.00880205693165233,1.201122152754083,0.8052867298827038,0.1233580810965163,0.1674452113741512,0.22018154644069063
frozenset({'GREEN REGENCY TEACUP AND SAUCER'}),frozenset({'RECIPE BOX PANTRY YELLOW DESIGN'}),0.05003214056138847,0.05533533319048639,0.011570602099850011,0.23126338329764454,4.179307685770018,1.0,0.00880205693165233,1.2288534802229605,0.8007912192106396,0.1233580810965163,0.1862333336773705,0.22018154644069063
frozenset({'RED TOADSTOOL LED NIGHT LIGHT'}),frozenset({'GREEN REGENCY TEACUP AND SAUCER'}),0.03530104992500536,0.05003214056138847,0.010445682451253482,0.2959028831562974,5.914255913021156,1.0,0.008679495359441023,1.3492000417457866,0.8613226150457536,0.13948497854077252,0.25882006443903016,0.2523411632055577
frozenset({'GREEN REGENCY TEACUP AND SAUCER'}),frozenset({'RED TOADSTOOL LED NIGHT LIGHT'}),0.05003214056138847,0.03530104992500536,0.010445682451253482,0.20877944325481798,5.914255913021156,1.0,0.008679495359441023,1.2192541534100745,0.874679089565748,0.13948497854077252,0.17982645603203634,0.2523411632055577
frozenset({'REGENCY CAKESTAND 3 TIER'}),frozenset({'GREEN REGENCY TEACUP AND SAUCER'}),0.0902614098992929,0.05003214056138847,0.02431969145061067,0.26943620178041544,5.385262328519053,1.0,0.019803719903260148,1.3003215622697486,0.8951011130332198,0.2096997690531178,0.23095945724804307,0.3777587861150471
frozenset({'GREEN REGENCY TEACUP AND SAUCER'}),frozenset({'REGENCY CAKESTAND 3 TIER'}),0.05003214056138847,0.0902614098992929,0.02431969145061067,0.4860813704496788,5.385262328519053,1.0,0.019803719903260148,1.770199673237626,0.8571953424294109,0.2096997690531178,0.43509197571422037,0.3777587861150471
frozenset({'REGENCY TEA PLATE GREEN'}),frozenset({'GREEN REGENCY TEACUP AND SAUCER'}),0.01799871437754446,0.05003214056138847,0.01151703449753589,0.6398809523809524,12.789397879065975,1.0,0.010616520289874302,2.6379272791022603,0.9387057325099332,0.2037914691943128,0.6209144930104669,0.4350368359335169
frozenset({'GREEN REGENCY TEACUP AND SAUCER'}),frozenset({'REGENCY TEA PLATE GREEN'}),0.05003214056138847,0.01799871437754446,0.01151703449753589,0.23019271948608136,12.789397879065973,1.0,0.010616520289874302,1.275645619988002,0.9703593937279855,0.2037914691943128,0.21608322536363553,0.4350368359335169
frozenset({'REGENCY TEA PLATE ROSES'}),frozenset({'GREEN REGENCY TEACUP AND SAUCER'}),0.02040925648167988,0.05003214056138847,0.010606385258195843,0.5196850393700787,10.387023891820801,1.0,0.009585266469151007,1.9778019368639943,0.9225546877977567,0.17726051924798564,0.4943881986557251,0.3658382370297931
frozenset({'GREEN REGENCY TEACUP AND SAUCER'}),frozenset({'REGENCY TEA PLATE ROSES'}),0.05003214056138847,0.02040925648167988,0.010606385258195843,0.21199143468950749,10.387023891820801,1.0,0.009585266469151007,1.2431219489756944,0.9513227458981378,0.17726051924798564,0.1955736918457771,0.3658382370297931
frozenset({'ROSES REGENCY TEACUP AND SAUCER'}),frozenset({'GREEN REGENCY TEACUP AND SAUCER'}),0.051264195414613245,0.05003214056138847,0.037550889222198416,0.7324973876698014,14.640536652055516,1.0,0.034986031791448,3.5512470370419966,0.9820399824057374,0.589075630252101,0.7184087759681884,0.7415163597877915
frozenset({'GREEN REGENCY TEACUP AND SAUCER'}),frozenset({'ROSES REGENCY TEACUP AND SAUCER'}),0.05003214056138847,0.051264195414613245,0.037550889222198416,0.7505353319057816,14.640536652055516,1.0,0.034986031791448,3.803086873316529,0.9807663318139177,0.589075630252101,0.7370557041396382,0.7415163597877915
frozenset({'GREEN REGENCY TEACUP AND SAUCER'}),frozenset({'SET OF 3 CAKE TINS PANTRY DESIGN'}),0.05003214056138847,0.06647739447182344,0.011409899292907649,0.228051391862955,3.4305103813840807,1.0,0.00808389294853851,1.2093066762320621,0.7458127964055148,0.10856269113149847,0.17307989804886922,0.19984358473083286
frozenset({'SET OF 3 REGENCY CAKE TINS'}),frozenset({'GREEN REGENCY TEACUP AND SAUCER'}),0.03889007928005143,0.05003214056138847,0.010713520462824084,0.2754820936639118,5.5061024887772,1.0,0.00876776654984101,1.311172368730859,0.8514981607401626,0.136986301369863,0.23732376928599896,0.24480742798827282
frozenset({'GREEN REGENCY TEACUP AND SAUCER'}),frozenset({'SET OF 3 REGENCY CAKE TINS'}),0.05003214056138847,0.03889007928005143,0.010713520462824084,0.2141327623126338,5.5061024887772,1.0,0.00876776654984101,1.2229927329052206,0.8614852825081765,0.136986301369863,0.18233365326341813,0.24480742798827282
frozenset({'SUKI SHOULDER BAG'}),frozenset({'GREEN REGENCY TEACUP AND SAUCER'}),0.027158774373259052,0.05003214056138847,0.01017784443968288,0.3747534516765286,7.490254214022951,1.0,0.00881903282276495,1.5193492262945616,0.8906830426101044,0.15187849720223823,0.3418234710667326,0.2890897879367654
frozenset({'GREEN REGENCY TEACUP AND SAUCER'}),frozenset({'SUKI SHOULDER BAG'}),0.05003214056138847,0.027158774373259052,0.01017784443968288,0.20342612419700215,7.4902542140229516,1.0,0.00881903282276495,1.2212818612034624,0.9121289464780707,0.15187849720223823,0.18118819924616686,0.2890897879367654
frozenset({'GREEN REGENCY TEACUP AND SAUCER'}),frozenset({'VICTORIAN GLASS HANGING T-LIGHT'}),0.05003214056138847,0.05367473751874866,0.010820655667452325,0.21627408993576017,4.029346018883005,1.0,0.00813519365531866,1.207469665515695,0.7914170575735818,0.11649365628604383,0.1718218448387168,0.20893544816149284
frozenset({'VICTORIAN GLASS HANGING T-LIGHT'}),frozenset({'GREEN REGENCY TEACUP AND SAUCER'}),0.05367473751874866,0.05003214056138847,0.010820655667452325,0.20159680638722555,4.029346018883005,1.0,0.00813519365531866,1.1898347439468608,0.7944633815809973,0.11649365628604383,0.15954715132720912,0.20893544816149284
frozenset({'GREEN REGENCY TEACUP AND SAUCER'}),frozenset({'WHITE HANGING HEART T-LIGHT HOLDER'}),0.05003214056138847,0.11602742661238483,0.013927576601671309,0.278372591006424,2.399196458406243,1.0,0.008122476084424285,1.2249708954659237,0.6139089623582688,0.0915492957746479,0.18365407398545164,0.19920476272389528
frozenset({'GREEN REGENCY TEACUP AND SAUCER'}),frozenset({'WOODEN PICTURE FRAME WHITE FINISH'}),0.05003214056138847,0.05763874008999357,0.01007070923505464,0.20128479657387582,3.4921789799638607,1.0,0.0071869196890907445,1.1798464031581044,0.7512315566444072,0.10318331503841933,0.15243204766036347,0.18800299308247695
frozenset({'PLEASE ONE PERSON METAL SIGN'}),frozenset({'HAND OVER THE CHOCOLATE SIGN'}),0.04365759588600814,0.03578315834583244,0.013338332976215984,0.30552147239263805,8.538135997942765,1.0,0.011776126309628591,1.3884041094490223,0.9231823389452055,0.20178282009724471,0.27974860259032036,0.3391379817053011
frozenset({'HAND OVER THE CHOCOLATE SIGN'}),frozenset({'PLEASE ONE PERSON METAL SIGN'}),0.03578315834583244,0.04365759588600814,0.013338332976215984,0.37275449101796404,8.538135997942764,1.0,0.011776126309628591,1.5246699903297054,0.9156430165104864,0.20178282009724471,0.34412036287029363,0.3391379817053011
frozenset({'HAND WARMER OWL DESIGN'}),frozenset({'HAND WARMER BIRD DESIGN'}),0.03369402185558174,0.028819370044996784,0.016177415898864365,0.48012718600953896,16.65987789670274,1.0,0.015206375414704145,1.8681119762743028,0.9727514594023473,0.34913294797687855,0.464700182483512,0.5207327379861821
frozenset({'HAND WARMER BIRD DESIGN'}),frozenset({'HAND WARMER OWL DESIGN'}),0.028819370044996784,0.03369402185558174,0.016177415898864365,0.5613382899628253,16.65987789670274,1.0,0.015206375414704145,2.20285006882075,0.9678689231196327,0.34913294797687855,0.5460426407797562,0.5207327379861821
frozenset({'HAND WARMER BIRD DESIGN'}),frozenset({'HAND WARMER SCOTTY DOG DESIGN'}),0.028819370044996784,0.028712234840368545,0.015052496250267838,0.5223048327137547,18.191019808023086,1.0,0.014225027729584408,2.0332794461318358,0.9730711174534256,0.35435056746532156,0.5081836872435679,0.5232792820285191
frozenset({'HAND WARMER SCOTTY DOG DESIGN'}),frozenset({'HAND WARMER BIRD DESIGN'}),0.028712234840368545,0.028819370044996784,0.015052496250267838,0.5242537313432836,18.191019808023082,1.0,0.014225027729584408,2.0413835986505164,0.9729637855410658,0.35435056746532156,0.5101361641873369,0.5232792820285191
frozenset({'HAND WARMER RED LOVE HEART'}),frozenset({'HAND WARMER OWL DESIGN'}),0.020677094493250482,0.03369402185558174,0.01151703449753589,0.5569948186528497,16.530968640081717,1.0,0.01082034002377038,2.181252091016055,0.9593439219667076,0.26875,0.5415477174239923,0.44940360964438986
frozenset({'HAND WARMER OWL DESIGN'}),frozenset({'HAND WARMER RED LOVE HEART'}),0.03369402185558174,0.020677094493250482,0.01151703449753589,0.34181240063593005,16.530968640081717,1.0,0.01082034002377038,1.4879084723761966,0.9722670647705167,0.26875,0.3279156490029287,0.44940360964438986
frozenset({'HAND WARMER RED RETROSPOT'}),frozenset({'HAND WARMER OWL DESIGN'}),0.01917720162845511,0.03369402185558174,0.010874223269766446,0.5670391061452514,16.829071595420597,1.0,0.010228066218968383,2.2318550979077534,0.9589693645024255,0.2589285714285715,0.5519422381240398,0.44488680267516945
frozenset({'HAND WARMER OWL DESIGN'}),frozenset({'HAND WARMER RED RETROSPOT'}),0.03369402185558174,0.01917720162845511,0.010874223269766446,0.32273449920508746,16.829071595420594,1.0,0.010228066218968383,1.4482101882058727,0.9733759667409175,0.2589285714285715,0.30949249760571124,0.44488680267516945
frozenset({'HAND WARMER OWL DESIGN'}),frozenset({'HAND WARMER SCOTTY DOG DESIGN'}),0.03369402185558174,0.028712234840368545,0.01773087636597386,0.5262321144674086,18.327800583726834,1.0,0.016763445697739885,2.050134242568484,0.9784044606943433,0.3968824940047961,0.5122270633618786,0.5718847139501222
frozenset({'HAND WARMER SCOTTY DOG DESIGN'}),frozenset({'HAND WARMER OWL DESIGN'}),0.028712234840368545,0.03369402185558174,0.01773087636597386,0.6175373134328358,18.327800583726834,1.0,0.016763445697739885,2.5265366062702834,0.9733861717662285,0.3968824940047961,0.6042012621078873,0.5718847139501222
frozenset({'HAND WARMER UNION JACK'}),frozenset({'HAND WARMER OWL DESIGN'}),0.02549817870152132,0.03369402185558174,0.0125883865438183,0.49369747899159666,14.652376053760138,1.0,0.01172925035337171,1.9085545460445772,0.9561312898819213,0.2701149425287357,0.4760432694614517,0.4336531910061322
frozenset({'HAND WARMER OWL DESIGN'}),frozenset({'HAND WARMER UNION JACK'}),0.03369402185558174,0.02549817870152132,0.0125883865438183,0.3736089030206678,14.65237605376014,1.0,0.01172925035337171,1.5557402172506172,0.9642408351644722,0.2701149425287357,0.3572191623565208,0.4336531910061322
frozenset({'HAND WARMER OWL DESIGN'}),"frozenset({""PAPER CHAIN KIT 50'S CHRISTMAS""})",0.03369402185558174,0.06026355260338547,0.010284979644311121,0.30524642289348175,5.065191308956016,1.0,0.00825445818579765,1.3526183647882621,0.8305589625256389,0.12291933418693983,0.2606931666519704,0.23795654478007422
frozenset({'HAND WARMER RED LOVE HEART'}),frozenset({'HAND WARMER SCOTTY DOG DESIGN'}),0.020677094493250482,0.028712234840368545,0.010445682451253482,0.5051813471502591,17.594636919031785,1.0,0.009851996858346783,1.9629166353487841,0.963078157301984,0.2682255845942228,0.4905540143724375,0.4344936586497564
frozenset({'HAND WARMER SCOTTY DOG DESIGN'}),frozenset({'HAND WARMER RED LOVE HEART'}),0.028712234840368545,0.020677094493250482,0.010445682451253482,0.36380597014925375,17.594636919031785,1.0,0.009851996858346783,1.5393462678933072,0.9710453822962095,0.2682255845942228,0.3503735833468039,0.4344936586497564
frozenset({'HAND WARMER UNION JACK'}),frozenset({'HAND WARMER RED LOVE HEART'}),0.02549817870152132,0.020677094493250482,0.01017784443968288,0.39915966386554624,19.304436800626988,1.0,0.009650616189265738,1.629922038535709,0.9730083784659538,0.2827380952380953,0.3864737230632325,0.44569382157007886
frozenset({'HAND WARMER RED LOVE HEART'}),frozenset({'HAND WARMER UNION JACK'}),0.020677094493250482,0.02549817870152132,0.01017784443968288,0.4922279792746114,19.304436800626988,1.0,0.009650616189265738,1.919171954189861,0.96821837988473,0.2827380952380953,0.47894194794956274,0.44569382157007886
frozenset({'HAND WARMER RED RETROSPOT'}),frozenset({'HAND WARMER SCOTTY DOG DESIGN'}),0.01917720162845511,0.028712234840368545,0.010659952860509964,0.5558659217877095,19.359897440173437,1.0,0.010109332543772663,2.186924653629862,0.9668890602658294,0.2863309352517986,0.5427368755753894,0.4635672892520637
frozenset({'HAND WARMER SCOTTY DOG DESIGN'}),frozenset({'HAND WARMER RED RETROSPOT'}),0.028712234840368545,0.01917720162845511,0.010659952860509964,0.3712686567164179,19.359897440173434,1.0,0.010109332543772663,1.5600030264900533,0.9763809118391428,0.2863309352517986,0.35897560259869415,0.4635672892520637
frozenset({'HAND WARMER UNION JACK'}),frozenset({'HAND WARMER SCOTTY DOG DESIGN'}),0.02549817870152132,0.028712234840368545,0.01146346689522177,0.4495798319327731,15.658127430076508,1.0,0.010731357200342007,1.7646296802136814,0.9606297109132905,0.2681704260651629,0.43330886292306464,0.4244167816380283
frozenset({'HAND WARMER SCOTTY DOG DESIGN'}),frozenset({'HAND WARMER UNION JACK'}),0.028712234840368545,0.02549817870152132,0.01146346689522177,0.39925373134328357,15.658127430076508,1.0,0.010731357200342007,1.6221521000496415,0.9638084988382186,0.2681704260651629,0.383534996521351,0.4244167816380283
frozenset({'HANGING HEART JAR T-LIGHT HOLDER'}),frozenset({'WHITE HANGING HEART T-LIGHT HOLDER'}),0.03696164559674309,0.11602742661238483,0.011784872509106493,0.31884057971014496,2.747975965849024,1.0,0.007496307887157408,1.2977469694413926,0.6605093093579022,0.0834597875569044,0.22943376209120023,0.2102051467341122
frozenset({'HANGING HEART ZINC T-LIGHT HOLDER'}),frozenset({'JUMBO BAG RED RETROSPOT'}),0.030962074137561604,0.10381401328476537,0.010552817655881723,0.3408304498269896,3.28308711938609,1.0,0.0073385204800410124,1.3595682423134006,0.7176278786552291,0.08495040965933594,0.2644723752163923,0.22124081830874764
frozenset({'HANGING HEART ZINC T-LIGHT HOLDER'}),frozenset({'SINGLE HEART ZINC T-LIGHT HOLDER'}),0.030962074137561604,0.025926719520034284,0.014409685022498392,0.4653979238754325,17.95051331179044,1.0,0.013606940010575325,1.8220529324188353,0.9744626721822527,0.33921815889029,0.4511685241369652,0.5105915239211873
frozenset({'SINGLE HEART ZINC T-LIGHT HOLDER'}),frozenset({'HANGING HEART ZINC T-LIGHT HOLDER'}),0.025926719520034284,0.030962074137561604,0.014409685022498392,0.5557851239669421,17.95051331179044,1.0,0.013606940010575325,2.1814621214763728,0.9694253046511743,0.33921815889029,0.541591857059971,0.5105915239211873
frozenset({'HANGING HEART ZINC T-LIGHT HOLDER'}),frozenset({'WHITE HANGING HEART T-LIGHT HOLDER'}),0.030962074137561604,0.11602742661238483,0.011409899292907649,0.3685121107266436,3.1760776006671203,1.0,0.007817449508144503,1.399825061419292,0.7070375820428375,0.0841564598972738,0.28562502018209807,0.23342503043257387
frozenset({'HEART OF WICKER LARGE'}),frozenset({'HEART OF WICKER SMALL'}),0.04901435611742019,0.06235268909363617,0.025873151917720164,0.5278688524590164,8.465855444763674,1.0,0.0228169750096059,1.9859890960169513,0.9273309768657769,0.30263157894736836,0.4964725627116612,0.4714086530336319
frozenset({'HEART OF WICKER SMALL'}),frozenset({'HEART OF WICKER LARGE'}),0.06235268909363617,0.04901435611742019,0.025873151917720164,0.41494845360824745,8.465855444763676,1.0,0.0228169750096059,1.625473259147317,0.940522556689793,0.30263157894736836,0.38479455483347963,0.4714086530336319
frozenset({'LARGE WHITE HEART OF WICKER'}),frozenset({'HEART OF WICKER LARGE'}),0.029569316477394473,0.04901435611742019,0.010767088065138205,0.3641304347826087,7.429056783083868,1.0,0.009317767057166491,1.4955671664478176,0.8917622090474983,0.15876777251184834,0.3313573456047845,0.29190128296507484
frozenset({'HEART OF WICKER LARGE'}),frozenset({'LARGE WHITE HEART OF WICKER'}),0.04901435611742019,0.029569316477394473,0.010767088065138205,0.21967213114754097,7.429056783083867,1.0,0.009317767057166491,1.243619153253759,0.9099962924071694,0.15876777251184834,0.19589530493830287,0.29190128296507484
frozenset({'HEART OF WICKER LARGE'}),frozenset({'NATURAL SLATE HEART CHALKBOARD'}),0.04901435611742019,0.06529890722091279,0.011195628883651167,0.22841530054644807,3.4979957593118067,1.0,0.007995044991046966,1.2114043907830947,0.7509282749434895,0.10857142857142857,0.17451182478085236,0.1999336551952913
frozenset({'HEART OF WICKER LARGE'}),frozenset({'WHITE HANGING HEART T-LIGHT HOLDER'}),0.04901435611742019,0.11602742661238483,0.018909363616884507,0.3857923497267759,3.3250099652352043,1.0,0.013222354009517242,1.439208015390868,0.7352887250911907,0.1293988269794721,0.3051734083565296,0.27438278612839256
frozenset({'JAM MAKING SET PRINTED'}),frozenset({'HEART OF WICKER SMALL'}),0.05399614313263338,0.06235268909363617,0.01135633169059353,0.21031746031746035,3.373029509627448,1.0,0.007989526965588963,1.1873724741125815,0.7436868309151906,0.10816326530612246,0.1578042932590465,0.19622402225495011
frozenset({'HEART OF WICKER SMALL'}),frozenset({'JUMBO BAG RED RETROSPOT'}),0.06235268909363617,0.10381401328476537,0.013552603385472466,0.21735395189003437,2.0936860546352745,1.0,0.007079520491564875,1.1450718864286862,0.557110830906634,0.0888030888030888,0.1266923833761603,0.1739504537571947
frozenset({'HEART OF WICKER SMALL'}),frozenset({'NATURAL SLATE HEART CHALKBOARD'}),0.06235268909363617,0.06529890722091279,0.015588172273409043,0.25,3.8285479901558657,1.0,0.011516609813309275,1.2462681237054496,0.7879341864716637,0.13910133843212236,0.19760444724626053,0.24436013125512718
frozenset({'NATURAL SLATE HEART CHALKBOARD'}),frozenset({'HEART OF WICKER SMALL'}),0.06529890722091279,0.06235268909363617,0.015588172273409043,0.23872026251025433,3.8285479901558657,1.0,0.011516609813309275,1.231672491373769,0.7904177889850422,0.13910133843212236,0.1880958558353192,0.24436013125512718
frozenset({'SMALL WHITE HEART OF WICKER'}),frozenset({'HEART OF WICKER SMALL'}),0.032836940218555814,0.06235268909363617,0.011570602099850011,0.3523654159869495,5.651166310691042,1.0,0.009523130575616084,1.4478030266639828,0.8509892612080372,0.13837283792440744,0.30929830813781833,0.2689662131481139
frozenset({'HEART OF WICKER SMALL'}),frozenset({'WHITE HANGING HEART T-LIGHT HOLDER'}),0.06235268909363617,0.11602742661238483,0.020087850867795156,0.3221649484536082,2.7766275428125384,1.0,0.012853228809898438,1.3041116291802077,0.6824003656307129,0.12690355329949238,0.23319447689564649,0.2476475711797127
frozenset({'HERB MARKER BASIL'}),frozenset({'HERB MARKER MINT'}),0.012427683736875937,0.012481251339190058,0.010820655667452325,0.8706896551724138,69.75980464703271,1.0,0.010665542623168411,7.636811656310265,0.9980687806250792,0.7680608365019012,0.8690553014786342,0.8688212224359924
frozenset({'HERB MARKER MINT'}),frozenset({'HERB MARKER BASIL'}),0.012481251339190058,0.012427683736875937,0.010820655667452325,0.8669527896995708,69.75980464703271,1.0,0.010665542623168411,7.4227209577196085,0.9981229205101145,0.7680608365019012,0.8652785136749613,0.8688212224359924
frozenset({'HERB MARKER BASIL'}),frozenset({'HERB MARKER PARSLEY'}),0.012427683736875937,0.012213413327619455,0.010874223269766446,0.8750000000000001,71.64254385964914,1.0,0.010722438831583046,7.902292693379051,0.9984502371137217,0.7898832684824904,0.8734544468546639,0.8826754385964913
frozenset({'HERB MARKER PARSLEY'}),frozenset({'HERB MARKER BASIL'}),0.012213413327619455,0.012427683736875937,0.010874223269766446,0.8903508771929826,71.64254385964914,1.0,0.010722438831583046,9.0066595243197,0.9982336535481873,0.7898832684824904,0.8889710444477434,0.8826754385964913
frozenset({'HERB MARKER BASIL'}),frozenset({'HERB MARKER ROSEMARY'}),0.012427683736875937,0.012374116134561818,0.011034926076708806,0.8879310344827587,71.75712792954172,1.0,0.0108811444748651,8.812661732953144,0.9984728064761432,0.801556420233463,0.8865269052299256,0.8898529631288252
frozenset({'HERB MARKER ROSEMARY'}),frozenset({'HERB MARKER BASIL'}),0.012374116134561818,0.012427683736875937,0.011034926076708806,0.8917748917748918,71.75712792954172,1.0,0.0108811444748651,9.125168202271267,0.9984186505502075,0.801556420233463,0.890412978935435,0.8898529631288252
frozenset({'HERB MARKER BASIL'}),frozenset({'HERB MARKER THYME'}),0.012427683736875937,0.012320548532247696,0.010874223269766446,0.8750000000000001,71.01956521739132,1.0,0.01072110738914284,7.901435611742025,0.9983262560828193,0.7837837837837838,0.8734407202516543,0.8788043478260871
frozenset({'HERB MARKER THYME'}),frozenset({'HERB MARKER BASIL'}),0.012320548532247696,0.012427683736875937,0.010874223269766446,0.882608695652174,71.01956521739132,1.0,0.01072110738914284,8.412653064463658,0.9982179660018904,0.7837837837837838,0.8811314347165754,0.8788043478260871
frozenset({'HERB MARKER CHIVES'}),frozenset({'HERB MARKER PARSLEY'}),0.010874223269766446,0.012213413327619455,0.010017141632740518,0.9211822660098521,75.42381816610491,1.0,0.009884330249330043,12.532542318405808,0.9975896007912062,0.7663934426229508,0.9202077300364381,0.8706788523031717
frozenset({'HERB MARKER PARSLEY'}),frozenset({'HERB MARKER CHIVES'}),0.012213413327619455,0.010874223269766446,0.010017141632740518,0.8201754385964912,75.42381816610491,1.0,0.009884330249330043,5.500504319377884,0.9989420812695025,0.7663934426229508,0.8181984883682263,0.8706788523031717
frozenset({'HERB MARKER MINT'}),frozenset({'HERB MARKER PARSLEY'}),0.012481251339190058,0.012213413327619455,0.010981358474394687,0.8798283261802575,72.03787365409232,1.0,0.010828919792943256,8.219795524809452,0.9985819656406492,0.80078125,0.8783424725126382,0.8894755665989007
frozenset({'HERB MARKER PARSLEY'}),frozenset({'HERB MARKER MINT'}),0.012213413327619455,0.012481251339190058,0.010981358474394687,0.899122807017544,72.03787365409232,1.0,0.010828919792943256,9.789316291072389,0.9983112004655839,0.80078125,0.897847819983917,0.8894755665989007
frozenset({'HERB MARKER MINT'}),frozenset({'HERB MARKER ROSEMARY'}),0.012481251339190058,0.012374116134561818,0.010981358474394687,0.8798283261802575,71.10231685338981,1.0,0.010826914020818893,8.218458247880253,0.9983970046372554,0.7915057915057916,0.87832267685269,0.8836371068130725
frozenset({'HERB MARKER ROSEMARY'}),frozenset({'HERB MARKER MINT'}),0.012374116134561818,0.012481251339190058,0.010981358474394687,0.8874458874458875,71.10231685338981,1.0,0.010826914020818893,8.773724266947967,0.9982887010081795,0.7915057915057916,0.886023315803625,0.8836371068130725
frozenset({'HERB MARKER MINT'}),frozenset({'HERB MARKER THYME'}),0.012481251339190058,0.012320548532247696,0.010713520462824084,0.8583690987124463,69.66971449897369,1.0,0.01055974459995641,6.973615520969277,0.9981041497152155,0.7604562737642585,0.8566023611435051,0.8639671580518753
frozenset({'HERB MARKER THYME'}),frozenset({'HERB MARKER MINT'}),0.012320548532247696,0.012481251339190058,0.010713520462824084,0.8695652173913043,69.66971449897369,1.0,0.01055974459995641,7.570977073066208,0.9979417507321836,0.7604562737642585,0.8679166519262744,0.8639671580518753
frozenset({'HERB MARKER ROSEMARY'}),frozenset({'HERB MARKER PARSLEY'}),0.012374116134561818,0.012213413327619455,0.011088493679022928,0.8961038961038962,73.37047163362953,1.0,0.01093736348410756,9.50744589672167,0.9987289264734668,0.8214285714285715,0.8948192805025778,0.9019993164730008
frozenset({'HERB MARKER PARSLEY'}),frozenset({'HERB MARKER ROSEMARY'}),0.012213413327619455,0.012374116134561818,0.011088493679022928,0.9078947368421054,73.37047163362953,1.0,0.01093736348410756,10.72279531053906,0.9985664434593984,0.8214285714285715,0.9067407358772265,0.9019993164730008
frozenset({'HERB MARKER PARSLEY'}),frozenset({'HERB MARKER THYME'}),0.012213413327619455,0.012320548532247696,0.011088493679022928,0.9078947368421054,73.68947368421054,1.0,0.010938017727375592,10.7233769016499,0.9986261749819235,0.8247011952191238,0.90674579386964,0.9039473684210528
frozenset({'HERB MARKER THYME'}),frozenset({'HERB MARKER PARSLEY'}),0.012320548532247696,0.012213413327619455,0.011088493679022928,0.9000000000000001,73.68947368421054,1.0,0.010938017727375592,9.877865866723818,0.9987344975955454,0.8247011952191238,0.8987635574837312,0.9039473684210528
frozenset({'HERB MARKER ROSEMARY'}),frozenset({'HERB MARKER THYME'}),0.012374116134561818,0.012320548532247696,0.01146346689522177,0.9264069264069263,75.19201957462826,1.0,0.011311010996842232,13.420820781708859,0.9990632408723011,0.8663967611336032,0.9254889088927487,0.928420854507811
frozenset({'HERB MARKER THYME'}),frozenset({'HERB MARKER ROSEMARY'}),0.012320548532247696,0.012374116134561818,0.01146346689522177,0.9304347826086957,75.19201957462828,1.0,0.011311010996842232,14.197122080565688,0.9990090558608643,0.8663967611336032,0.9295631893333586,0.928420854507811
frozenset({'LOVE BUILDING BLOCK WORD'}),frozenset({'HOME BUILDING BLOCK WORD'}),0.0325155346046711,0.04006856653096207,0.015213199057210199,0.4678747940691927,11.676853817758943,1.0,0.013910348195613135,1.8039578331755606,0.9450906201285003,0.26517273576097106,0.44566331783949154,0.4237769692271097
frozenset({'HOME BUILDING BLOCK WORD'}),frozenset({'LOVE BUILDING BLOCK WORD'}),0.04006856653096207,0.0325155346046711,0.015213199057210199,0.37967914438502676,11.676853817758944,1.0,0.013910348195613135,1.5596516812838492,0.952526880030181,0.26517273576097106,0.3588311980167033,0.4237769692271097
frozenset({'HOME BUILDING BLOCK WORD'}),frozenset({'WHITE HANGING HEART T-LIGHT HOLDER'}),0.04006856653096207,0.11602742661238483,0.013284765373901865,0.3315508021390375,2.857520948444853,1.0,0.008635712711267205,1.3224229697878722,0.6771799395161291,0.09302325581395349,0.24381228786398934,0.22302378518770896
frozenset({'HOT WATER BOTTLE KEEP CALM'}),frozenset({'HOT WATER BOTTLE I AM SO POORLY'}),0.04044353974716092,0.03401542746946647,0.01146346689522177,0.28344370860927154,8.332798665067529,1.0,0.010087762602343734,1.348093072570338,0.9170823570413802,0.1819727891156463,0.2582114541295337,0.3102257913125098
frozenset({'HOT WATER BOTTLE I AM SO POORLY'}),frozenset({'HOT WATER BOTTLE KEEP CALM'}),0.03401542746946647,0.04044353974716092,0.01146346689522177,0.33700787401574805,8.332798665067529,1.0,0.010087762602343734,1.4473120006188902,0.9109796629336352,0.1819727891156463,0.30906397544386677,0.3102257913125098
frozenset({'HOT WATER BOTTLE I AM SO POORLY'}),frozenset({'HOT WATER BOTTLE TEA AND SYMPATHY'}),0.03401542746946647,0.03310477823012642,0.01387400899935719,0.4078740157480315,12.320699232984227,1.0,0.01274793581657755,1.632921451659228,0.9511909418746883,0.2605633802816901,0.38760067179968155,0.41348393344035883
frozenset({'HOT WATER BOTTLE TEA AND SYMPATHY'}),frozenset({'HOT WATER BOTTLE I AM SO POORLY'}),0.03310477823012642,0.03401542746946647,0.01387400899935719,0.4190938511326861,12.320699232984227,1.0,0.01274793581657755,1.6628926624620324,0.9502950833698756,0.2605633802816901,0.39863827499279014,0.41348393344035883
frozenset({'SCOTTIE DOG HOT WATER BOTTLE'}),frozenset({'HOT WATER BOTTLE I AM SO POORLY'}),0.03931862009856439,0.03401542746946647,0.011945575316048854,0.30381471389645776,8.931674140187518,1.0,0.01060813564588663,1.387539483830551,0.9243844270046472,0.19458987783595114,0.27929978811174366,0.3274979081293312
frozenset({'HOT WATER BOTTLE I AM SO POORLY'}),frozenset({'SCOTTIE DOG HOT WATER BOTTLE'}),0.03401542746946647,0.03931862009856439,0.011945575316048854,0.35118110236220473,8.931674140187518,1.0,0.01060813564588663,1.4806618355276981,0.9193096164754253,0.19458987783595114,0.324626342081947,0.3274979081293312
frozenset({'HOT WATER BOTTLE KEEP CALM'}),frozenset({'HOT WATER BOTTLE TEA AND SYMPATHY'}),0.04044353974716092,0.03310477823012642,0.013927576601671309,0.3443708609271523,10.402451831372296,1.0,0.012588702187500243,1.4747593786591002,0.9419652250836308,0.23360287511230907,0.3219232815395058,0.38254141751859233
frozenset({'HOT WATER BOTTLE TEA AND SYMPATHY'}),frozenset({'HOT WATER BOTTLE KEEP CALM'}),0.03310477823012642,0.04044353974716092,0.013927576601671309,0.42071197411003236,10.402451831372296,1.0,0.012588702187500243,1.6564410403247334,0.9348156829320263,0.23360287511230907,0.3962960493879353,0.38254141751859233
frozenset({'HOT WATER BOTTLE KEEP CALM'}),frozenset({'LOVE HOT WATER BOTTLE'}),0.04044353974716092,0.02437325905292479,0.012213413327619455,0.3019867549668874,12.39008514664144,1.0,0.011227672456344642,1.3977195245067207,0.9580366997995183,0.23217922606924643,0.28454887946641705,0.40154282803289426
frozenset({'LOVE HOT WATER BOTTLE'}),frozenset({'HOT WATER BOTTLE KEEP CALM'}),0.02437325905292479,0.04044353974716092,0.012213413327619455,0.5010989010989011,12.390085146641438,1.0,0.011227672456344642,1.923340041475955,0.9422561578822144,0.23217922606924643,0.48007113748195646,0.40154282803289426
frozenset({'SCOTTIE DOG HOT WATER BOTTLE'}),frozenset({'HOT WATER BOTTLE KEEP CALM'}),0.03931862009856439,0.04044353974716092,0.010445682451253482,0.2656675749318801,6.568850713679917,1.0,0.008855498276493673,1.3067058289899514,0.8824636201685382,0.15069551777434312,0.23471681398025668,0.26197286031362216
frozenset({'HOT WATER BOTTLE KEEP CALM'}),frozenset({'SCOTTIE DOG HOT WATER BOTTLE'}),0.04044353974716092,0.03931862009856439,0.010445682451253482,0.2582781456953642,6.568850713679917,1.0,0.008855498276493673,1.2952043604028285,0.8834981613410687,0.15069551777434312,0.22792106746074825,0.26197286031362216
frozenset({'SCOTTIE DOG HOT WATER BOTTLE'}),frozenset({'HOT WATER BOTTLE TEA AND SYMPATHY'}),0.03931862009856439,0.03310477823012642,0.01039211484893936,0.2643051771117166,7.983898133206352,1.0,0.009090480650261796,1.3142612829242357,0.9105494487806953,0.16753022452504315,0.23911629065493212,0.2891105173584473
frozenset({'HOT WATER BOTTLE TEA AND SYMPATHY'}),frozenset({'SCOTTIE DOG HOT WATER BOTTLE'}),0.03310477823012642,0.03931862009856439,0.01039211484893936,0.313915857605178,7.983898133206352,1.0,0.009090480650261796,1.4002384263657717,0.9046977182511351,0.16753022452504315,0.285835911105914,0.2891105173584473
frozenset({'IVORY KITCHEN SCALES'}),frozenset({'RED KITCHEN SCALES'}),0.03240839940004286,0.024587529462181273,0.012856224555388901,0.396694214876033,16.133959920056174,1.0,0.012059382080318209,1.6167795744530968,0.9694368321984166,0.2912621359223301,0.3814864958704917,0.4597850159347485
frozenset({'RED KITCHEN SCALES'}),frozenset({'IVORY KITCHEN SCALES'}),0.024587529462181273,0.03240839940004286,0.012856224555388901,0.5228758169934641,16.133959920056174,1.0,0.012059382080318209,2.027965957421828,0.9616638750068647,0.2912621359223301,0.5068950756593028,0.4597850159347485
frozenset({'JAM JAR WITH PINK LID'}),frozenset({'JAM JAR WITH GREEN LID'}),0.014731090636383115,0.014088279408613671,0.01012427683736876,0.6872727272727273,48.78329761493259,1.0,0.009916741116489781,3.1526246879375726,0.9941460361185256,0.5415472779369627,0.6828039811316094,0.7029519529899757
frozenset({'JAM JAR WITH GREEN LID'}),frozenset({'JAM JAR WITH PINK LID'}),0.014088279408613671,0.014731090636383115,0.01012427683736876,0.7186311787072243,48.78329761493259,1.0,0.009916741116489781,3.501698961657178,0.9934978561438762,0.5415472779369627,0.7144243377429709,0.7029519529899757
frozenset({'JAM MAKING SET PRINTED'}),frozenset({'JAM MAKING SET WITH JARS'}),0.05399614313263338,0.053514034711806296,0.022498392971930577,0.4166666666666667,7.78611945278612,1.0,0.01960884149402717,1.6225473690654753,0.9213137032842581,0.26465028355387527,0.38368517365630955,0.41854354354354356
frozenset({'JAM MAKING SET WITH JARS'}),frozenset({'JAM MAKING SET PRINTED'}),0.053514034711806296,0.05399614313263338,0.022498392971930577,0.42042042042042044,7.78611945278612,1.0,0.01960884149402717,1.6322242711753012,0.9208444167751428,0.26465028355387527,0.3873390944738623,0.41854354354354356
frozenset({'JAM MAKING SET PRINTED'}),frozenset({'JUMBO BAG RED RETROSPOT'}),0.05399614313263338,0.10381401328476537,0.015856010284979644,0.29365079365079366,2.8286238471996987,1.0,0.01025045396448235,1.2687576890575234,0.683370573291298,0.11169811320754718,0.21182743669294776,0.22319278588628433
frozenset({'JAM MAKING SET PRINTED'}),frozenset({'LUNCH BAG RED RETROSPOT'}),0.05399614313263338,0.07456610242125562,0.011088493679022928,0.20535714285714288,2.7540281198686376,1.0,0.007062211739842209,1.1645909722339256,0.6732483135555666,0.09439124487004104,0.14132942480071445,0.1770320197044335
frozenset({'JAM MAKING SET PRINTED'}),frozenset({'NATURAL SLATE HEART CHALKBOARD'}),0.05399614313263338,0.06529890722091279,0.012641954146132419,0.23412698412698413,3.585465578082477,1.0,0.009116065005427464,1.22043873254057,0.7622550242816284,0.1185334003013561,0.1806225307858639,0.2138641483391278
frozenset({'PACK OF 60 PINK PAISLEY CAKE CASES'}),frozenset({'JAM MAKING SET PRINTED'}),0.04183629740732805,0.05399614313263338,0.010606385258195843,0.2535211267605634,4.695171026156942,1.0,0.008347386555250339,1.2672881856147742,0.8213786548890256,0.12445003142677562,0.2109134991147337,0.2249748490945674
frozenset({'JAM MAKING SET PRINTED'}),frozenset({'PACK OF 72 RETROSPOT CAKE CASES'}),0.05399614313263338,0.06047782301264196,0.013070494964645383,0.2420634920634921,4.002516625191559,1.0,0.0098049257769047,1.2395789979100222,0.7929747693221693,0.12889593238246172,0.19327448941452022,0.2290919763240401
frozenset({'PACK OF 72 RETROSPOT CAKE CASES'}),frozenset({'JAM MAKING SET PRINTED'}),0.06047782301264196,0.05399614313263338,0.013070494964645383,0.21612046058458811,4.002516625191559,1.0,0.0098049257769047,1.206822999325714,0.7984454316796573,0.12889593238246172,0.17137807237786473,0.2290919763240401
frozenset({'RECIPE BOX PANTRY YELLOW DESIGN'}),frozenset({'JAM MAKING SET PRINTED'}),0.05533533319048639,0.05399614313263338,0.016177415898864365,0.29235237173281703,5.414319519353401,1.0,0.013189521327618903,1.3368289796771406,0.8630624304091239,0.17366302472685452,0.251961159428552,0.2959777731679958
frozenset({'JAM MAKING SET PRINTED'}),frozenset({'RECIPE BOX PANTRY YELLOW DESIGN'}),0.05399614313263338,0.05533533319048639,0.016177415898864365,0.2996031746031746,5.414319519353401,1.0,0.013189521327618903,1.348756351478739,0.8618406546016364,0.17366302472685452,0.25857624403130497,0.2959777731679958
frozenset({'RECYCLING BAG RETROSPOT'}),frozenset({'JAM MAKING SET PRINTED'}),0.0380329976430255,0.05399614313263338,0.010499250053567602,0.276056338028169,5.112519561815336,1.0,0.008445614869071688,1.306736845089164,0.8362051135188455,0.12877792378449407,0.2347349783867417,0.2352503912363067
frozenset({'RED TOADSTOOL LED NIGHT LIGHT'}),frozenset({'JAM MAKING SET PRINTED'}),0.03530104992500536,0.05399614313263338,0.010017141632740518,0.2837632776934749,5.255250861093046,1.0,0.008111021088257692,1.3207977577872765,0.8393438456054207,0.12635135135135137,0.24288181585400848,0.23463957535467397
frozenset({'JAM MAKING SET PRINTED'}),frozenset({'REGENCY CAKESTAND 3 TIER'}),0.05399614313263338,0.0902614098992929,0.013338332976215984,0.24702380952380953,2.736759926522538,1.0,0.008464564967940473,1.2081903805290024,0.6708264541745692,0.1018821603927987,0.17231587329626546,0.19739914511798784
frozenset({'JAM MAKING SET PRINTED'}),frozenset({'ROSES REGENCY TEACUP AND SAUCER'}),0.05399614313263338,0.051264195414613245,0.011999142918362973,0.2222222222222222,4.334842679670265,1.0,0.00923107408517623,1.2198031773240687,0.8132219705549264,0.128661688684664,0.18019560975915783,0.22814350400557296
frozenset({'ROSES REGENCY TEACUP AND SAUCER'}),frozenset({'JAM MAKING SET PRINTED'}),0.051264195414613245,0.05399614313263338,0.011999142918362973,0.2340647857889237,4.334842679670266,1.0,0.00923107408517623,1.235096440684952,0.8108802439162104,0.128661688684664,0.19034662633678526,0.22814350400557296
frozenset({'JAM MAKING SET PRINTED'}),frozenset({'SET OF 3 CAKE TINS PANTRY DESIGN'}),0.05399614313263338,0.06647739447182344,0.01682022712663381,0.3115079365079365,4.685922770934859,1.0,0.013230704219648701,1.355894504859369,0.8314922347815423,0.16227390180878554,0.2624794949635714,0.2822648465779006
frozenset({'SET OF 3 CAKE TINS PANTRY DESIGN'}),frozenset({'JAM MAKING SET PRINTED'}),0.06647739447182344,0.05399614313263338,0.01682022712663381,0.25302175664786464,4.685922770934859,1.0,0.013230704219648701,1.2664409777480066,0.842609334150573,0.16227390180878554,0.21038562588348456,0.2822648465779006
frozenset({'JAM MAKING SET PRINTED'}),frozenset({'SET OF 4 PANTRY JELLY MOULDS'}),0.05399614313263338,0.05356760231412042,0.013766873794728948,0.2549603174603175,4.759599206349207,1.0,0.01087442987290372,1.270311393964536,0.8349842022464979,0.14677327241576243,0.212791442514671,0.2559801587301588
frozenset({'SET OF 4 PANTRY JELLY MOULDS'}),frozenset({'JAM MAKING SET PRINTED'}),0.05356760231412042,0.05399614313263338,0.013766873794728948,0.257,4.759599206349207,1.0,0.01087442987290372,1.2732218800368327,0.8346061247268028,0.14677327241576243,0.21459093997734996,0.2559801587301588
frozenset({'SET OF 6 SPICE TINS PANTRY DESIGN'}),frozenset({'JAM MAKING SET PRINTED'}),0.041247053781872725,0.05399614313263338,0.011409899292907649,0.2766233766233766,5.123021026592455,1.0,0.009182717473102222,1.3077611665850488,0.8394265469900642,0.13610223642172523,0.23533438249180036,0.2439664502164502
frozenset({'JAM MAKING SET PRINTED'}),frozenset({'SET OF 6 SPICE TINS PANTRY DESIGN'}),0.05399614313263338,0.041247053781872725,0.011409899292907649,0.2113095238095238,5.123021026592455,1.0,0.009182717473102222,1.2156263770916633,0.8507393169891375,0.13610223642172523,0.1773788239175433,0.2439664502164502
frozenset({'JAM MAKING SET PRINTED'}),frozenset({'SUKI SHOULDER BAG'}),0.05399614313263338,0.027158774373259052,0.01162416970216413,0.2152777777777778,7.9266381766381775,1.0,0.01015770063379874,1.2397268715951388,0.9237204544624265,0.1671802773497689,0.19337071502425834,0.3216428336620645
frozenset({'SUKI SHOULDER BAG'}),frozenset({'JAM MAKING SET PRINTED'}),0.027158774373259052,0.05399614313263338,0.01162416970216413,0.4280078895463511,7.9266381766381775,1.0,0.01015770063379874,1.6538757083853617,0.8982381601126839,0.1671802773497689,0.39535964224525944,0.3216428336620645
frozenset({'VINTAGE SNAP CARDS'}),frozenset({'JAM MAKING SET PRINTED'}),0.04687165202485537,0.05399614313263338,0.010445682451253482,0.22285714285714286,4.127278911564626,1.0,0.007914794019656406,1.2172843746455086,0.7949712289621241,0.115521327014218,0.17849927196246562,0.2081547619047619
frozenset({'JAM MAKING SET PRINTED'}),frozenset({'WHITE HANGING HEART T-LIGHT HOLDER'}),0.05399614313263338,0.11602742661238483,0.01398114420398543,0.25892857142857145,2.2316152222661922,1.0,0.007716110669311983,1.192830460474854,0.5833951653844652,0.08959835221421217,0.1616578942812127,0.1897135931935101
frozenset({'JAM MAKING SET WITH JARS'}),frozenset({'JUMBO BAG RED RETROSPOT'}),0.053514034711806296,0.10381401328476537,0.014356117420184273,0.2682682682682683,2.584123855537684,1.0,0.008800610709691417,1.2247466494234192,0.6476817057955454,0.1004121393780442,0.18350460442510652,0.20327758098655932
frozenset({'JAM MAKING SET WITH JARS'}),frozenset({'NATURAL SLATE HEART CHALKBOARD'}),0.053514034711806296,0.06529890722091279,0.0125883865438183,0.23523523523523526,3.6024375482948088,1.0,0.009093978556155353,1.2222073189611362,0.76325503375909,0.1185073121533031,0.18180820513332407,0.214008101620899
frozenset({'JAM MAKING SET WITH JARS'}),frozenset({'PACK OF 72 RETROSPOT CAKE CASES'}),0.053514034711806296,0.06047782301264196,0.012481251339190058,0.23323323323323325,3.856508412752877,1.0,0.009244839019197058,1.225303726906489,0.7825769387815084,0.12295514511873352,0.18387581948788403,0.21980527914983186
frozenset({'PACK OF 72 RETROSPOT CAKE CASES'}),frozenset({'JAM MAKING SET WITH JARS'}),0.06047782301264196,0.053514034711806296,0.012481251339190058,0.20637732506643047,3.856508412752877,1.0,0.009244839019197058,1.1926145701008601,0.7883774406368933,0.12295514511873352,0.1615061352844034,0.21980527914983186
frozenset({'RECIPE BOX PANTRY YELLOW DESIGN'}),frozenset({'JAM MAKING SET WITH JARS'}),0.05533533319048639,0.053514034711806296,0.016284551103492608,0.2942884801548887,5.499276624155618,1.0,0.013323334162347553,1.3411797011559727,0.8660828869025414,0.17592592592592596,0.2543877609107172,0.2992963922295965
frozenset({'JAM MAKING SET WITH JARS'}),frozenset({'RECIPE BOX PANTRY YELLOW DESIGN'}),0.053514034711806296,0.05533533319048639,0.016284551103492608,0.30430430430430433,5.499276624155618,1.0,0.013323334162347553,1.3578705066801497,0.8644163059893778,0.17592592592592596,0.2635527503687413,0.2992963922295965
frozenset({'JAM MAKING SET WITH JARS'}),frozenset({'REGENCY CAKESTAND 3 TIER'}),0.053514034711806296,0.0902614098992929,0.013177630169273624,0.24624624624624628,2.7281453560385316,1.0,0.008347377946786288,1.2069440259105,0.669265725143527,0.10090237899917966,0.17146116262880087,0.1961201557640727
frozenset({'JAM MAKING SET WITH JARS'}),frozenset({'ROSES REGENCY TEACUP AND SAUCER'}),0.053514034711806296,0.051264195414613245,0.012374116134561818,0.23123123123123127,4.5105795450623045,1.0,0.009630762201671384,1.234097745808335,0.8223037927605249,0.13391304347826088,0.1896914135071213,0.23630527078802943
frozenset({'ROSES REGENCY TEACUP AND SAUCER'}),frozenset({'JAM MAKING SET WITH JARS'}),0.051264195414613245,0.053514034711806296,0.012374116134561818,0.24137931034482757,4.510579545062304,1.0,0.009630762201671384,1.2476405906071646,0.8203537752970309,0.13391304347826088,0.1984871223904715,0.23630527078802943
frozenset({'JAM MAKING SET WITH JARS'}),frozenset({'SET OF 3 CAKE TINS PANTRY DESIGN'}),0.053514034711806296,0.06647739447182344,0.01826655238911506,0.3413413413413413,5.134697953392554,1.0,0.014709078793799462,1.4173086366605598,0.8507749792577056,0.17956819378620326,0.29443737649395535,0.3080598729269156
frozenset({'SET OF 3 CAKE TINS PANTRY DESIGN'}),frozenset({'JAM MAKING SET WITH JARS'}),0.06647739447182344,0.053514034711806296,0.01826655238911506,0.2747784045124899,5.134697953392554,1.0,0.014709078793799462,1.305098981025165,0.8625892642740803,0.17956819378620326,0.233774591399579,0.3080598729269156
frozenset({'JAM MAKING SET WITH JARS'}),frozenset({'SET OF 4 PANTRY JELLY MOULDS'}),0.053514034711806296,0.05356760231412042,0.015481037068780802,0.2892892892892893,5.400452452452453,1.0,0.012614418539114726,1.3316703736453432,0.8609005939869664,0.1690058479532164,0.24906341705073878,0.2891446446446446
frozenset({'SET OF 4 PANTRY JELLY MOULDS'}),frozenset({'JAM MAKING SET WITH JARS'}),0.05356760231412042,0.053514034711806296,0.015481037068780802,0.289,5.400452452452452,1.0,0.012614418539114726,1.3312038892942246,0.8609493205317924,0.1690058479532164,0.24880027166223326,0.2891446446446446
frozenset({'SET OF 6 SPICE TINS PANTRY DESIGN'}),frozenset({'JAM MAKING SET WITH JARS'}),0.041247053781872725,0.053514034711806296,0.013391900578530106,0.3246753246753247,6.067106067106067,1.0,0.011184604310687227,1.4015272947536714,0.8711073863001453,0.1645819618169849,0.28649266857428046,0.2874627874627875
frozenset({'JAM MAKING SET WITH JARS'}),frozenset({'SET OF 6 SPICE TINS PANTRY DESIGN'}),0.053514034711806296,0.041247053781872725,0.013391900578530106,0.2502502502502503,6.067106067106067,1.0,0.011184604310687227,1.2787639429531497,0.8823974192087837,0.1645819618169849,0.2179948414164528,0.2874627874627875
frozenset({'JAM MAKING SET WITH JARS'}),frozenset({'WHITE HANGING HEART T-LIGHT HOLDER'}),0.053514034711806296,0.11602742661238483,0.013606170987786586,0.25425425425425424,2.1913289097037945,1.0,0.007397075252529866,1.1853538265962786,0.574394051951837,0.08725523874957059,0.15637004111128458,0.18576055279656387
"frozenset({""JUMBO BAG 50'S CHRISTMAS""})",frozenset({'JUMBO BAG RED RETROSPOT'}),0.03599742875508892,0.10381401328476537,0.01269552174844654,0.35267857142857145,3.397215465133422,1.0,0.008958484201448343,1.3844528346497418,0.7319910753725862,0.09987357774968396,0.27769298095807365,0.23748479655019905
frozenset({'JUMBO BAG VINTAGE CHRISTMAS'}),"frozenset({""JUMBO BAG 50'S CHRISTMAS""})",0.024480394257553034,0.03599742875508892,0.01676665952431969,0.6849015317286652,19.02640147962905,1.0,0.01588542827613694,3.05936927124253,0.9712172346770017,0.383578431372549,0.673135240848562,0.5753376706262374
"frozenset({""JUMBO BAG 50'S CHRISTMAS""})",frozenset({'JUMBO BAG VINTAGE CHRISTMAS'}),0.03599742875508892,0.024480394257553034,0.01676665952431969,0.46577380952380953,19.02640147962905,1.0,0.01588542827613694,1.8260422703591208,0.9828204634753765,0.383578431372549,0.45236755127068673,0.5753376706262374
"frozenset({""JUMBO BAG 50'S CHRISTMAS""})",frozenset({'JUMBO BAG VINTAGE DOILY'}),0.03599742875508892,0.03508677951574887,0.011409899292907649,0.3169642857142857,9.033724100327154,1.0,0.010146865447043966,1.4126834077677923,0.9225117318715583,0.19120287253141832,0.2921273128137615,0.3210775627044711
frozenset({'JUMBO BAG VINTAGE DOILY'}),"frozenset({""JUMBO BAG 50'S CHRISTMAS""})",0.03508677951574887,0.03599742875508892,0.011409899292907649,0.3251908396946565,9.033724100327154,1.0,0.010146865447043966,1.4285558465280923,0.9216410995814448,0.19120287253141832,0.29999236471548385,0.3210775627044711
"frozenset({""JUMBO BAG 50'S CHRISTMAS""})","frozenset({""PAPER CHAIN KIT 50'S CHRISTMAS""})",0.03599742875508892,0.06026355260338547,0.013552603385472466,0.3764880952380953,6.247359788359789,1.0,0.011383270444103545,1.5071668082351435,0.8712968274899913,0.16386010362694303,0.33650343509689123,0.3006884920634921
"frozenset({""PAPER CHAIN KIT 50'S CHRISTMAS""})","frozenset({""JUMBO BAG 50'S CHRISTMAS""})",0.06026355260338547,0.03599742875508892,0.013552603385472466,0.2248888888888889,6.2473597883597884,1.0,0.011383270444103545,1.243695977810235,0.8937956853166438,0.16386010362694303,0.19594497542663802,0.3006884920634921
frozenset({'JUMBO BAG APPLES'}),frozenset({'JUMBO BAG ALPHABET'}),0.04740732804799657,0.04542532676237412,0.019659310049282196,0.4146892655367232,9.129032086131543,1.0,0.017505816681770887,1.6308853008017352,0.9347745244248671,0.2686676427525622,0.3868360947833641,0.42373614220232386
frozenset({'JUMBO BAG ALPHABET'}),frozenset({'JUMBO BAG APPLES'}),0.04542532676237412,0.04740732804799657,0.019659310049282196,0.43278301886792453,9.129032086131543,1.0,0.017505816681770887,1.6794149393249458,0.9328336345593384,0.2686676427525622,0.4045545406414224,0.42373614220232386
frozenset({'JUMBO BAG ALPHABET'}),frozenset({'JUMBO BAG BAROQUE BLACK WHITE'}),0.04542532676237412,0.04874651810584958,0.01162416970216413,0.25589622641509435,5.249528301886793,1.0,0.009409843188677927,1.2783881975376221,0.8480286738351254,0.14081765087605452,0.217764993508108,0.2471788824383164
frozenset({'JUMBO BAG BAROQUE BLACK WHITE'}),frozenset({'JUMBO BAG ALPHABET'}),0.04874651810584958,0.04542532676237412,0.01162416970216413,0.23846153846153845,5.249528301886792,1.0,0.009409843188677927,1.253481894150418,0.8509894677183205,0.14081765087605452,0.2022222222222222,0.2471788824383164
frozenset({'JUMBO BAG PEARS'}),frozenset({'JUMBO BAG ALPHABET'}),0.02935504606813799,0.04542532676237412,0.011677737304478252,0.3978102189781022,8.757454207409447,1.0,0.010344274744708538,1.5851724876794515,0.9126010085667416,0.18505942275042445,0.36915382535820496,0.32744284533810775
frozenset({'JUMBO BAG ALPHABET'}),frozenset({'JUMBO BAG PEARS'}),0.04542532676237412,0.02935504606813799,0.011677737304478252,0.25707547169811323,8.757454207409449,1.0,0.010344274744708538,1.306518922117808,0.927964661909616,0.18505942275042445,0.234607334749469,0.32744284533810775
frozenset({'JUMBO BAG PINK POLKADOT'}),frozenset({'JUMBO BAG ALPHABET'}),0.062084851082065566,0.04542532676237412,0.014195414613241912,0.2286453839516825,5.033433994823123,1.0,0.011375189965845748,1.2375302531123136,0.8543720372379919,0.15212399540757748,0.19193894655499485,0.2705726919758412
frozenset({'JUMBO BAG ALPHABET'}),frozenset({'JUMBO BAG PINK POLKADOT'}),0.04542532676237412,0.062084851082065566,0.014195414613241912,0.3125,5.033433994823123,1.0,0.011375189965845748,1.3642402166079046,0.8394612794612795,0.15212399540757748,0.2669912616368724,0.2705726919758412
frozenset({'JUMBO BAG ALPHABET'}),frozenset({'JUMBO BAG PINK VINTAGE PAISLEY'}),0.04542532676237412,0.04365759588600814,0.010659952860509964,0.2346698113207547,5.375234402129876,1.0,0.008676792301728364,1.2495814463615795,0.8526955766486755,0.1359289617486339,0.1997320359455469,0.23942079523092952
frozenset({'JUMBO BAG PINK VINTAGE PAISLEY'}),frozenset({'JUMBO BAG ALPHABET'}),0.04365759588600814,0.04542532676237412,0.010659952860509964,0.2441717791411043,5.375234402129876,1.0,0.008676792301728364,1.2629518809880929,0.8511194295569035,0.1359289617486339,0.20820419601605694,0.23942079523092952
frozenset({'JUMBO BAG RED RETROSPOT'}),frozenset({'JUMBO BAG ALPHABET'}),0.10381401328476537,0.04542532676237412,0.02126633811870581,0.20485036119711045,4.509606772202426,1.0,0.01655055264273189,1.200496895999039,0.8684036429828614,0.16617831728756804,0.16701159050660255,0.3365053692778005
frozenset({'JUMBO BAG ALPHABET'}),frozenset({'JUMBO BAG RED RETROSPOT'}),0.04542532676237412,0.10381401328476537,0.02126633811870581,0.4681603773584906,4.509606772202426,1.0,0.01655055264273189,1.6850681080588004,0.8152857995007448,0.16617831728756804,0.4065521771983444,0.3365053692778005
frozenset({'JUMBO BAG SCANDINAVIAN BLUE PAISLEY'}),frozenset({'JUMBO BAG ALPHABET'}),0.03401542746946647,0.04542532676237412,0.010284979644311121,0.3023622047244095,6.656247214381223,1.0,0.00873981773654877,1.368295524844001,0.8796881642913916,0.1487219209914795,0.2691637282713399,0.2643886495320161
frozenset({'JUMBO BAG ALPHABET'}),frozenset({'JUMBO BAG SCANDINAVIAN BLUE PAISLEY'}),0.04542532676237412,0.03401542746946647,0.010284979644311121,0.22641509433962265,6.656247214381222,1.0,0.00873981773654877,1.2487117644906895,0.8902029554807332,0.1487219209914795,0.19917467870748495,0.2643886495320161
frozenset({'JUMBO BAG STRAWBERRY'}),frozenset({'JUMBO BAG ALPHABET'}),0.04242554103278337,0.04542532676237412,0.010338547246625241,0.2436868686868687,5.364559510196303,1.0,0.008411353182140546,1.2621421389051748,0.8496377462705083,0.13337940566689702,0.2076962101372876,0.2356406041547551
frozenset({'JUMBO BAG ALPHABET'}),frozenset({'JUMBO BAG STRAWBERRY'}),0.04542532676237412,0.04242554103278337,0.010338547246625241,0.2275943396226415,5.364559510196303,1.0,0.008411353182140546,1.2397299865712972,0.8523077638794391,0.13337940566689702,0.19337274178090577,0.2356406041547551
frozenset({'JUMBO BAG VINTAGE LEAF'}),frozenset({'JUMBO BAG ALPHABET'}),0.04371116348832226,0.04542532676237412,0.015856010284979644,0.3627450980392157,7.985525342212356,1.0,0.013870416400359048,1.49794794877289,0.9147585856077901,0.21637426900584794,0.33242006117823114,0.3559008509064003
frozenset({'JUMBO BAG ALPHABET'}),frozenset({'JUMBO BAG VINTAGE LEAF'}),0.04542532676237412,0.04371116348832226,0.015856010284979644,0.3490566037735849,7.985525342212356,1.0,0.013870416400359048,1.4690814010179398,0.9164012497345829,0.21637426900584794,0.31930252516498336,0.3559008509064003
frozenset({'JUMBO SHOPPER VINTAGE RED PAISLEY'}),frozenset({'JUMBO BAG ALPHABET'}),0.060692093421898435,0.04542532676237412,0.013284765373901865,0.21888790820829657,4.818631450981698,1.0,0.010527807198319592,1.2220713048341585,0.8436767018957476,0.14310444316214654,0.181717141999578,0.2556703691984879
frozenset({'JUMBO BAG ALPHABET'}),frozenset({'JUMBO SHOPPER VINTAGE RED PAISLEY'}),0.04542532676237412,0.060692093421898435,0.013284765373901865,0.29245283018867924,4.818631450981698,1.0,0.010527807198319592,1.3275551746303837,0.8301835559900076,0.14310444316214654,0.24673563923366204,0.2556703691984879
frozenset({'JUMBO STORAGE BAG SUKI'}),frozenset({'JUMBO BAG ALPHABET'}),0.06053139061495608,0.04542532676237412,0.015106063852581958,0.2495575221238938,5.493796961095341,1.0,0.012356405654516671,1.2720157791963647,0.870679998608897,0.16627358490566033,0.21384623024741015,0.29105234596760726
frozenset({'JUMBO BAG ALPHABET'}),frozenset({'JUMBO STORAGE BAG SUKI'}),0.04542532676237412,0.06053139061495608,0.015106063852581958,0.3325471698113207,5.493796961095341,1.0,0.012356405654516671,1.4075430755450835,0.8569015609204733,0.16627358490566033,0.2895421693487134,0.29105234596760726
frozenset({'LUNCH BAG ALPHABET DESIGN'}),frozenset({'JUMBO BAG ALPHABET'}),0.03685451039211485,0.04542532676237412,0.01280265695307478,0.34738372093023256,7.64735766783677,1.0,0.01112852877584565,1.462689031597966,0.902496963152922,0.18427139552814184,0.31632768250985305,0.314611671785871
frozenset({'JUMBO BAG ALPHABET'}),frozenset({'LUNCH BAG ALPHABET DESIGN'}),0.04542532676237412,0.03685451039211485,0.01280265695307478,0.2818396226415094,7.64735766783677,1.0,0.01112852877584565,1.3411286948891405,0.9106001906559787,0.18427139552814184,0.2543594035301278,0.314611671785871
frozenset({'JUMBO BAG ALPHABET'}),frozenset({'LUNCH BAG APPLE DESIGN'}),0.04542532676237412,0.04901435611742019,0.01151703449753589,0.2535377358490566,5.17272399216414,1.0,0.009290541354854708,1.2739902464651305,0.8450656435152559,0.1388888888888889,0.21506463430576175,0.2442552067223425
frozenset({'LUNCH BAG APPLE DESIGN'}),frozenset({'JUMBO BAG ALPHABET'}),0.04901435611742019,0.04542532676237412,0.01151703449753589,0.2349726775956284,5.172723992164141,1.0,0.009290541354854708,1.2477654657320396,0.8482549297269115,0.1388888888888889,0.19856733700085247,0.2442552067223425
frozenset({'JUMBO BAG ALPHABET'}),frozenset({'LUNCH BAG RED RETROSPOT'}),0.04542532676237412,0.07456610242125562,0.010606385258195843,0.23349056603773582,3.131323194534808,1.0,0.00721919569031365,1.207335300225808,0.7130360847532564,0.09696376101860922,0.17172967624406418,0.18786597267404032
frozenset({'JUMBO BAG APPLES'}),frozenset({'JUMBO BAG BAROQUE BLACK WHITE'}),0.04740732804799657,0.04874651810584958,0.014838225841011356,0.3129943502824859,6.420855528652139,1.0,0.012527283665969741,1.3846370583492156,0.8862733665848472,0.18247694334650857,0.27778908272741565,0.30869497733904516
frozenset({'JUMBO BAG BAROQUE BLACK WHITE'}),frozenset({'JUMBO BAG APPLES'}),0.04874651810584958,0.04740732804799657,0.014838225841011356,0.30439560439560437,6.4208555286521385,1.0,0.012527283665969741,1.36944602128961,0.8875210765839813,0.18247694334650857,0.2697777170813216,0.30869497733904516
frozenset({'JUMBO BAG APPLES'}),frozenset({'JUMBO BAG OWLS'}),0.04740732804799657,0.0330512106278123,0.010659952860509964,0.22485875706214692,6.8033440467360755,1.0,0.009093083275893836,1.247448511070534,0.8954650664332175,0.15272448196469685,0.19836370709856288,0.27369356005457424
frozenset({'JUMBO BAG OWLS'}),frozenset({'JUMBO BAG APPLES'}),0.0330512106278123,0.04740732804799657,0.010659952860509964,0.3225283630470016,6.803344046736075,1.0,0.009093083275893836,1.4060997095559478,0.882170255187076,0.15272448196469685,0.28881288204248023,0.27369356005457424
frozenset({'JUMBO BAG APPLES'}),frozenset({'JUMBO BAG PEARS'}),0.04740732804799657,0.02935504606813799,0.019927148060852797,0.4203389830508475,14.319138933564272,1.0,0.018535503762036526,1.6745044526894697,0.9764544971366272,0.35061262959472195,0.4028083960040409,0.5495855499195843
frozenset({'JUMBO BAG PEARS'}),frozenset({'JUMBO BAG APPLES'}),0.02935504606813799,0.04740732804799657,0.019927148060852797,0.6788321167883212,14.319138933564272,1.0,0.018535503762036526,2.966027183123284,0.958294167912839,0.35061262959472195,0.6628486732387325,0.5495855499195843
frozenset({'JUMBO BAG APPLES'}),frozenset({'JUMBO BAG PINK POLKADOT'}),0.04740732804799657,0.062084851082065566,0.018695093207628025,0.39435028248587567,6.351795576744027,1.0,0.01575181630556953,1.5486099007320373,0.8844957846641146,0.20589970501474925,0.35425958498179944,0.34773596954319663
frozenset({'JUMBO BAG PINK POLKADOT'}),frozenset({'JUMBO BAG APPLES'}),0.062084851082065566,0.04740732804799657,0.018695093207628025,0.30112165660051765,6.351795576744027,1.0,0.01575181630556953,1.3630307491263853,0.8983373430054228,0.20589970501474925,0.26634083593423286,0.34773596954319663
frozenset({'JUMBO BAG APPLES'}),frozenset({'JUMBO BAG PINK VINTAGE PAISLEY'}),0.04740732804799657,0.04365759588600814,0.013016927362331262,0.2745762711864407,6.289312675470521,1.0,0.010947237392376408,1.3183224729608767,0.8828538561242079,0.16678105696636925,0.241460249286309,0.2863678901944473
frozenset({'JUMBO BAG PINK VINTAGE PAISLEY'}),frozenset({'JUMBO BAG APPLES'}),0.04365759588600814,0.04740732804799657,0.013016927362331262,0.298159509202454,6.289312675470521,1.0,0.010947237392376408,1.3572780203511938,0.8793922659192736,0.16678105696636925,0.26323127243948774,0.2863678901944473
frozenset({'JUMBO BAG APPLES'}),frozenset({'JUMBO BAG RED RETROSPOT'}),0.04740732804799657,0.10381401328476537,0.027212341975573172,0.5740112994350283,5.529227522112027,1.0,0.022290796991803224,2.1037787751803254,0.8599088929044416,0.21943844492440606,0.5246648498417876,0.41806860121390216
frozenset({'JUMBO BAG RED RETROSPOT'}),frozenset({'JUMBO BAG APPLES'}),0.10381401328476537,0.04740732804799657,0.027212341975573172,0.26212590299277605,5.529227522112026,1.0,0.022290796991803224,1.2909962225475404,0.9140322679330355,0.21943844492440606,0.2254043950440951,0.41806860121390216
frozenset({'JUMBO BAG APPLES'}),frozenset({'JUMBO BAG SCANDINAVIAN BLUE PAISLEY'}),0.04740732804799657,0.03401542746946647,0.013016927362331262,0.2745762711864407,8.072109969304684,1.0,0.011404346833593431,1.331614247179941,0.9197180272739327,0.19028974158183243,0.2490317656800574,0.3286267182703857
frozenset({'JUMBO BAG SCANDINAVIAN BLUE PAISLEY'}),frozenset({'JUMBO BAG APPLES'}),0.03401542746946647,0.04740732804799657,0.013016927362331262,0.3826771653543307,8.072109969304686,1.0,0.011404346833593431,1.543102925228373,0.9069675416742832,0.19028974158183243,0.3519550876024656,0.3286267182703857
frozenset({'JUMBO BAG APPLES'}),frozenset({'JUMBO BAG SPACEBOY DESIGN'}),0.04740732804799657,0.033372616241697024,0.011784872509106493,0.24858757062146894,7.448848745363695,1.0,0.010202765943116464,1.2864138866557866,0.9088365803908738,0.17080745341614909,0.22264520744591756,0.30085879333641663
frozenset({'JUMBO BAG SPACEBOY DESIGN'}),frozenset({'JUMBO BAG APPLES'}),0.033372616241697024,0.04740732804799657,0.011784872509106493,0.35313001605136435,7.448848745363695,1.0,0.010202765943116464,1.4726184482037177,0.8956409481347138,0.17080745341614909,0.3209374762214963,0.30085879333641663
frozenset({'JUMBO BAG APPLES'}),frozenset({'JUMBO BAG STRAWBERRY'}),0.04740732804799657,0.04242554103278337,0.011999142918362973,0.25310734463276835,5.965919077783485,1.0,0.009987861377008073,1.2820777551981644,0.8738060426892457,0.15416379903647623,0.22001610592999105,0.2679678137305256
frozenset({'JUMBO BAG STRAWBERRY'}),frozenset({'JUMBO BAG APPLES'}),0.04242554103278337,0.04740732804799657,0.011999142918362973,0.2828282828282828,5.965919077783484,1.0,0.009987861377008073,1.3282630214542022,0.8692600613751877,0.15416379903647623,0.24713706257877655,0.2679678137305256
frozenset({'JUMBO BAG APPLES'}),frozenset({'JUMBO BAG VINTAGE DOILY'}),0.04740732804799657,0.03508677951574887,0.011677737304478252,0.24632768361581922,7.020527019450555,1.0,0.010014366837827419,1.2802821591132867,0.9002384505973388,0.1649016641452345,0.21892217830123317,0.28957605554836763
frozenset({'JUMBO BAG VINTAGE DOILY'}),frozenset({'JUMBO BAG APPLES'}),0.03508677951574887,0.04740732804799657,0.011677737304478252,0.33282442748091606,7.020527019450555,1.0,0.010014366837827419,1.427799084962385,0.8887437054889512,0.1649016641452345,0.2996213469163662,0.28957605554836763
frozenset({'JUMBO BAG APPLES'}),frozenset({'JUMBO BAG VINTAGE LEAF'}),0.04740732804799657,0.04371116348832226,0.018159417184486822,0.38305084745762713,8.763226985709538,1.0,0.016087187717636318,1.5500286086315656,0.9299743863956775,0.24889867841409694,0.3548506173167703,0.3992460119641077
frozenset({'JUMBO BAG VINTAGE LEAF'}),frozenset({'JUMBO BAG APPLES'}),0.04371116348832226,0.04740732804799657,0.018159417184486822,0.41544117647058826,8.763226985709538,1.0,0.016087187717636318,1.6295924954147483,0.9263799301632498,0.24889867841409694,0.38634965317173375,0.3992460119641077
frozenset({'JUMBO BAG APPLES'}),frozenset({'JUMBO BAG WOODLAND ANIMALS'}),0.04740732804799657,0.03937218770087851,0.014463252624812514,0.3050847457627119,7.7487374610861295,1.0,0.01259672240650967,1.3823668518450776,0.9142908020768898,0.20000000000000004,0.27660302425128563,0.33621584226911105
frozenset({'JUMBO BAG WOODLAND ANIMALS'}),frozenset({'JUMBO BAG APPLES'}),0.03937218770087851,0.04740732804799657,0.014463252624812514,0.36734693877551017,7.748737461086129,1.0,0.01259672240650967,1.5057109976015537,0.9066432461569918,0.20000000000000004,0.33586192729355135,0.33621584226911105
frozenset({'JUMBO BAG APPLES'}),frozenset({'JUMBO SHOPPER VINTAGE RED PAISLEY'}),0.04740732804799657,0.060692093421898435,0.017516605956717377,0.3694915254237288,6.087968046434395,1.0,0.014639355973945783,1.4897625400029029,0.8773336249907782,0.1933767001774098,0.32875208420930535,0.3290529118733825
frozenset({'JUMBO SHOPPER VINTAGE RED PAISLEY'}),frozenset({'JUMBO BAG APPLES'}),0.060692093421898435,0.04740732804799657,0.017516605956717377,0.2886142983230362,6.087968046434395,1.0,0.014639355973945783,1.3390663738481636,0.889741879282065,0.1933767001774098,0.25321102857191924,0.3290529118733825
frozenset({'JUMBO BAG APPLES'}),frozenset({'JUMBO STORAGE BAG SKULLS'}),0.04740732804799657,0.03664023998285837,0.01274908935076066,0.2689265536723164,7.339650444378365,1.0,0.011012073474135972,1.3177332111517317,0.906739842650213,0.1788129226145755,0.24112104670567183,0.30843988502329267
frozenset({'JUMBO STORAGE BAG SKULLS'}),frozenset({'JUMBO BAG APPLES'}),0.03664023998285837,0.04740732804799657,0.01274908935076066,0.347953216374269,7.339650444378366,1.0,0.011012073474135972,1.4609268780609201,0.8966055728341158,0.1788129226145755,0.3155030446648402,0.30843988502329267
frozenset({'JUMBO BAG APPLES'}),frozenset({'JUMBO STORAGE BAG SUKI'}),0.04740732804799657,0.06053139061495608,0.01933790443539747,0.407909604519774,6.738811059447027,1.0,0.016468272943312826,1.5866979376064196,0.8939874258197041,0.21825876662636032,0.36976032028595857,0.36368931553422323
frozenset({'JUMBO STORAGE BAG SUKI'}),frozenset({'JUMBO BAG APPLES'}),0.06053139061495608,0.04740732804799657,0.01933790443539747,0.31946902654867254,6.738811059447027,1.0,0.016468272943312826,1.3997785686680937,0.9064761314489564,0.21825876662636032,0.2856012926733745,0.36368931553422323
frozenset({'JUMBO BAG APPLES'}),frozenset({'LUNCH BAG APPLE DESIGN'}),0.04740732804799657,0.04901435611742019,0.017355903149775018,0.3661016949152543,7.469274798555155,1.0,0.015032263490255151,1.5002179943602194,0.9092219785438027,0.21951219512195125,0.33343020563724257,0.360100027785496
frozenset({'LUNCH BAG APPLE DESIGN'}),frozenset({'JUMBO BAG APPLES'}),0.04901435611742019,0.04740732804799657,0.017355903149775018,0.35409836065573774,7.469274798555155,1.0,0.015032263490255151,1.4748262179967568,0.9107584320646902,0.21951219512195125,0.3219540120745269,0.360100027785496
frozenset({'JUMBO BAG APPLES'}),frozenset({'LUNCH BAG BLACK SKULL.'}),0.04740732804799657,0.06513820441397043,0.011731304906792372,0.24745762711864408,3.7989629794826048,1.0,0.008643276681681817,1.2422713049453995,0.7734368440229586,0.11636556854410203,0.1950228617379583,0.2137781556645852
frozenset({'JUMBO BAG APPLES'}),frozenset({'LUNCH BAG CARS BLUE'}),0.04740732804799657,0.057049496464538246,0.011302764088279408,0.23841807909604518,4.179144319779316,1.0,0.008598199894412023,1.2381471745235662,0.7985748676847502,0.1213341000575043,0.19234157249133507,0.21827007241187235
frozenset({'JUMBO BAG APPLES'}),frozenset({'LUNCH BAG PINK POLKADOT'}),0.04740732804799657,0.05388900792800514,0.011409899292907649,0.2406779661016949,4.466179196010378,1.0,0.00885516541588362,1.245994386880529,0.8147185989467706,0.1269368295589988,0.19742816618652703,0.22620379418404823
frozenset({'LUNCH BAG PINK POLKADOT'}),frozenset({'JUMBO BAG APPLES'}),0.05388900792800514,0.04740732804799657,0.011409899292907649,0.2117296222664016,4.466179196010379,1.0,0.00885516541588362,1.2084593038886702,0.8203001271130349,0.1269368295589988,0.1725000612084117,0.22620379418404823
frozenset({'JUMBO BAG APPLES'}),frozenset({'LUNCH BAG RED RETROSPOT'}),0.04740732804799657,0.07456610242125562,0.013391900578530106,0.2824858757062147,3.7883953503474252,1.0,0.00985692089978513,1.2897779517436045,0.7726660293538774,0.12333497779970402,0.2246727441354258,0.23104178842782
frozenset({'JUMBO BAG APPLES'}),frozenset({'LUNCH BAG SUKI DESIGN'}),0.04740732804799657,0.06433469037925862,0.011945575316048854,0.2519774011299435,3.9166645497866655,1.0,0.00889563954437305,1.250851660142532,0.7817409633677953,0.11969940955448201,0.20054469137767134,0.21882800114781936
frozenset({'JUMBO BAG APPLES'}),frozenset({'LUNCH BAG VINTAGE LEAF DESIGN'}),0.04740732804799657,0.033372616241697024,0.01012427683736876,0.2135593220338983,6.3992382403351735,1.0,0.00854217027137873,1.2291167164168075,0.8857210694358532,0.14329037149355572,0.18640761561256933,0.2584650542753761
frozenset({'LUNCH BAG VINTAGE LEAF DESIGN'}),frozenset({'JUMBO BAG APPLES'}),0.033372616241697024,0.04740732804799657,0.01012427683736876,0.3033707865168539,6.3992382403351735,1.0,0.00854217027137873,1.3674314161891663,0.8728610572334596,0.14329037149355572,0.26870189746930373,0.2584650542753761
frozenset({'JUMBO BAG APPLES'}),frozenset({'RECYCLING BAG RETROSPOT'}),0.04740732804799657,0.0380329976430255,0.01017784443968288,0.21468926553672318,5.644815787379645,1.0,0.008374801643771291,1.224950787173989,0.863796588699438,0.13523131672597866,0.18364067318407107,0.24114744966977006
frozenset({'RECYCLING BAG RETROSPOT'}),frozenset({'JUMBO BAG APPLES'}),0.0380329976430255,0.04740732804799657,0.01017784443968288,0.26760563380281693,5.644815787379646,1.0,0.008374801643771291,1.3006553790113895,0.8553789250942258,0.13523131672597866,0.23115683359562425,0.24114744966977006
frozenset({'JUMBO BAG APPLES'}),frozenset({'RED RETROSPOT CHARLOTTE BAG'}),0.04740732804799657,0.04847868009427898,0.010231412041997,0.21581920903954802,4.451837562817992,1.0,0.007933167351433635,1.2133953431074396,0.813961389679478,0.11944965603502189,0.17586629478974738,0.21343446639822705
frozenset({'RED RETROSPOT CHARLOTTE BAG'}),frozenset({'JUMBO BAG APPLES'}),0.04847868009427898,0.04740732804799657,0.010231412041997,0.2110497237569061,4.451837562817992,1.0,0.007933167351433635,1.207417882516195,0.8148778580572065,0.11944965603502189,0.1717863264406412,0.21343446639822705
frozenset({'JUMBO BAG APPLES'}),frozenset({'WHITE HANGING HEART T-LIGHT HOLDER'}),0.04740732804799657,0.11602742661238483,0.01146346689522177,0.24180790960451978,2.0840581978287975,1.0,0.005962916619243595,1.1658952719046787,0.5460539074123612,0.07543179414874868,0.1422900288751167,0.17030377013005304
frozenset({'JUMBO BAG OWLS'}),frozenset({'JUMBO BAG BAROQUE BLACK WHITE'}),0.0330512106278123,0.04874651810584958,0.013552603385472466,0.4100486223662885,8.41185459597129,1.0,0.011941471948183565,1.612426918485414,0.9112376593065366,0.19858712715855575,0.3798168533806664,0.34403530019413325
frozenset({'JUMBO BAG BAROQUE BLACK WHITE'}),frozenset({'JUMBO BAG OWLS'}),0.04874651810584958,0.0330512106278123,0.013552603385472466,0.27802197802197803,8.41185459597129,1.0,0.011941471948183565,1.3393050202872008,0.9262727214856566,0.19858712715855575,0.25334409648852063,0.34403530019413325
frozenset({'JUMBO BAG PINK POLKADOT'}),frozenset({'JUMBO BAG BAROQUE BLACK WHITE'}),0.062084851082065566,0.04874651810584958,0.02180201414184701,0.3511647972389991,7.20389498336004,1.0,0.018775593824476126,1.466094129674628,0.9181920200253628,0.24488567990373047,0.3179155555162539,0.3992087722458732
frozenset({'JUMBO BAG BAROQUE BLACK WHITE'}),frozenset({'JUMBO BAG PINK POLKADOT'}),0.04874651810584958,0.062084851082065566,0.02180201414184701,0.4472527472527473,7.20389498336004,1.0,0.018775593824476126,1.6968246232908952,0.9053172698853518,0.24488567990373047,0.4106639034618931,0.3992087722458732
frozenset({'JUMBO BAG BAROQUE BLACK WHITE'}),frozenset({'JUMBO BAG PINK VINTAGE PAISLEY'}),0.04874651810584958,0.04365759588600814,0.014356117420184273,0.2945054945054945,6.745801928133217,1.0,0.012227961631869112,1.3555632207846302,0.8954076615458577,0.18393960192175707,0.262299253426795,0.31166992516685765
frozenset({'JUMBO BAG PINK VINTAGE PAISLEY'}),frozenset({'JUMBO BAG BAROQUE BLACK WHITE'}),0.04365759588600814,0.04874651810584958,0.014356117420184273,0.32883435582822085,6.745801928133217,1.0,0.012227961631869112,1.4173155168989626,0.8906429873820277,0.18393960192175707,0.2944408015880858,0.31166992516685765
frozenset({'JUMBO BAG RED RETROSPOT'}),frozenset({'JUMBO BAG BAROQUE BLACK WHITE'}),0.10381401328476537,0.04874651810584958,0.03053353331904864,0.29411764705882354,6.033613445378151,1.0,0.025472961640821915,1.3476090993500465,0.9309025702331142,0.25021949078138717,0.2579450521057618,0.460245636716225
frozenset({'JUMBO BAG BAROQUE BLACK WHITE'}),frozenset({'JUMBO BAG RED RETROSPOT'}),0.04874651810584958,0.10381401328476537,0.03053353331904864,0.6263736263736264,6.033613445378151,1.0,0.025472961640821915,2.3986154350319513,0.87701317715959,0.25021949078138717,0.5830928187174451,0.460245636716225
frozenset({'JUMBO BAG SCANDINAVIAN BLUE PAISLEY'}),frozenset({'JUMBO BAG BAROQUE BLACK WHITE'}),0.03401542746946647,0.04874651810584958,0.013177630169273624,0.38740157480314963,7.947266591676041,1.0,0.011519496518255064,1.5528173804698857,0.9049529340743417,0.18937644341801385,0.35600926897315,0.32886562256641
frozenset({'JUMBO BAG BAROQUE BLACK WHITE'}),frozenset({'JUMBO BAG SCANDINAVIAN BLUE PAISLEY'}),0.04874651810584958,0.03401542746946647,0.013177630169273624,0.27032967032967037,7.947266591676041,1.0,0.011519496518255064,1.3238643991005805,0.9189670154388222,0.18937644341801385,0.24463562833218472,0.32886562256641
frozenset({'JUMBO BAG SPACEBOY DESIGN'}),frozenset({'JUMBO BAG BAROQUE BLACK WHITE'}),0.033372616241697024,0.04874651810584958,0.012106278122991214,0.362760834670947,7.44177940839257,1.0,0.01047947928112576,1.4927730962721806,0.8955090150729371,0.17291507268553938,0.3301058261987408,0.3055562415112977
frozenset({'JUMBO BAG BAROQUE BLACK WHITE'}),frozenset({'JUMBO BAG SPACEBOY DESIGN'}),0.04874651810584958,0.033372616241697024,0.012106278122991214,0.24835164835164833,7.441779408392569,1.0,0.01047947928112576,1.2860101158187949,0.9099819899195376,0.17291507268553938,0.22240114000712505,0.3055562415112977
frozenset({'JUMBO BAG STRAWBERRY'}),frozenset({'JUMBO BAG BAROQUE BLACK WHITE'}),0.04242554103278337,0.04874651810584958,0.014248982215556032,0.33585858585858586,6.88989898989899,1.0,0.012180884811450993,1.4323056229280744,0.8927347457926536,0.1852367688022284,0.30182498484109027,0.3140831390831391
frozenset({'JUMBO BAG BAROQUE BLACK WHITE'}),frozenset({'JUMBO BAG STRAWBERRY'}),0.04874651810584958,0.04242554103278337,0.014248982215556032,0.2923076923076923,6.889898989898991,1.0,0.012180884811450993,1.3530943441928063,0.8986668721584342,0.1852367688022284,0.2609532333855449,0.3140831390831391
frozenset({'JUMBO BAG TOYS'}),frozenset({'JUMBO BAG BAROQUE BLACK WHITE'}),0.027158774373259052,0.04874651810584958,0.011302764088279408,0.4161735700197238,8.537503522118906,1.0,0.009978868401560651,1.6293429571632911,0.907516784443306,0.17495854063018243,0.38625567097241836,0.32402085094392785
frozenset({'JUMBO BAG BAROQUE BLACK WHITE'}),frozenset({'JUMBO BAG TOYS'}),0.04874651810584958,0.027158774373259052,0.011302764088279408,0.23186813186813185,8.537503522118906,1.0,0.009978868401560651,1.2665028831478315,0.9281119676920194,0.17495854063018243,0.21042422144784348,0.32402085094392785
frozenset({'JUMBO BAG VINTAGE LEAF'}),frozenset({'JUMBO BAG BAROQUE BLACK WHITE'}),0.04371116348832226,0.04874651810584958,0.010552817655881723,0.24142156862745098,4.9525910364145656,1.0,0.008422050633470471,1.2539948969719334,0.8345653091237485,0.1288423806409418,0.20254858898171274,0.22895254255548375
frozenset({'JUMBO BAG BAROQUE BLACK WHITE'}),frozenset({'JUMBO BAG VINTAGE LEAF'}),0.04874651810584958,0.04371116348832226,0.010552817655881723,0.2164835164835165,4.952591036414566,1.0,0.008422050633470471,1.2205088937245816,0.8389829878633381,0.1288423806409418,0.18066963285426202,0.22895254255548375
frozenset({'JUMBO BAG WOODLAND ANIMALS'}),frozenset({'JUMBO BAG BAROQUE BLACK WHITE'}),0.03937218770087851,0.04874651810584958,0.015856010284979644,0.40272108843537413,8.26153547133139,1.0,0.013936753224351861,1.5926453512350809,0.9149819674132393,0.21942179392142325,0.37211382356749434,0.36399790685504974
frozenset({'JUMBO BAG BAROQUE BLACK WHITE'}),frozenset({'JUMBO BAG WOODLAND ANIMALS'}),0.04874651810584958,0.03937218770087851,0.015856010284979644,0.3252747252747253,8.26153547133139,1.0,0.013936753224351861,1.4237317739286655,0.9239988524395553,0.21942179392142325,0.29762050808166907,0.36399790685504974
frozenset({'JUMBO SHOPPER VINTAGE RED PAISLEY'}),frozenset({'JUMBO BAG BAROQUE BLACK WHITE'}),0.060692093421898435,0.04874651810584958,0.022176987358045856,0.3654015887025596,7.495952591098223,1.0,0.01921845912717337,1.4989849721642177,0.9225885013961036,0.2541436464088398,0.332881904375458,0.4101733218238073
frozenset({'JUMBO BAG BAROQUE BLACK WHITE'}),frozenset({'JUMBO SHOPPER VINTAGE RED PAISLEY'}),0.04874651810584958,0.060692093421898435,0.022176987358045856,0.454945054945055,7.495952591098223,1.0,0.01921845912717337,1.7233270060203074,0.9110028928922557,0.2541436464088398,0.41972707645932633,0.4101733218238073
frozenset({'JUMBO STORAGE BAG SKULLS'}),frozenset({'JUMBO BAG BAROQUE BLACK WHITE'}),0.03664023998285837,0.04874651810584958,0.01398114420398543,0.3815789473684211,7.827819548872181,1.0,0.01219506008225835,1.5381971196586262,0.9054255123328014,0.19579894973743436,0.3498882638514295,0.33419606709080396
frozenset({'JUMBO BAG BAROQUE BLACK WHITE'}),frozenset({'JUMBO STORAGE BAG SKULLS'}),0.04874651810584958,0.03664023998285837,0.01398114420398543,0.28681318681318685,7.827819548872181,1.0,0.01219506008225835,1.350781789854544,0.9169485535416771,0.19579894973743436,0.25968797661413323,0.33419606709080396
frozenset({'JUMBO STORAGE BAG SUKI'}),frozenset({'JUMBO BAG BAROQUE BLACK WHITE'}),0.06053139061495608,0.04874651810584958,0.022444825369616457,0.37079646017699114,7.606624525916561,1.0,0.01949413084103225,1.5118374606756537,0.9244967150770601,0.25848241826033314,0.33855323339250315,0.41561801030827583
frozenset({'JUMBO BAG BAROQUE BLACK WHITE'}),frozenset({'JUMBO STORAGE BAG SUKI'}),0.04874651810584958,0.06053139061495608,0.022444825369616457,0.46043956043956047,7.606624525916562,1.0,0.01949413084103225,1.7411740011005907,0.9130433263330039,0.25848241826033314,0.42567486111789915,0.41561801030827583
frozenset({'JUMBO BAG BAROQUE BLACK WHITE'}),frozenset({'LUNCH BAG BLACK SKULL.'}),0.04874651810584958,0.06513820441397043,0.011142061281337047,0.22857142857142856,3.509022556390977,1.0,0.007966800620488906,1.2118578831670752,0.7516612231107107,0.10844629822732012,0.17482073278543597,0.19981203007518797
frozenset({'JUMBO BAG BAROQUE BLACK WHITE'}),frozenset({'LUNCH BAG RED RETROSPOT'}),0.04874651810584958,0.07456610242125562,0.013606170987786586,0.27912087912087913,3.743267651888342,1.0,0.009971333126026214,1.2837573884095388,0.7704084573615707,0.1240234375,0.22103661561869484,0.2307960717443476
frozenset({'JUMBO BAG BAROQUE BLACK WHITE'}),frozenset({'LUNCH BAG SUKI DESIGN'}),0.04874651810584958,0.06433469037925862,0.011677737304478252,0.23956043956043957,3.7236588557154753,1.0,0.008541645155071494,1.230426924501264,0.768929574059398,0.11516111991547809,0.1872739615110944,0.21053792169529056
frozenset({'RECYCLING BAG RETROSPOT'}),frozenset({'JUMBO BAG BAROQUE BLACK WHITE'}),0.0380329976430255,0.04874651810584958,0.010927790872080565,0.28732394366197184,5.894245472837023,1.0,0.009073814663855088,1.3347627908000925,0.8631720201166556,0.1440677966101695,0.2508032087105356,0.255749883918898
frozenset({'JUMBO BAG BAROQUE BLACK WHITE'}),frozenset({'RECYCLING BAG RETROSPOT'}),0.04874651810584958,0.0380329976430255,0.010927790872080565,0.22417582417582418,5.894245472837022,1.0,0.009073814663855088,1.2399291390153637,0.872893520512158,0.1440677966101695,0.19350229901516236,0.255749883918898
frozenset({'JUMBO BAG BAROQUE BLACK WHITE'}),frozenset({'WHITE HANGING HEART T-LIGHT HOLDER'}),0.04874651810584958,0.11602742661238483,0.012052710520677095,0.24725274725274726,2.1309853581321727,1.0,0.006396777468541344,1.1743285281499705,0.5579306979014154,0.07891967730620834,0.14844953858406776,0.1755654317981188
frozenset({'JUMBO BAG CHARLIE AND LOLA TOYS'}),frozenset({'JUMBO BAG RED RETROSPOT'}),0.015802442682665525,0.10381401328476537,0.010284979644311121,0.6508474576271187,6.269360340032534,1.0,0.008644464649721139,2.566746272631012,0.8539892097099003,0.09407153356197943,0.6104016939021549,0.37495933252872965
frozenset({'JUMBO BAG DOILEY PATTERNS'}),frozenset({'JUMBO BAG RED RETROSPOT'}),0.025283908292264838,0.10381401328476537,0.010981358474394687,0.4343220338983051,4.183655174826398,1.0,0.008356534483050716,1.5842688604104525,0.7807140674176583,0.09297052154195012,0.368794006504098,0.2700505938325375
frozenset({'JUMBO BAG DOILEY PATTERNS'}),frozenset({'JUMBO BAG VINTAGE LEAF'}),0.025283908292264838,0.04371116348832226,0.011677737304478252,0.46186440677966106,10.566280325689599,1.0,0.010572548255491317,1.7770406725728818,0.9288441254353713,0.20373831775700937,0.43726667856613893,0.36451063476237955
frozenset({'JUMBO BAG VINTAGE LEAF'}),frozenset({'JUMBO BAG DOILEY PATTERNS'}),0.04371116348832226,0.025283908292264838,0.011677737304478252,0.26715686274509803,10.566280325689597,1.0,0.010572548255491317,1.3300473759757723,0.9467425334092548,0.20373831775700937,0.2481470825305281,0.36451063476237955
frozenset({'JUMBO BAG DOILEY PATTERNS'}),frozenset({'LUNCH BAG DOILEY PATTERN'}),0.025283908292264838,0.023569745018212986,0.010820655667452325,0.4279661016949152,18.157434514637902,1.0,0.010224720395939762,1.706944742042235,0.9694373042492203,0.28450704225352114,0.41415795405094785,0.4435285053929121
frozenset({'LUNCH BAG DOILEY PATTERN'}),frozenset({'JUMBO BAG DOILEY PATTERNS'}),0.023569745018212986,0.025283908292264838,0.010820655667452325,0.45909090909090905,18.157434514637902,1.0,0.010224720395939762,1.8019961359302665,0.9677354173863733,0.28450704225352114,0.44505985331441467,0.4435285053929121
frozenset({'JUMBO BAG DOLLY GIRL DESIGN'}),frozenset({'JUMBO BAG PINK POLKADOT'}),0.02271266338118706,0.062084851082065566,0.011088493679022928,0.48820754716981135,7.863553486251974,1.0,0.009678381355324846,1.8326084015723696,0.8931160744264277,0.15043604651162792,0.45432968705043336,0.3334048952415062
frozenset({'JUMBO BAG DOLLY GIRL DESIGN'}),frozenset({'JUMBO BAG RED RETROSPOT'}),0.02271266338118706,0.10381401328476537,0.01398114420398543,0.6155660377358491,5.92950814884047,1.0,0.011623251465998474,2.331183180167236,0.8506729972001503,0.1242265587815326,0.5710332810790694,0.3751204801682341
frozenset({'JUMBO BAG DOLLY GIRL DESIGN'}),frozenset({'JUMBO STORAGE BAG SUKI'}),0.02271266338118706,0.06053139061495608,0.011945575316048854,0.5259433962264151,8.688771080313908,1.0,0.010570746217016211,1.9817646287525303,0.9054746667741616,0.16754320060105182,0.4953992086186975,0.36164426448488896
frozenset({'JUMBO BAG OWLS'}),frozenset({'JUMBO BAG PINK POLKADOT'}),0.0330512106278123,0.062084851082065566,0.014356117420184273,0.4343598055105348,6.996228515332756,1.0,0.012304137930274564,1.658147985336291,0.8863611558296269,0.17771883289124668,0.3969175195197135,0.33279681388555216
frozenset({'JUMBO BAG PINK POLKADOT'}),frozenset({'JUMBO BAG OWLS'}),0.062084851082065566,0.0330512106278123,0.014356117420184273,0.23123382226056946,6.996228515332756,1.0,0.012304137930274564,1.2577930941440691,0.9137989162076987,0.17771883289124668,0.20495667796578088,0.33279681388555216
frozenset({'JUMBO BAG OWLS'}),frozenset({'JUMBO BAG RED RETROSPOT'}),0.0330512106278123,0.10381401328476537,0.019820012856224554,0.59967585089141,5.776444161218184,1.0,0.01638883403703127,2.2386508251145734,0.8551467538670463,0.16933638443935928,0.5533023780299368,0.3952971617718144
frozenset({'JUMBO BAG OWLS'}),frozenset({'JUMBO BAG SPACEBOY DESIGN'}),0.0330512106278123,0.033372616241697024,0.01007070923505464,0.3047001620745543,9.130244984924204,1.0,0.008967703866449161,1.3902309924915452,0.9209111418357206,0.1787072243346008,0.28069507484664896,0.30323290607740555
frozenset({'JUMBO BAG SPACEBOY DESIGN'}),frozenset({'JUMBO BAG OWLS'}),0.033372616241697024,0.0330512106278123,0.01007070923505464,0.3017656500802568,9.130244984924204,1.0,0.008967703866449161,1.384848496043386,0.9212173467041617,0.1787072243346008,0.27789934938220784,0.30323290607740555
frozenset({'JUMBO BAG OWLS'}),frozenset({'JUMBO BAG STRAWBERRY'}),0.0330512106278123,0.04242554103278337,0.01017784443968288,0.3079416531604538,7.258402501514333,1.0,0.008775628947009464,1.3836614547605914,0.8917004160725897,0.15586546349466776,0.2772798602147769,0.27392032152972184
frozenset({'JUMBO BAG STRAWBERRY'}),frozenset({'JUMBO BAG OWLS'}),0.04242554103278337,0.0330512106278123,0.01017784443968288,0.23989898989898992,7.258402501514333,1.0,0.008775628947009464,1.2721319620976292,0.9004298618553546,0.15586546349466776,0.21391802910832328,0.27392032152972184
frozenset({'JUMBO BAG OWLS'}),frozenset({'JUMBO BAG WOODLAND ANIMALS'}),0.0330512106278123,0.03937218770087851,0.014088279408613671,0.42625607779578606,10.826324435771067,1.0,0.012786980940034175,1.6743145768038359,0.9386562744804381,0.24150596877869607,0.402740671404212,0.39203960352374334
frozenset({'JUMBO BAG WOODLAND ANIMALS'}),frozenset({'JUMBO BAG OWLS'}),0.03937218770087851,0.0330512106278123,0.014088279408613671,0.3578231292517007,10.826324435771067,1.0,0.012786980940034175,1.5057359326028772,0.9448326777809841,0.24150596877869607,0.3358729254263336,0.39203960352374334
frozenset({'JUMBO BAG OWLS'}),frozenset({'JUMBO SHOPPER VINTAGE RED PAISLEY'}),0.0330512106278123,0.060692093421898435,0.013499035783158345,0.4084278768233387,6.729507153166891,1.0,0.011493088620028319,1.5878163790649005,0.8805023773031085,0.16822429906542055,0.37020425460724765,0.3154231175820136
frozenset({'JUMBO SHOPPER VINTAGE RED PAISLEY'}),frozenset({'JUMBO BAG OWLS'}),0.060692093421898435,0.0330512106278123,0.013499035783158345,0.22241835834068843,6.729507153166891,1.0,0.011493088620028319,1.243533460112019,0.9064127979867929,0.16822429906542055,0.19583989327483084,0.3154231175820136
frozenset({'JUMBO BAG OWLS'}),frozenset({'JUMBO STORAGE BAG SKULLS'}),0.0330512106278123,0.03664023998285837,0.01039211484893936,0.3144246353322528,8.581402181845753,1.0,0.009181110559812319,1.405184330805145,0.9136667186385424,0.17524841915085815,0.2883495936600587,0.29902518316320237
frozenset({'JUMBO STORAGE BAG SKULLS'}),frozenset({'JUMBO BAG OWLS'}),0.03664023998285837,0.0330512106278123,0.01039211484893936,0.283625730994152,8.581402181845753,1.0,0.009181110559812319,1.3497815753685232,0.9170706148879187,0.17524841915085815,0.2591393909588848,0.29902518316320237
frozenset({'JUMBO BAG OWLS'}),frozenset({'JUMBO STORAGE BAG SUKI'}),0.0330512106278123,0.06053139061495608,0.01655238911506321,0.5008103727714749,8.273564636192825,1.0,0.014551753374253917,1.8819874415278315,0.909182702228619,0.2148817802503477,0.4686468262571498,0.3871308501025516
frozenset({'JUMBO STORAGE BAG SUKI'}),frozenset({'JUMBO BAG OWLS'}),0.06053139061495608,0.0330512106278123,0.01655238911506321,0.2734513274336283,8.273564636192825,1.0,0.014551753374253917,1.3308795761151915,0.9357769961186454,0.2148817802503477,0.2486172168041091,0.3871308501025516
frozenset({'JUMBO BAG OWLS'}),frozenset({'LUNCH BAG RED RETROSPOT'}),0.0330512106278123,0.07456610242125562,0.010552817655881723,0.3192868719611021,4.281930550122022,1.0,0.008088317699061778,1.3595064638240126,0.792658814689457,0.108719646799117,0.26443895148007956,0.23040493023342462
frozenset({'RECYCLING BAG RETROSPOT'}),frozenset({'JUMBO BAG OWLS'}),0.0380329976430255,0.0330512106278123,0.01039211484893936,0.2732394366197183,8.267153651242952,1.0,0.009135078233032636,1.3304915512679327,0.9137936973212409,0.17122683142100611,0.24839808336473881,0.2938320359759855
frozenset({'JUMBO BAG OWLS'}),frozenset({'RECYCLING BAG RETROSPOT'}),0.0330512106278123,0.0380329976430255,0.01039211484893936,0.3144246353322528,8.26715365124295,1.0,0.009135078233032636,1.4031528143126555,0.9090857690152815,0.17122683142100611,0.28731925004914216,0.2938320359759855
frozenset({'JUMBO BAG PEARS'}),frozenset({'JUMBO BAG RED RETROSPOT'}),0.02935504606813799,0.10381401328476537,0.014516820227126633,0.49452554744525545,4.763572197991759,1.0,0.011469355084634057,1.7729600025990924,0.8139675635166949,0.12234762979683975,0.4359714835450107,0.31718021438310245
frozenset({'JUMBO BAG PEARS'}),frozenset({'JUMBO BAG VINTAGE DOILY'}),0.02935504606813799,0.03508677951574887,0.010017141632740518,0.34124087591240876,9.725625452721903,1.0,0.008987167603673109,1.4647436144747081,0.9243120728122675,0.18405511811023623,0.31728666360588725,0.3133685295592578
frozenset({'JUMBO BAG VINTAGE DOILY'}),frozenset({'JUMBO BAG PEARS'}),0.03508677951574887,0.02935504606813799,0.010017141632740518,0.28549618320610687,9.725625452721903,1.0,0.008987167603673109,1.3584881299687386,0.9298026291766106,0.18405511811023623,0.26388756887922754,0.3133685295592578
frozenset({'JUMBO BAG PEARS'}),frozenset({'JUMBO BAG VINTAGE LEAF'}),0.02935504606813799,0.04371116348832226,0.016016713091922007,0.5456204379562044,12.482404823243167,1.0,0.014733569874030395,2.104603543808833,0.9477072212747422,0.28075117370892017,0.5248511279277629,0.4560210032918277
frozenset({'JUMBO BAG VINTAGE LEAF'}),frozenset({'JUMBO BAG PEARS'}),0.04371116348832226,0.02935504606813799,0.016016713091922007,0.366421568627451,12.482404823243167,1.0,0.014733569874030395,1.53200441471644,0.961934508710415,0.28075117370892017,0.34726036661905385,0.4560210032918277
frozenset({'JUMBO BAG PEARS'}),frozenset({'LUNCH BAG APPLE DESIGN'}),0.02935504606813799,0.04901435611742019,0.011195628883651167,0.38138686131386856,7.7811256032866645,1.0,0.009756810201824177,1.5372865275741996,0.8978400245043674,0.16666666666666663,0.34950317844912404,0.30490108093015833
frozenset({'LUNCH BAG APPLE DESIGN'}),frozenset({'JUMBO BAG PEARS'}),0.04901435611742019,0.02935504606813799,0.011195628883651167,0.22841530054644807,7.781125603286665,1.0,0.009756810201824177,1.257988856724722,0.9164006784216268,0.16666666666666663,0.20508039903979539,0.30490108093015833
frozenset({'JUMBO BAG PINK POLKADOT'}),frozenset({'JUMBO BAG PINK VINTAGE PAISLEY'}),0.062084851082065566,0.04365759588600814,0.019498607242339833,0.3140638481449526,7.193796217386472,1.0,0.01678813190315602,1.3942149010919707,0.9179842517411768,0.22608695652173913,0.2827504574676511,0.3803448075080591
frozenset({'JUMBO BAG PINK VINTAGE PAISLEY'}),frozenset({'JUMBO BAG PINK POLKADOT'}),0.04365759588600814,0.062084851082065566,0.019498607242339833,0.4466257668711657,7.193796217386472,1.0,0.01678813190315602,1.694902098377199,0.9002960994643066,0.22608695652173913,0.4099954204095562,0.3803448075080591
frozenset({'JUMBO BAG PINK POLKADOT'}),frozenset({'JUMBO BAG RED RETROSPOT'}),0.062084851082065566,0.10381401328476537,0.04205056781658453,0.6773080241587576,6.524244682660313,1.0,0.0356052902615683,2.777218071130901,0.9027741510917224,0.3395328719723184,0.6399274473996226,0.5411823918523406
frozenset({'JUMBO BAG RED RETROSPOT'}),frozenset({'JUMBO BAG PINK POLKADOT'}),0.10381401328476537,0.062084851082065566,0.04205056781658453,0.4050567595459237,6.5242446826603135,1.0,0.0356052902615683,1.5764783682592864,0.944810078390016,0.3395328719723184,0.3656747722430352,0.5411823918523406
frozenset({'JUMBO BAG PINK POLKADOT'}),frozenset({'JUMBO BAG SCANDINAVIAN BLUE PAISLEY'}),0.062084851082065566,0.03401542746946647,0.016284551103492608,0.26229508196721313,7.711062346714858,1.0,0.01417270835455798,1.3094457538747233,0.9279263521617453,0.20402684563758391,0.23631811624044446,0.37051761972376407
frozenset({'JUMBO BAG SCANDINAVIAN BLUE PAISLEY'}),frozenset({'JUMBO BAG PINK POLKADOT'}),0.03401542746946647,0.062084851082065566,0.016284551103492608,0.47874015748031495,7.711062346714857,1.0,0.01417270835455798,1.7993236240570647,0.9009628181666943,0.20402684563758391,0.44423560796404815,0.37051761972376407
frozenset({'JUMBO BAG SPACEBOY DESIGN'}),frozenset({'JUMBO BAG PINK POLKADOT'}),0.033372616241697024,0.062084851082065566,0.017034497535890293,0.5104333868378812,8.221544836487977,1.0,0.01496256362630561,1.9158070091012234,0.9086938488858217,0.21721311475409832,0.4780267556964741,0.3924039237899501
frozenset({'JUMBO BAG PINK POLKADOT'}),frozenset({'JUMBO BAG SPACEBOY DESIGN'}),0.062084851082065566,0.033372616241697024,0.017034497535890293,0.274374460742019,8.221544836487977,1.0,0.01496256362630561,1.3321297714338562,0.9365115371034698,0.21721311475409832,0.24932238476763707,0.3924039237899501
frozenset({'JUMBO BAG PINK POLKADOT'}),frozenset({'JUMBO BAG STRAWBERRY'}),0.062084851082065566,0.04242554103278337,0.018159417184486822,0.2924935289042278,6.894279289878946,1.0,0.015525433787390405,1.3534497535890295,0.9115453645331327,0.21029776674937964,0.2611473035122021,0.3602619159672654
frozenset({'JUMBO BAG STRAWBERRY'}),frozenset({'JUMBO BAG PINK POLKADOT'}),0.04242554103278337,0.062084851082065566,0.018159417184486822,0.42803030303030304,6.894279289878945,1.0,0.015525433787390405,1.6397986709558587,0.8928310465210684,0.21029776674937964,0.39016903860698476,0.3602619159672654
frozenset({'JUMBO BAG PINK POLKADOT'}),frozenset({'JUMBO BAG TOYS'}),0.062084851082065566,0.027158774373259052,0.014945361045639597,0.24072476272648835,8.86360921218557,1.0,0.01325921258310439,1.2812761142061282,0.9459055465791172,0.20115356885364094,0.21952810255922497,0.39551031035732703
frozenset({'JUMBO BAG TOYS'}),frozenset({'JUMBO BAG PINK POLKADOT'}),0.027158774373259052,0.062084851082065566,0.014945361045639597,0.5502958579881657,8.863609212185573,1.0,0.01325921258310439,2.085627107462249,0.9119464905596478,0.20115356885364094,0.5205279043305201,0.39551031035732703
frozenset({'JUMBO BAG PINK POLKADOT'}),frozenset({'JUMBO BAG VINTAGE LEAF'}),0.062084851082065566,0.04371116348832226,0.0125883865438183,0.2027610008628128,4.6386548579742515,1.0,0.009874585468021991,1.1995008241526348,0.8363445911707413,0.13505747126436785,0.1663198725132752,0.2453755984706221
frozenset({'JUMBO BAG VINTAGE LEAF'}),frozenset({'JUMBO BAG PINK POLKADOT'}),0.04371116348832226,0.062084851082065566,0.0125883865438183,0.2879901960784314,4.6386548579742515,1.0,0.009874585468021991,1.317278419134311,0.8202754563527063,0.13505747126436785,0.24085904280039735,0.2453755984706221
frozenset({'JUMBO BAG PINK POLKADOT'}),frozenset({'JUMBO BAG WOODLAND ANIMALS'}),0.062084851082065566,0.03937218770087851,0.02126633811870581,0.3425366695427093,8.699965370099724,1.0,0.018821921708521632,1.4611123811741231,0.9436429454848193,0.2651970607882432,0.3155899485319409,0.441336361982239
frozenset({'JUMBO BAG WOODLAND ANIMALS'}),frozenset({'JUMBO BAG PINK POLKADOT'}),0.03937218770087851,0.062084851082065566,0.02126633811870581,0.5401360544217687,8.699965370099722,1.0,0.018821921708521632,2.039549214362964,0.9213318648577317,0.2651970607882432,0.5096955773571065,0.441336361982239
frozenset({'JUMBO BAG PINK POLKADOT'}),frozenset({'JUMBO SHOPPER VINTAGE RED PAISLEY'}),0.062084851082065566,0.060692093421898435,0.02431969145061067,0.3917169974115617,6.45416849751018,1.0,0.020551631868653296,1.5441955513815884,0.9009998130602688,0.24700761697497278,0.352413624618137,0.39621154371902
frozenset({'JUMBO SHOPPER VINTAGE RED PAISLEY'}),frozenset({'JUMBO BAG PINK POLKADOT'}),0.060692093421898435,0.062084851082065566,0.02431969145061067,0.4007060900264784,6.45416849751018,1.0,0.020551631868653296,1.5650336726421499,0.899663856679341,0.24700761697497278,0.36103611220596826,0.39621154371902
frozenset({'JUMBO BAG PINK POLKADOT'}),frozenset({'JUMBO STORAGE BAG SKULLS'}),0.062084851082065566,0.03664023998285837,0.017409470752089137,0.28041415012942195,7.653174495052703,1.0,0.015134666909142232,1.3387697384410877,0.9268805054104042,0.21409749670619235,0.2530455601988461,0.37778017447991563
frozenset({'JUMBO STORAGE BAG SKULLS'}),frozenset({'JUMBO BAG PINK POLKADOT'}),0.03664023998285837,0.062084851082065566,0.017409470752089137,0.47514619883040937,7.653174495052703,1.0,0.015134666909142232,1.787002679275396,0.9023993977552697,0.21409749670619235,0.4404037489157623,0.37778017447991563
frozenset({'JUMBO BAG PINK POLKADOT'}),frozenset({'JUMBO STORAGE BAG SUKI'}),0.062084851082065566,0.06053139061495608,0.027051639168630813,0.4357204486626402,7.198256049233776,1.0,0.023293556796510923,1.6648992634208961,0.9180760785542258,0.2830717488789238,0.3993630593929848,0.4413115517649484
frozenset({'JUMBO STORAGE BAG SUKI'}),frozenset({'JUMBO BAG PINK POLKADOT'}),0.06053139061495608,0.062084851082065566,0.027051639168630813,0.44690265486725667,7.198256049233777,1.0,0.023293556796510923,1.6957505892436255,0.9165579917553849,0.2830717488789238,0.4102906368760036,0.4413115517649484
frozenset({'JUMBO BAG PINK POLKADOT'}),frozenset({'LUNCH BAG BLACK SKULL.'}),0.062084851082065566,0.06513820441397043,0.013391900578530106,0.21570319240724764,3.3114697334362653,1.0,0.009347804857735606,1.1919745006426934,0.7442243417670912,0.11764705882352942,0.1610558787450435,0.21064764883520276
frozenset({'LUNCH BAG BLACK SKULL.'}),frozenset({'JUMBO BAG PINK POLKADOT'}),0.06513820441397043,0.062084851082065566,0.013391900578530106,0.2055921052631579,3.3114697334362657,1.0,0.009347804857735606,1.180646812716572,0.7466550538620216,0.11764705882352942,0.1530066492119842,0.21064764883520276
frozenset({'JUMBO BAG PINK POLKADOT'}),frozenset({'LUNCH BAG PINK POLKADOT'}),0.062084851082065566,0.05388900792800514,0.01537390186415256,0.24762726488352027,4.59513497101944,1.0,0.012028210831982111,1.2575030273066996,0.8341677142447199,0.15282215122470716,0.2047732861989331,0.26645776763062695
frozenset({'LUNCH BAG PINK POLKADOT'}),frozenset({'JUMBO BAG PINK POLKADOT'}),0.05388900792800514,0.062084851082065566,0.01537390186415256,0.28528827037773363,4.595134971019441,1.0,0.012028210831982111,1.3122985254679307,0.8269415982737403,0.15282215122470716,0.2379782644018237,0.26645776763062695
frozenset({'JUMBO BAG PINK POLKADOT'}),frozenset({'LUNCH BAG RED RETROSPOT'}),0.062084851082065566,0.07456610242125562,0.01644525391043497,0.2648835202761001,3.55233157795563,1.0,0.011815828545841267,1.2588942339128697,0.7660551679052727,0.13680926916221037,0.2056520928753321,0.24271474864379722
frozenset({'LUNCH BAG RED RETROSPOT'}),frozenset({'JUMBO BAG PINK POLKADOT'}),0.07456610242125562,0.062084851082065566,0.01644525391043497,0.22054597701149428,3.55233157795563,1.0,0.011815828545841267,1.2032975919758202,0.7763868913436802,0.13680926916221037,0.16895038545037266,0.24271474864379722
frozenset({'LUNCH BAG SUKI DESIGN'}),frozenset({'JUMBO BAG PINK POLKADOT'}),0.06433469037925862,0.062084851082065566,0.013713306192414827,0.2131557035803497,3.433296526693674,1.0,0.009719096520807758,1.1919958665084014,0.7574660878370642,0.12167300380228135,0.16107091635375909,0.21701788630268562
frozenset({'JUMBO BAG PINK POLKADOT'}),frozenset({'LUNCH BAG SUKI DESIGN'}),0.062084851082065566,0.06433469037925862,0.013713306192414827,0.22088006902502155,3.433296526693674,1.0,0.009719096520807758,1.2009259068111175,0.7556491036752526,0.12167300380228135,0.16730916176556376,0.21701788630268562
frozenset({'RECYCLING BAG RETROSPOT'}),frozenset({'JUMBO BAG PINK POLKADOT'}),0.0380329976430255,0.062084851082065566,0.015748875080351405,0.4140845070422535,6.669654510323372,1.0,0.013387602085479617,1.6007686435858979,0.8836760453151079,0.18666666666666668,0.37530010722855606,0.3338757306565884
frozenset({'JUMBO BAG PINK POLKADOT'}),frozenset({'RECYCLING BAG RETROSPOT'}),0.062084851082065566,0.0380329976430255,0.015748875080351405,0.25366695427092323,6.669654510323372,1.0,0.013387602085479617,1.2889245731002699,0.9063369936471932,0.18666666666666668,0.22415941097725775,0.3338757306565884
frozenset({'RED RETROSPOT CHARLOTTE BAG'}),frozenset({'JUMBO BAG PINK POLKADOT'}),0.04847868009427898,0.062084851082065566,0.011945575316048854,0.24640883977900555,3.968904418459427,1.0,0.008935783681740448,1.2445941492239454,0.7861529571344074,0.12112982074959262,0.1965252282251685,0.2194080437031352
frozenset({'RED TOADSTOOL LED NIGHT LIGHT'}),frozenset({'JUMBO BAG PINK POLKADOT'}),0.03530104992500536,0.062084851082065566,0.01012427683736876,0.28679817905918054,4.619455053215515,1.0,0.00793261640973424,1.315076772631742,0.8121956070759447,0.11602209944751381,0.23958812077655958,0.22493489625952987
frozenset({'TOY TIDY PINK POLKADOT'}),frozenset({'JUMBO BAG PINK POLKADOT'}),0.023998285836725947,0.062084851082065566,0.011302764088279408,0.47098214285714285,7.586104092197707,1.0,0.009812834085881433,1.772936652806897,0.8895271588432064,0.15114613180515757,0.4359640552205804,0.3265178186244299
frozenset({'JUMBO BAG PINK POLKADOT'}),frozenset({'WHITE HANGING HEART T-LIGHT HOLDER'}),0.062084851082065566,0.11602742661238483,0.013659738590100707,0.2200172562553926,1.89625214209403,1.0,0.006456193087435504,1.1333232439781482,0.5039304156181863,0.08306188925081433,0.1176392037192867,0.16887289405567413
frozenset({'JUMBO BAG RED RETROSPOT'}),frozenset({'JUMBO BAG PINK VINTAGE PAISLEY'}),0.10381401328476537,0.04365759588600814,0.026140989929290766,0.2518059855521156,5.7677474089409735,1.0,0.0216087196899998,1.2782010890847697,0.9223778330867294,0.21545253863134659,0.21765048665697045,0.4252894958435425
frozenset({'JUMBO BAG PINK VINTAGE PAISLEY'}),frozenset({'JUMBO BAG RED RETROSPOT'}),0.04365759588600814,0.10381401328476537,0.026140989929290766,0.5987730061349693,5.7677474089409735,1.0,0.0216087196899998,2.2336133919661045,0.8643578752893623,0.21545253863134659,0.5522949479096,0.4252894958435425
frozenset({'JUMBO BAG SCANDINAVIAN BLUE PAISLEY'}),frozenset({'JUMBO BAG PINK VINTAGE PAISLEY'}),0.03401542746946647,0.04365759588600814,0.017409470752089137,0.5118110236220472,11.723298391382059,1.0,0.01592443896573735,1.9589594406851123,0.9469092987642314,0.2888888888888889,0.489524908361417,0.4552920148785083
frozenset({'JUMBO BAG PINK VINTAGE PAISLEY'}),frozenset({'JUMBO BAG SCANDINAVIAN BLUE PAISLEY'}),0.04365759588600814,0.03401542746946647,0.017409470752089137,0.39877300613496935,11.723298391382059,1.0,0.01592443896573735,1.606688625739561,0.9564563594138457,0.2888888888888889,0.3776018676053684,0.4552920148785083
frozenset({'JUMBO BAG SPACEBOY DESIGN'}),frozenset({'JUMBO BAG PINK VINTAGE PAISLEY'}),0.033372616241697024,0.04365759588600814,0.010552817655881723,0.3162118780096308,7.2429979615752,1.0,0.009095849462342882,1.39859464263619,0.8916937774008296,0.15874294923448834,0.28499654616500236,0.27896483471033684
frozenset({'JUMBO BAG PINK VINTAGE PAISLEY'}),frozenset({'JUMBO BAG SPACEBOY DESIGN'}),0.04365759588600814,0.033372616241697024,0.010552817655881723,0.24171779141104294,7.242997961575199,1.0,0.009095849462342882,1.2747594138560143,0.9012834937096269,0.15874294923448834,0.2155382504882987,0.27896483471033684
frozenset({'JUMBO BAG STRAWBERRY'}),frozenset({'JUMBO BAG PINK VINTAGE PAISLEY'}),0.04242554103278337,0.04365759588600814,0.014891793443325477,0.35101010101010105,8.040069405713579,1.0,0.013039596317670965,1.4735859612028823,0.9144176267846765,0.2091798344620015,0.321383328609005,0.3460571977443143
frozenset({'JUMBO BAG PINK VINTAGE PAISLEY'}),frozenset({'JUMBO BAG STRAWBERRY'}),0.04365759588600814,0.04242554103278337,0.014891793443325477,0.34110429447852764,8.040069405713579,1.0,0.013039596317670965,1.4533020187305057,0.9155956699939998,0.2091798344620015,0.31191177944311665,0.3460571977443143
frozenset({'JUMBO BAG TOYS'}),frozenset({'JUMBO BAG PINK VINTAGE PAISLEY'}),0.027158774373259052,0.04365759588600814,0.010017141632740518,0.368836291913215,8.448387604215824,1.0,0.0088314548363935,1.5152049965181058,0.9062467701989367,0.1647577092511013,0.3400232956610036,0.2991420723369756
frozenset({'JUMBO BAG PINK VINTAGE PAISLEY'}),frozenset({'JUMBO BAG TOYS'}),0.04365759588600814,0.027158774373259052,0.010017141632740518,0.22944785276073618,8.448387604215824,1.0,0.0088314548363935,1.2625248389901176,0.9218813417119188,0.1647577092511013,0.2079363754934983,0.2991420723369756
frozenset({'JUMBO BAG VINTAGE LEAF'}),frozenset({'JUMBO BAG PINK VINTAGE PAISLEY'}),0.04371116348832226,0.04365759588600814,0.01039211484893936,0.23774509803921567,5.445675448093348,1.0,0.008483790537658954,1.2546228324067803,0.8536835515845059,0.13500347947112037,0.2029477113200066,0.2378909539275833
frozenset({'JUMBO BAG PINK VINTAGE PAISLEY'}),frozenset({'JUMBO BAG VINTAGE LEAF'}),0.04365759588600814,0.04371116348832226,0.01039211484893936,0.2380368098159509,5.445675448093348,1.0,0.008483790537658954,1.2550328530708814,0.8536357342119867,0.13500347947112037,0.20320810921152652,0.2378909539275833
frozenset({'JUMBO BAG WOODLAND ANIMALS'}),frozenset({'JUMBO BAG PINK VINTAGE PAISLEY'}),0.03937218770087851,0.04365759588600814,0.014088279408613671,0.3578231292517007,8.196125370393556,1.0,0.012369384348820657,1.4892196335249661,0.9139763789127209,0.20435120435120435,0.32850737561590476,0.3402612578773841
frozenset({'JUMBO BAG PINK VINTAGE PAISLEY'}),frozenset({'JUMBO BAG WOODLAND ANIMALS'}),0.04365759588600814,0.03937218770087851,0.014088279408613671,0.3226993865030675,8.196125370393556,1.0,0.012369384348820657,1.4183182373619276,0.9180719432611788,0.20435120435120435,0.2949396167534302,0.3402612578773841
frozenset({'JUMBO SHOPPER VINTAGE RED PAISLEY'}),frozenset({'JUMBO BAG PINK VINTAGE PAISLEY'}),0.060692093421898435,0.04365759588600814,0.021480608527962287,0.3539276257722859,8.106896831800041,1.0,0.01883093763987319,1.4802403604660554,0.9332916639112228,0.25921137685843565,0.32443404010065724,0.42297608282479326
frozenset({'JUMBO BAG PINK VINTAGE PAISLEY'}),frozenset({'JUMBO SHOPPER VINTAGE RED PAISLEY'}),0.04365759588600814,0.060692093421898435,0.021480608527962287,0.49202453987730055,8.106896831800041,1.0,0.01883093763987319,1.8491206373457794,0.9166677492120816,0.25921137685843565,0.4592024015072396,0.42297608282479326
frozenset({'JUMBO STORAGE BAG SKULLS'}),frozenset({'JUMBO BAG PINK VINTAGE PAISLEY'}),0.03664023998285837,0.04365759588600814,0.013124062566959502,0.35818713450292394,8.204463100491514,1.0,0.011524437776621514,1.4900642469566523,0.9115131817851696,0.19537480063795848,0.3288879979219506,0.32940031571771966
frozenset({'JUMBO BAG PINK VINTAGE PAISLEY'}),frozenset({'JUMBO STORAGE BAG SKULLS'}),0.04365759588600814,0.03664023998285837,0.013124062566959502,0.3006134969325153,8.204463100491514,1.0,0.011524437776621514,1.3774354463402991,0.9182015941984254,0.19537480063795848,0.27401316507652335,0.32940031571771966
frozenset({'JUMBO STORAGE BAG SUKI'}),frozenset({'JUMBO BAG PINK VINTAGE PAISLEY'}),0.06053139061495608,0.04365759588600814,0.01912363402614099,0.315929203539823,7.23652315543732,1.0,0.01648097903625513,1.3980167097656027,0.9173399545700364,0.22481108312342565,0.28470096743860507,0.376983006677887
frozenset({'JUMBO BAG PINK VINTAGE PAISLEY'}),frozenset({'JUMBO STORAGE BAG SUKI'}),0.04365759588600814,0.06053139061495608,0.01912363402614099,0.4380368098159509,7.236523155437319,1.0,0.01648097903625513,1.671761826744128,0.9011543227048283,0.22481108312342565,0.40182866721656807,0.376983006677887
frozenset({'JUMBO BAG PINK VINTAGE PAISLEY'}),frozenset({'LUNCH BAG PINK POLKADOT'}),0.04365759588600814,0.05388900792800514,0.010017141632740518,0.22944785276073618,4.257785800534218,1.0,0.007664477101921781,1.2278351250615858,0.8000650589439424,0.11444308445532436,0.1855584030878396,0.20766627230482138
frozenset({'JUMBO BAG PINK VINTAGE PAISLEY'}),frozenset({'LUNCH BAG RED RETROSPOT'}),0.04365759588600814,0.07456610242125562,0.011999142918362973,0.27484662576687113,3.6859459840631827,1.0,0.008743766152061102,1.2761905694190807,0.761964775827992,0.11296016137165911,0.21641796769020322,0.2178830829983781
frozenset({'JUMBO BAG PINK VINTAGE PAISLEY'}),frozenset({'PARTY BUNTING'}),0.04365759588600814,0.08538675808870795,0.01039211484893936,0.2380368098159509,2.7877485355358664,1.0,0.006664334270286212,1.2003378295615184,0.6705627458147609,0.08758465011286681,0.1669012045006543,0.1798716044060934
frozenset({'RED RETROSPOT CHARLOTTE BAG'}),frozenset({'JUMBO BAG PINK VINTAGE PAISLEY'}),0.04847868009427898,0.04365759588600814,0.010820655667452325,0.22320441988950276,5.112613632511948,1.0,0.008704193042809226,1.231137803304641,0.8453886513461344,0.13306982872200265,0.18774324262013317,0.23552859031284953
frozenset({'JUMBO BAG PINK VINTAGE PAISLEY'}),frozenset({'RED RETROSPOT CHARLOTTE BAG'}),0.04365759588600814,0.04847868009427898,0.010820655667452325,0.2478527607361963,5.112613632511948,1.0,0.008704193042809226,1.2650732067262034,0.8411269038179234,0.13306982872200265,0.20953191113118916,0.23552859031284953
frozenset({'JUMBO BAG PINK VINTAGE PAISLEY'}),frozenset({'WHITE HANGING HEART T-LIGHT HOLDER'}),0.04365759588600814,0.11602742661238483,0.011249196485965288,0.25766871165644173,2.2207569294563503,1.0,0.006183717983228325,1.1908060286130684,0.5747973529858927,0.0757849151930711,0.16023266932507904,0.17731081012184968
frozenset({'JUMBO BAG SCANDINAVIAN BLUE PAISLEY'}),frozenset({'JUMBO BAG RED RETROSPOT'}),0.03401542746946647,0.10381401328476537,0.02292693379044354,0.6740157480314961,6.492531467622275,1.0,0.019395655751241376,2.7491695727737877,0.8757664427262376,0.19953379953379954,0.6362537946355032,0.44743099063081515
frozenset({'JUMBO BAG RED RETROSPOT'}),frozenset({'JUMBO BAG SCANDINAVIAN BLUE PAISLEY'}),0.10381401328476537,0.03401542746946647,0.02292693379044354,0.22084623323013416,6.492531467622275,1.0,0.019395655751241376,1.2397868222279298,0.9439746719475339,0.19953379953379954,0.1934097200654436,0.44743099063081515
frozenset({'JUMBO BAG SPACEBOY DESIGN'}),frozenset({'JUMBO BAG RED RETROSPOT'}),0.033372616241697024,0.10381401328476537,0.020944932504821084,0.6276083467094702,6.045507025991945,1.0,0.017480387278958173,2.406568403980996,0.8634018817690075,0.180184331797235,0.5844705688208243,0.4146813663371912
frozenset({'JUMBO BAG RED RETROSPOT'}),frozenset({'JUMBO BAG SPACEBOY DESIGN'}),0.10381401328476537,0.033372616241697024,0.020944932504821084,0.20175438596491227,6.045507025991945,1.0,0.017480387278958173,1.2109397994334783,0.9312664050521063,0.180184331797235,0.1741951164972559,0.4146813663371912
frozenset({'JUMBO BAG RED RETROSPOT'}),frozenset({'JUMBO BAG STRAWBERRY'}),0.10381401328476537,0.04242554103278337,0.02769445039640026,0.26676986584107326,6.287954363031763,1.0,0.02329008471600953,1.3059671368602856,0.9383830804644478,0.23361952101220063,0.23428394806003333,0.4597738218094256
frozenset({'JUMBO BAG STRAWBERRY'}),frozenset({'JUMBO BAG RED RETROSPOT'}),0.04242554103278337,0.10381401328476537,0.02769445039640026,0.6527777777777779,6.287954363031764,1.0,0.02329008471600953,2.5810156417398766,0.8782249348942837,0.23361952101220063,0.612555621969848,0.4597738218094256
frozenset({'JUMBO BAG TOYS'}),frozenset({'JUMBO BAG RED RETROSPOT'}),0.027158774373259052,0.10381401328476537,0.018105849582172703,0.6666666666666667,6.421740626074992,1.0,0.015286388218589242,2.6885579601457046,0.8678486867463245,0.16041765543426675,0.6280533970910541,0.42053663570691435
frozenset({'JUMBO BAG VINTAGE DOILY'}),frozenset({'JUMBO BAG RED RETROSPOT'}),0.03508677951574887,0.10381401328476537,0.01767730876365974,0.5038167938931298,4.853071160163544,1.0,0.014034809368892152,1.8061594501491653,0.8228148357499382,0.14582412726469288,0.44633902620424076,0.3370477158320138
frozenset({'JUMBO BAG RED RETROSPOT'}),frozenset({'JUMBO BAG VINTAGE LEAF'}),0.10381401328476537,0.04371116348832226,0.02164131133490465,0.2084623323013416,4.769086788482163,1.0,0.017103480027835412,1.208140655253997,0.8818663336746108,0.17191489361702128,0.1722818070469104,0.35178018575851394
frozenset({'JUMBO BAG VINTAGE LEAF'}),frozenset({'JUMBO BAG RED RETROSPOT'}),0.04371116348832226,0.10381401328476537,0.02164131133490465,0.4950980392156863,4.769086788482163,1.0,0.017103480027835412,1.7749703037855133,0.8264409456854267,0.17191489361702128,0.4366102926526259,0.35178018575851394
frozenset({'JUMBO BAG WOODLAND ANIMALS'}),frozenset({'JUMBO BAG RED RETROSPOT'}),0.03937218770087851,0.10381401328476537,0.02539104349689308,0.6448979591836734,6.2120511362439705,1.0,0.021303658679863804,2.5237421464969247,0.8734106628964211,0.21555252387448842,0.6037630066970003,0.44474000126366336
frozenset({'JUMBO BAG RED RETROSPOT'}),frozenset({'JUMBO BAG WOODLAND ANIMALS'}),0.10381401328476537,0.03937218770087851,0.02539104349689308,0.24458204334365327,6.212051136243971,1.0,0.021303658679863804,1.2716507515271158,0.9362147888656019,0.21555252387448842,0.2136205646093414,0.44474000126366336
frozenset({'JUMBO SHOPPER VINTAGE RED PAISLEY'}),frozenset({'JUMBO BAG RED RETROSPOT'}),0.060692093421898435,0.10381401328476537,0.03519391472037712,0.5798764342453664,5.585724083845459,1.0,0.028893224927595933,2.1331485776226073,0.8740181736982655,0.27216238608119303,0.5312094007467125,0.4594428610855315
frozenset({'JUMBO BAG RED RETROSPOT'}),frozenset({'JUMBO SHOPPER VINTAGE RED PAISLEY'}),0.10381401328476537,0.060692093421898435,0.03519391472037712,0.3390092879256966,5.5857240838454585,1.0,0.028893224927595933,1.4210606736521163,0.9160734414703577,0.27216238608119303,0.2963002786995669,0.4594428610855315
frozenset({'JUMBO STORAGE BAG SKULLS'}),frozenset({'JUMBO BAG RED RETROSPOT'}),0.03664023998285837,0.10381401328476537,0.02169487893721877,0.5921052631578947,5.703519635000815,1.0,0.01789110857688132,2.1971011287212203,0.8560349940688019,0.18267929634641408,0.5448548148614213,0.40054179566563464
frozenset({'JUMBO BAG RED RETROSPOT'}),frozenset({'JUMBO STORAGE BAG SKULLS'}),0.10381401328476537,0.03664023998285837,0.02169487893721877,0.2089783281733746,5.703519635000815,1.0,0.01789110857688132,1.2178677200999481,0.9201992428770671,0.18267929634641408,0.17889276191840287,0.40054179566563464
frozenset({'JUMBO STORAGE BAG SUKI'}),frozenset({'JUMBO BAG RED RETROSPOT'}),0.06053139061495608,0.10381401328476537,0.03739018641525605,0.6176991150442477,5.950055252655323,1.0,0.03110617982580968,2.344190196731979,0.8855371275667965,0.2945147679324894,0.5734134536548724,0.4889321168616491
frozenset({'JUMBO BAG RED RETROSPOT'}),frozenset({'JUMBO STORAGE BAG SUKI'}),0.10381401328476537,0.06053139061495608,0.03739018641525605,0.36016511867905054,5.950055252655323,1.0,0.03110617982580968,1.4682985201517864,0.9283054478939913,0.2945147679324894,0.31893958464480077,0.4889321168616491
frozenset({'LOVEBIRD HANGING DECORATION WHITE'}),frozenset({'JUMBO BAG RED RETROSPOT'}),0.028765802442682665,0.10381401328476537,0.01007070923505464,0.3500931098696462,3.372310719838264,1.0,0.007084415838123045,1.378945200189344,0.7243025639641522,0.08220376038478357,0.2748080200266919,0.22355016690592733
frozenset({'LUNCH BAG APPLE DESIGN'}),frozenset({'JUMBO BAG RED RETROSPOT'}),0.04901435611742019,0.10381401328476537,0.014463252624812514,0.29508196721311475,2.8424097853118813,1.0,0.009374875607694434,1.271333609061147,0.6815937212489909,0.10452961672473868,0.21342439712698305,0.21720042633101558
frozenset({'LUNCH BAG BLACK SKULL.'}),frozenset({'JUMBO BAG RED RETROSPOT'}),0.06513820441397043,0.10381401328476537,0.019552174844653953,0.3001644736842105,2.8913675927434683,1.0,0.012789916426276263,1.2805665803122506,0.6997215061899723,0.13087128002868412,0.21909566017554347,0.24425148348813208
frozenset({'LUNCH BAG CARS BLUE'}),frozenset({'JUMBO BAG RED RETROSPOT'}),0.057049496464538246,0.10381401328476537,0.016123848296550246,0.28262910798122065,2.72245623725151,1.0,0.010201311112691496,1.2492644971881215,0.6709627228671947,0.11139896373056994,0.19952900106356408,0.2189719327315804
frozenset({'LUNCH BAG PINK POLKADOT'}),frozenset({'JUMBO BAG RED RETROSPOT'}),0.05388900792800514,0.10381401328476537,0.018159417184486822,0.3369781312127237,3.245979232961365,1.0,0.01256498299954607,1.3516688195435174,0.73133761497861,0.13013435700575815,0.2601738047506949,0.2559503659159594
frozenset({'JUMBO BAG RED RETROSPOT'}),frozenset({'LUNCH BAG RED RETROSPOT'}),0.10381401328476537,0.07456610242125562,0.028444396828797944,0.2739938080495356,3.6745089142735137,1.0,0.02070339048144454,1.2746914666009999,0.8121693496915113,0.18971061093247588,0.21549643486158432,0.32772966264545744
frozenset({'LUNCH BAG RED RETROSPOT'}),frozenset({'JUMBO BAG RED RETROSPOT'}),0.07456610242125562,0.10381401328476537,0.028444396828797944,0.38146551724137934,3.6745089142735137,1.0,0.02070339048144454,1.4488860551772436,0.7865011125456693,0.18971061093247588,0.30981460106766706,0.32772966264545744
frozenset({'LUNCH BAG SPACEBOY DESIGN'}),frozenset({'JUMBO BAG RED RETROSPOT'}),0.055603171202056996,0.10381401328476537,0.013766873794728948,0.24759152215799615,2.3849528047706254,1.0,0.00799448544088352,1.191089698092719,0.6148945796760474,0.09452004413387273,0.16043266800032707,0.19010123063524165
frozenset({'LUNCH BAG SUKI DESIGN'}),frozenset({'JUMBO BAG RED RETROSPOT'}),0.06433469037925862,0.10381401328476537,0.02051639168630812,0.3189009159034138,3.071848451024215,1.0,0.013837549284604497,1.3157938509107538,0.7208379964845307,0.13896952104499272,0.2400025282776407,0.2582636674460309
frozenset({'LUNCH BAG WOODLAND'}),frozenset({'JUMBO BAG RED RETROSPOT'}),0.04665738161559889,0.10381401328476537,0.013820441397043068,0.296211251435132,2.853287740862252,1.0,0.008976751362168918,1.2733735635056598,0.6813155078397065,0.10113680909447276,0.214684497417277,0.21466909320982605
frozenset({'LUNCH BOX I LOVE LONDON'}),frozenset({'JUMBO BAG RED RETROSPOT'}),0.034818941504178275,0.10381401328476537,0.010231412041997,0.2938461538461538,2.830505675954592,1.0,0.006616717986120768,1.2691086957841013,0.6700361883607956,0.07968293700458906,0.2120454273759713,0.19620068270223068
frozenset({'NATURAL SLATE HEART CHALKBOARD'}),frozenset({'JUMBO BAG RED RETROSPOT'}),0.06529890722091279,0.10381401328476537,0.01687379472894793,0.25840853158326493,2.4891488480889525,1.0,0.01009485310723543,1.2084631834135742,0.6400508693362152,0.11083743842364531,0.1725027177284154,0.2104736156368337
frozenset({'PACK OF 60 PINK PAISLEY CAKE CASES'}),frozenset({'JUMBO BAG RED RETROSPOT'}),0.04183629740732805,0.10381401328476537,0.011731304906792372,0.28040973111395645,2.701077843361888,1.0,0.007388110971962623,1.2454114868765092,0.6572753917094454,0.0876,0.19705253200450323,0.19670641354459434
frozenset({'PACK OF 72 RETROSPOT CAKE CASES'}),frozenset({'JUMBO BAG RED RETROSPOT'}),0.06047782301264196,0.10381401328476537,0.016016713091922007,0.26483613817537643,2.5510634816604374,1.0,0.009738267570253905,1.219028890363253,0.647144509865353,0.10802023121387283,0.1796748970387285,0.2095594519566253
frozenset({'PAPER BUNTING RETROSPOT'}),frozenset({'JUMBO BAG RED RETROSPOT'}),0.03797943004071138,0.10381401328476537,0.01162416970216413,0.30606488011283495,2.948203912253046,1.0,0.007681372647369902,1.2914550093111816,0.6868984473851474,0.08930041152263374,0.22567956855627036,0.20901799217200054
frozenset({'PLEASE ONE PERSON METAL SIGN'}),frozenset({'JUMBO BAG RED RETROSPOT'}),0.04365759588600814,0.10381401328476537,0.01135633169059353,0.26012269938650306,2.5056607596218985,1.0,0.0068240614513025615,1.211262983703012,0.6283352832196692,0.08343171979535616,0.17441545440210637,0.18475691212875206
frozenset({'POPCORN HOLDER'}),frozenset({'JUMBO BAG RED RETROSPOT'}),0.04001499892864795,0.10381401328476537,0.010445682451253482,0.26104417670682734,2.5145369921377982,1.0,0.0062915648208849515,1.2127734276744209,0.627418627909672,0.07831325301204821,0.1754436754789631,0.18083168587663348
frozenset({'POTTERING IN THE SHED METAL SIGN'}),frozenset({'JUMBO BAG RED RETROSPOT'}),0.028551532033426183,0.10381401328476537,0.01007070923505464,0.3527204502814259,3.397618867829545,1.0,0.00710666010923613,1.3845424084615072,0.726416533211317,0.08234778799824792,0.27773971104923245,0.22486383711181718
frozenset({'RECIPE BOX PANTRY YELLOW DESIGN'}),frozenset({'JUMBO BAG RED RETROSPOT'}),0.05533533319048639,0.10381401328476537,0.014891793443325477,0.2691190706679574,2.592319304039953,1.0,0.009147210428371404,1.2261723500355461,0.6502254958154259,0.10323059784626812,0.18445396361204003,0.206282961546569
frozenset({'RECYCLING BAG RETROSPOT'}),frozenset({'JUMBO BAG RED RETROSPOT'}),0.0380329976430255,0.10381401328476537,0.02153417613027641,0.5661971830985916,5.453957179610169,1.0,0.01758581800770391,2.0658832810643397,0.8489344124682301,0.17898486197684776,0.5159455477635689,0.3868137618279336
frozenset({'JUMBO BAG RED RETROSPOT'}),frozenset({'RECYCLING BAG RETROSPOT'}),0.10381401328476537,0.0380329976430255,0.02153417613027641,0.20743034055727555,5.4539571796101685,1.0,0.01758581800770391,1.2137318037550888,0.9112471117217261,0.17898486197684776,0.17609475428907562,0.3868137618279336
frozenset({'RED RETROSPOT CHARLOTTE BAG'}),frozenset({'JUMBO BAG RED RETROSPOT'}),0.04847868009427898,0.10381401328476537,0.020677094493250482,0.42651933701657463,4.108494831488862,1.0,0.015644328153915116,1.5627135221142339,0.7951496663466793,0.15710215710215708,0.3600874467080344,0.3128468718106609
frozenset({'RED RETROSPOT PICNIC BAG'}),frozenset({'JUMBO BAG RED RETROSPOT'}),0.02410542104135419,0.10381401328476537,0.01162416970216413,0.4822222222222222,4.64505905286091,1.0,0.009121689201942125,1.730831304814831,0.8041006691614564,0.09995393827729156,0.4222429434814372,0.2970966632266942
frozenset({'RED RETROSPOT SHOPPER BAG'}),frozenset({'JUMBO BAG RED RETROSPOT'}),0.028390829226483824,0.10381401328476537,0.014570387829440755,0.5132075471698113,4.943528632903012,1.0,0.011623021906957059,1.8410022207716061,0.8210249200573383,0.12386156648451731,0.45681760254429393,0.3267792121813969
frozenset({'RED TOADSTOOL LED NIGHT LIGHT'}),frozenset({'JUMBO BAG RED RETROSPOT'}),0.03530104992500536,0.10381401328476537,0.014088279408613671,0.3990895295902883,3.8442741684166677,1.0,0.010423535742733,1.4913802152660092,0.7669469025521037,0.1126820908311911,0.32948017563607307,0.26739822196748675
frozenset({'ROSES REGENCY TEACUP AND SAUCER'}),frozenset({'JUMBO BAG RED RETROSPOT'}),0.051264195414613245,0.10381401328476537,0.013016927362331262,0.25391849529780564,2.4458980754486253,1.0,0.007694985498525794,1.2011904611855455,0.6230946660058512,0.09162895927601811,0.16749255649847195,0.1896527461009152
frozenset({'SET OF 3 CAKE TINS PANTRY DESIGN'}),frozenset({'JUMBO BAG RED RETROSPOT'}),0.06647739447182344,0.10381401328476537,0.015481037068780802,0.23287671232876714,2.243210766642634,1.0,0.008579751955946336,1.1682424469680739,0.5936764790267975,0.1,0.14401329741502836,0.1909997596731555
frozenset({'SET OF 4 PANTRY JELLY MOULDS'}),frozenset({'JUMBO BAG RED RETROSPOT'}),0.05356760231412042,0.10381401328476537,0.013606170987786586,0.25399999999999995,2.4466831785345713,1.0,0.00804510320951546,1.201321698009698,0.624749758895035,0.0946348733233979,0.16758350268977878,0.192531475748194
frozenset({'SET/20 RED RETROSPOT PAPER NAPKINS'}),frozenset({'JUMBO BAG RED RETROSPOT'}),0.04499678594386115,0.10381401328476537,0.01414184701092779,0.3142857142857143,3.027392009435353,1.0,0.009470550077180045,1.3069378972930505,0.7012360536031166,0.10501193317422435,0.23485270258731109,0.22525431225121628
frozenset({'SET/5 RED RETROSPOT LID GLASS BOWLS'}),frozenset({'JUMBO BAG RED RETROSPOT'}),0.04371116348832226,0.10381401328476537,0.011088493679022928,0.25367647058823534,2.443566745583683,1.0,0.00655066237195369,1.2008009280125311,0.6177653946945417,0.08127208480565372,0.16722249569283787,0.18024380804953563
frozenset({'SKULL SHOULDER BAG'}),frozenset({'JUMBO BAG RED RETROSPOT'}),0.02158774373259053,0.10381401328476537,0.010017141632740518,0.4640198511166253,4.469722693831352,1.0,0.007776031318097254,1.6720507066955537,0.7934001941119379,0.08681522748375116,0.401932013188593,0.2802555395934004
frozenset({'SMALL HEART MEASURING SPOONS'}),frozenset({'JUMBO BAG RED RETROSPOT'}),0.023998285836725947,0.10381401328476537,0.010499250053567602,0.4375,4.214267285861713,1.0,0.008007891688902138,1.593219531938195,0.7814646385447702,0.08949771689497715,0.3723401075911536,0.26931759545923634
frozenset({'SMALL POPCORN HOLDER'}),frozenset({'JUMBO BAG RED RETROSPOT'}),0.02940861367045211,0.10381401328476537,0.010338547246625241,0.35154826958105645,3.38632770719255,1.0,0.007285521036354393,1.3820396255805163,0.7260468857727282,0.0841325196163906,0.27643174516073893,0.22556773644171502
frozenset({'SPACEBOY LUNCH BOX'}),frozenset({'JUMBO BAG RED RETROSPOT'}),0.037550889222198416,0.10381401328476537,0.012052710520677095,0.3209700427960057,3.091779545364208,1.0,0.008154402008109036,1.3198033123684443,0.7029583866718614,0.0932062966031483,0.24231134243370203,0.21853455700171803
frozenset({'SPOTTY BUNTING'}),frozenset({'JUMBO BAG RED RETROSPOT'}),0.055763874008999355,0.10381401328476537,0.01135633169059353,0.20365033621517772,1.961684456380257,1.0,0.0055672601334132875,1.1253674453203368,0.5191858330541377,0.07661727502710516,0.11140134348266215,0.15652073054308938
frozenset({'STRAWBERRY CHARLOTTE BAG'}),frozenset({'JUMBO BAG RED RETROSPOT'}),0.03605099635740304,0.10381401328476537,0.013445468180844225,0.37295690936106984,3.5925488049290255,1.0,0.009702869566067758,1.4292255190979928,0.7486351343722083,0.10635593220338982,0.30032035767797083,0.2512359366206794
frozenset({'SUKI SHOULDER BAG'}),frozenset({'JUMBO BAG RED RETROSPOT'}),0.027158774373259052,0.10381401328476537,0.014945361045639597,0.5502958579881657,5.300785901405097,1.0,0.012125899682056136,1.992834628353614,0.8339991225436996,0.12880886426592797,0.498202216193848,0.34712935314268967
frozenset({'TOY TIDY PINK POLKADOT'}),frozenset({'JUMBO BAG RED RETROSPOT'}),0.023998285836725947,0.10381401328476537,0.012641954146132419,0.5267857142857143,5.074321833996756,1.0,0.010150595781466955,1.8938269907944583,0.8226720497125528,0.10976744186046511,0.4719686619417642,0.32428037004275395
frozenset({'VICTORIAN GLASS HANGING T-LIGHT'}),frozenset({'JUMBO BAG RED RETROSPOT'}),0.05367473751874866,0.10381401328476537,0.012106278122991214,0.22554890219560877,2.1726248225942335,1.0,0.006534088209163546,1.157188606557558,0.5703401063389602,0.08327192336035372,0.13583663515765837,0.17108198463753607
frozenset({'VINTAGE SNAP CARDS'}),frozenset({'JUMBO BAG RED RETROSPOT'}),0.04687165202485537,0.10381401328476537,0.011195628883651167,0.23885714285714285,2.3008179271708684,1.0,0.006329694577663932,1.1774215290928383,0.5931750484102533,0.0802611367127496,0.15068649987191526,0.1733501400560224
frozenset({'WHITE HANGING HEART T-LIGHT HOLDER'}),frozenset({'JUMBO BAG RED RETROSPOT'}),0.11602742661238483,0.10381401328476537,0.023516177415898863,0.20267774699907665,1.9523158828579787,1.0,0.011470904608163605,1.1239947001883024,0.551813281968445,0.11978171896316507,0.11031608971779813,0.21459996741078702
frozenset({'JUMBO BAG RED RETROSPOT'}),frozenset({'WHITE HANGING HEART T-LIGHT HOLDER'}),0.10381401328476537,0.11602742661238483,0.023516177415898863,0.22652218782249742,1.9523158828579787,1.0,0.011470904608163605,1.142854467795329,0.5442930531406622,0.11978171896316507,0.12499795190100484,0.21459996741078702
frozenset({'WOODEN PICTURE FRAME WHITE FINISH'}),frozenset({'JUMBO BAG RED RETROSPOT'}),0.05763874008999357,0.10381401328476537,0.01526676665952432,0.2648698884758364,2.5513885851738465,1.0,0.009283057730104589,1.2190848567706607,0.6452478399272397,0.1044338585562477,0.17971255696753824,0.20596435600262408
frozenset({'WOODLAND CHARLOTTE BAG'}),frozenset({'JUMBO BAG RED RETROSPOT'}),0.03658667238054425,0.10381401328476537,0.014570387829440755,0.3982430453879941,3.8361203154298624,1.0,0.010772178536881576,1.4892823088236138,0.7673964414790103,0.11579395487441466,0.3285356348656948,0.2692969612904883
frozenset({'JUMBO BAG SCANDINAVIAN BLUE PAISLEY'}),frozenset({'JUMBO BAG STRAWBERRY'}),0.03401542746946647,0.04242554103278337,0.010552817655881723,0.3102362204724409,7.3124870754792015,1.0,0.009109694742028208,1.3882643411967637,0.8936453501350177,0.16016260162601625,0.2796760888218576,0.2794867971049073
frozenset({'JUMBO BAG STRAWBERRY'}),frozenset({'JUMBO BAG SCANDINAVIAN BLUE PAISLEY'}),0.04242554103278337,0.03401542746946647,0.010552817655881723,0.24873737373737376,7.312487075479202,1.0,0.009109694742028208,1.2858147587297184,0.9014939918877138,0.16016260162601625,0.2222829974452001,0.2794867971049073
frozenset({'JUMBO BAG SCANDINAVIAN BLUE PAISLEY'}),frozenset({'JUMBO BAG WOODLAND ANIMALS'}),0.03401542746946647,0.03937218770087851,0.011677737304478252,0.34330708661417325,8.719532915528417,1.0,0.010338475509424799,1.462826524724082,0.9164897484072269,0.18923611111111113,0.31639194183423774,0.3199528630349778
frozenset({'JUMBO BAG WOODLAND ANIMALS'}),frozenset({'JUMBO BAG SCANDINAVIAN BLUE PAISLEY'}),0.03937218770087851,0.03401542746946647,0.011677737304478252,0.2965986394557823,8.719532915528415,1.0,0.010338475509424799,1.3733049532107195,0.9216003810309219,0.18923611111111113,0.2718296124527558,0.3199528630349778
frozenset({'JUMBO BAG SCANDINAVIAN BLUE PAISLEY'}),frozenset({'JUMBO SHOPPER VINTAGE RED PAISLEY'}),0.03401542746946647,0.060692093421898435,0.018105849582172703,0.5322834645669292,8.770227463844162,1.0,0.016041382080410033,2.008284581404359,0.9171760057252041,0.2363636363636364,0.5020626014562551,0.41530325037702154
frozenset({'JUMBO SHOPPER VINTAGE RED PAISLEY'}),frozenset({'JUMBO BAG SCANDINAVIAN BLUE PAISLEY'}),0.060692093421898435,0.03401542746946647,0.018105849582172703,0.29832303618711387,8.77022746384416,1.0,0.016041382080410033,1.3766799002227603,0.9432241181204792,0.2363636363636364,0.27361473074591264,0.41530325037702154
frozenset({'JUMBO STORAGE BAG SKULLS'}),frozenset({'JUMBO BAG SCANDINAVIAN BLUE PAISLEY'}),0.03664023998285837,0.03401542746946647,0.010338547246625241,0.28216374269005845,8.295169682737026,1.0,0.009092213821024478,1.3456893026698267,0.9128966680803201,0.1714031971580817,0.25688641648854943,0.2930503752820371
frozenset({'JUMBO BAG SCANDINAVIAN BLUE PAISLEY'}),frozenset({'JUMBO STORAGE BAG SKULLS'}),0.03401542746946647,0.03664023998285837,0.010338547246625241,0.30393700787401573,8.295169682737026,1.0,0.009092213821024478,1.3840123249115044,0.9104161081770353,0.1714031971580817,0.277463081794491,0.2930503752820371
frozenset({'JUMBO STORAGE BAG SUKI'}),frozenset({'JUMBO BAG SCANDINAVIAN BLUE PAISLEY'}),0.06053139061495608,0.03401542746946647,0.015856010284979644,0.26194690265486725,7.700826423245767,1.0,0.013797009157890663,1.308828017937054,0.9262084955293987,0.20149761742682096,0.2359576764133013,0.3640443174691659
frozenset({'JUMBO BAG SCANDINAVIAN BLUE PAISLEY'}),frozenset({'JUMBO STORAGE BAG SUKI'}),0.03401542746946647,0.06053139061495608,0.015856010284979644,0.46614173228346456,7.700826423245767,1.0,0.013797009157890663,1.759771583951336,0.9007843727940219,0.20149761742682096,0.43174443256173545,0.3640443174691659
frozenset({'JUMBO BAG SPACEBOY DESIGN'}),frozenset({'JUMBO BAG TOYS'}),0.033372616241697024,0.027158774373259052,0.01012427683736876,0.3033707865168539,11.170267934312877,1.0,0.009217917482615148,1.3964978883996764,0.9419106554601152,0.2008501594048884,0.2839230131984268,0.33807592580280565
frozenset({'JUMBO BAG TOYS'}),frozenset({'JUMBO BAG SPACEBOY DESIGN'}),0.027158774373259052,0.033372616241697024,0.01012427683736876,0.3727810650887574,11.170267934312879,1.0,0.009217917482615148,1.5411323382561624,0.9358943768392587,0.2008501594048884,0.3511264573608714,0.33807592580280565
frozenset({'JUMBO BAG SPACEBOY DESIGN'}),frozenset({'JUMBO BAG WOODLAND ANIMALS'}),0.033372616241697024,0.03937218770087851,0.013927576601671309,0.41733547351524874,10.59975322392199,1.0,0.012613623690933827,1.6486807908053793,0.9369258477737281,0.23679417122040067,0.39345444820067266,0.3855384850569441
frozenset({'JUMBO BAG WOODLAND ANIMALS'}),frozenset({'JUMBO BAG SPACEBOY DESIGN'}),0.03937218770087851,0.033372616241697024,0.013927576601671309,0.3537414965986394,10.59975322392199,1.0,0.012613623690933827,1.4957286885523213,0.9427773893423812,0.23679417122040067,0.3314295515934276,0.3855384850569441
frozenset({'JUMBO BAG SPACEBOY DESIGN'}),frozenset({'JUMBO SHOPPER VINTAGE RED PAISLEY'}),0.033372616241697024,0.060692093421898435,0.01414184701092779,0.4237560192616372,6.9820629899172495,1.0,0.01211639306825355,1.6300524395491844,0.8863558695852961,0.1769436997319035,0.38652280396784966,0.32838286399975064
frozenset({'JUMBO SHOPPER VINTAGE RED PAISLEY'}),frozenset({'JUMBO BAG SPACEBOY DESIGN'}),0.060692093421898435,0.033372616241697024,0.01414184701092779,0.23300970873786409,6.9820629899172495,1.0,0.01211639306825355,1.2602863357861418,0.912135253302918,0.1769436997319035,0.20652952301016608,0.32838286399975064
frozenset({'JUMBO BAG SPACEBOY DESIGN'}),frozenset({'JUMBO STORAGE BAG SKULLS'}),0.033372616241697024,0.03664023998285837,0.011677737304478252,0.34991974317817015,9.550148780190176,1.0,0.010454956636526637,1.4819089641745167,0.9261992826293085,0.20018365472910932,0.32519471561666374,0.3343165967352839
frozenset({'JUMBO STORAGE BAG SKULLS'}),frozenset({'JUMBO BAG SPACEBOY DESIGN'}),0.03664023998285837,0.033372616241697024,0.011677737304478252,0.31871345029239767,9.550148780190176,1.0,0.010454956636526637,1.4188264602804275,0.92934086160175,0.20018365472910932,0.2951921690251305,0.3343165967352839
frozenset({'JUMBO BAG SPACEBOY DESIGN'}),frozenset({'JUMBO STORAGE BAG SUKI'}),0.033372616241697024,0.06053139061495608,0.01773087636597386,0.5313001605136436,8.777266722538672,1.0,0.01571078549640467,2.0044141905715147,0.9166606812944142,0.23277074542897327,0.5011011173719181,0.41211025724797223
frozenset({'JUMBO STORAGE BAG SUKI'}),frozenset({'JUMBO BAG SPACEBOY DESIGN'}),0.06053139061495608,0.033372616241697024,0.01773087636597386,0.2929203539823009,8.777266722538672,1.0,0.01571078549640467,1.3670700170799528,0.9431601091320391,0.23277074542897327,0.2685085712464169,0.41211025724797223
frozenset({'JUMBO BAG STRAWBERRY'}),frozenset({'JUMBO BAG VINTAGE LEAF'}),0.04242554103278337,0.04371116348832226,0.010874223269766446,0.2563131313131313,5.86379109724698,1.0,0.009019753509601927,1.2858756511328502,0.8662113497801495,0.14448398576512456,0.22231982608971182,0.2525438205585265
frozenset({'JUMBO BAG VINTAGE LEAF'}),frozenset({'JUMBO BAG STRAWBERRY'}),0.04371116348832226,0.04242554103278337,0.010874223269766446,0.2487745098039216,5.86379109724698,1.0,0.009019753509601927,1.274683129718187,0.8673758732170038,0.14448398576512456,0.21549130392814994,0.2525438205585265
frozenset({'JUMBO BAG WOODLAND ANIMALS'}),frozenset({'JUMBO BAG STRAWBERRY'}),0.03937218770087851,0.04242554103278337,0.011409899292907649,0.2897959183673469,6.830694702123274,1.0,0.009739512928053579,1.3483088646377475,0.8885876458774954,0.16210045662100456,0.2583301747640206,0.27936765615337045
frozenset({'JUMBO BAG STRAWBERRY'}),frozenset({'JUMBO BAG WOODLAND ANIMALS'}),0.04242554103278337,0.03937218770087851,0.011409899292907649,0.2689393939393939,6.830694702123273,1.0,0.009739512928053579,1.314019390916933,0.8914210255941557,0.16210045662100456,0.23897622294432638,0.27936765615337045
frozenset({'JUMBO SHOPPER VINTAGE RED PAISLEY'}),frozenset({'JUMBO BAG STRAWBERRY'}),0.060692093421898435,0.04242554103278337,0.0125883865438183,0.20741394527802295,4.888893346527945,1.0,0.010013491643982025,1.208164657026566,0.8468519495962482,0.13905325443786984,0.17229825075241287,0.2520655584975974
frozenset({'JUMBO BAG STRAWBERRY'}),frozenset({'JUMBO SHOPPER VINTAGE RED PAISLEY'}),0.04242554103278337,0.060692093421898435,0.0125883865438183,0.29671717171717177,4.888893346527945,1.0,0.010013491643982025,1.3356047791918428,0.8306975238403564,0.13905325443786984,0.2512755153473717,0.2520655584975974
frozenset({'JUMBO STORAGE BAG SKULLS'}),frozenset({'JUMBO BAG STRAWBERRY'}),0.03664023998285837,0.04242554103278337,0.011034926076708806,0.3011695906432748,7.098780199657392,1.0,0.009480444071865018,1.370252991492837,0.8918067408354352,0.16220472440944883,0.2702077600206229,0.28063530037214246
frozenset({'JUMBO BAG STRAWBERRY'}),frozenset({'JUMBO STORAGE BAG SKULLS'}),0.04242554103278337,0.03664023998285837,0.011034926076708806,0.2601010101010101,7.0987801996573925,1.0,0.009480444071865018,1.3020152387944988,0.8971946983209032,0.16220472440944883,0.23195983410618642,0.28063530037214246
frozenset({'JUMBO STORAGE BAG SUKI'}),frozenset({'JUMBO BAG STRAWBERRY'}),0.06053139061495608,0.04242554103278337,0.01649882151274909,0.27256637168141595,6.424582104228123,1.0,0.013930744516442833,1.3163736479719645,0.8987504683707215,0.19083023543990088,0.24033726933031288,0.33072763028515245
frozenset({'JUMBO BAG STRAWBERRY'}),frozenset({'JUMBO STORAGE BAG SUKI'}),0.04242554103278337,0.06053139061495608,0.01649882151274909,0.38888888888888895,6.424582104228123,1.0,0.013930744516442833,1.5373122699027995,0.8817568647508232,0.19083023543990088,0.3495140710330585,0.33072763028515245
frozenset({'JUMBO BAG STRAWBERRY'}),frozenset({'LUNCH BAG BLACK SKULL.'}),0.04242554103278337,0.06513820441397043,0.011249196485965288,0.2651515151515152,4.07059908293461,1.0,0.008485672921798556,1.2721830620345969,0.7877569286833105,0.1167964404894327,0.21394960376165972,0.2189244417862839
frozenset({'JUMBO BAG STRAWBERRY'}),frozenset({'LUNCH BAG RED RETROSPOT'}),0.04242554103278337,0.07456610242125562,0.01269552174844654,0.29924242424242425,4.013116074538488,1.0,0.009532014510518832,1.32061918357183,0.7840821864263237,0.12172573189522344,0.24277943828186943,0.23475052246603972
frozenset({'JUMBO BAG STRAWBERRY'}),frozenset({'RED RETROSPOT CHARLOTTE BAG'}),0.04242554103278337,0.04847868009427898,0.01135633169059353,0.2676767676767677,5.521535799988839,1.0,0.009299597459038519,1.2993187678712605,0.8551721080652039,0.14276094276094278,0.23036592349208465,0.2509654556615883
frozenset({'RED RETROSPOT CHARLOTTE BAG'}),frozenset({'JUMBO BAG STRAWBERRY'}),0.04847868009427898,0.04242554103278337,0.01135633169059353,0.23425414364640887,5.52153579998884,1.0,0.009299597459038519,1.2505121000942727,0.8606123179515615,0.14276094276094278,0.20032760984510858,0.2509654556615883
frozenset({'JUMBO BAG WOODLAND ANIMALS'}),frozenset({'JUMBO BAG TOYS'}),0.03937218770087851,0.027158774373259052,0.015106063852581958,0.38367346938775504,14.127053898482467,1.0,0.014036763490232192,1.5784509952221955,0.9672984904805237,0.29375,0.36646750325040534,0.46994324356961714
frozenset({'JUMBO BAG TOYS'}),frozenset({'JUMBO BAG WOODLAND ANIMALS'}),0.027158774373259052,0.03937218770087851,0.015106063852581958,0.5562130177514792,14.127053898482467,1.0,0.014036763490232192,2.164614670380687,0.9551546627271204,0.29375,0.5380240124566227,0.46994324356961714
frozenset({'JUMBO SHOPPER VINTAGE RED PAISLEY'}),frozenset({'JUMBO BAG TOYS'}),0.060692093421898435,0.027158774373259052,0.014088279408613671,0.23212709620476613,8.547038721796005,1.0,0.012439956537127572,1.2669300099253995,0.9400542749373605,0.19099491648511255,0.21069041528278035,0.37543238439429627
frozenset({'JUMBO BAG TOYS'}),frozenset({'JUMBO SHOPPER VINTAGE RED PAISLEY'}),0.027158774373259052,0.060692093421898435,0.014088279408613671,0.5187376725838264,8.547038721796003,1.0,0.012439956537127572,1.951758641947121,0.9076511046212553,0.19099491648511255,0.48764156668348285,0.37543238439429627
frozenset({'JUMBO STORAGE BAG SUKI'}),frozenset({'JUMBO BAG TOYS'}),0.06053139061495608,0.027158774373259052,0.015802442682665525,0.2610619469026549,9.61243476287724,1.0,0.014158484302454323,1.316539622704452,0.9536966702810943,0.21982116244411323,0.24043303919270753,0.42145799514758
frozenset({'JUMBO BAG TOYS'}),frozenset({'JUMBO STORAGE BAG SUKI'}),0.027158774373259052,0.06053139061495608,0.015802442682665525,0.581854043392505,9.612434762877243,1.0,0.014158484302454323,2.246748042255742,0.9209807941957949,0.21982116244411323,0.5549122637730234,0.42145799514758
frozenset({'JUMBO BAG VINTAGE DOILY'}),frozenset({'JUMBO BAG VINTAGE LEAF'}),0.03508677951574887,0.04371116348832226,0.01414184701092779,0.40305343511450387,9.220835204310733,1.0,0.012608163055236175,1.6019672325195626,0.9239690526538914,0.21872410936205464,0.37576750653806623,0.36329142343960485
frozenset({'JUMBO BAG VINTAGE LEAF'}),frozenset({'JUMBO BAG VINTAGE DOILY'}),0.04371116348832226,0.03508677951574887,0.01414184701092779,0.3235294117647059,9.220835204310733,1.0,0.012608163055236175,1.4263934563680232,0.9323019575092173,0.21872410936205464,0.2989311640939061,0.36329142343960485
frozenset({'JUMBO BAG VINTAGE DOILY'}),frozenset({'JUMBO SHOPPER VINTAGE RED PAISLEY'}),0.03508677951574887,0.060692093421898435,0.01007070923505464,0.2870229007633588,4.729164617343673,1.0,0.007941219134811257,1.3174447083697143,0.8172197738985202,0.11750000000000001,0.24095486235816263,0.2264770284928886
frozenset({'JUMBO BAG VINTAGE DOILY'}),frozenset({'JUMBO STORAGE BAG SUKI'}),0.03508677951574887,0.06053139061495608,0.010231412041997,0.2916030534351145,4.817385665067891,1.0,0.008107560485708366,1.3261895240241461,0.8212329489783847,0.11982434127979924,0.2459599613141018,0.23031480105384045
frozenset({'JUMBO BAG VINTAGE DOILY'}),frozenset({'LUNCH BAG RED RETROSPOT'}),0.03508677951574887,0.07456610242125562,0.01007070923505464,0.2870229007633588,3.8492410283407916,1.0,0.007454424840051295,1.2979854452121575,0.7671244526707072,0.10112963959117806,0.22957533638865374,0.21104018601386332
frozenset({'JUMBO BAG VINTAGE DOILY'}),frozenset({'LUNCH BAG VINTAGE DOILY'}),0.03508677951574887,0.02919434326119563,0.013231197771587743,0.3770992366412214,12.916859724070315,1.0,0.012206862286475084,1.5585237871664628,0.9561293002287372,0.25918153200419725,0.35836718808245444,0.4151551229077667
frozenset({'LUNCH BAG VINTAGE DOILY'}),frozenset({'JUMBO BAG VINTAGE DOILY'}),0.02919434326119563,0.03508677951574887,0.013231197771587743,0.4532110091743119,12.916859724070314,1.0,0.012206862286475084,1.7646902857849558,0.9503259441052939,0.25918153200419725,0.4333283250577946,0.4151551229077667
frozenset({'JUMBO SHOPPER VINTAGE RED PAISLEY'}),frozenset({'JUMBO BAG VINTAGE LEAF'}),0.060692093421898435,0.04371116348832226,0.013284765373901865,0.21888790820829657,5.007597390235883,1.0,0.010631843355888734,1.2242658212064756,0.8520139444613077,0.14579659024103467,0.18318392731528568,0.2614047384178738
frozenset({'JUMBO BAG VINTAGE LEAF'}),frozenset({'JUMBO SHOPPER VINTAGE RED PAISLEY'}),0.04371116348832226,0.060692093421898435,0.013284765373901865,0.303921568627451,5.007597390235883,1.0,0.010631843355888734,1.3494282601544558,0.8368846356783011,0.14579659024103467,0.25894541449314257,0.2614047384178738
frozenset({'JUMBO STORAGE BAG SUKI'}),frozenset({'JUMBO BAG VINTAGE LEAF'}),0.06053139061495608,0.04371116348832226,0.013713306192414827,0.22654867256637165,5.182856151310081,1.0,0.011067408681068987,1.236391745146677,0.8590560497206067,0.15147928994082838,0.1911948588096026,0.27013708138122505
frozenset({'JUMBO BAG VINTAGE LEAF'}),frozenset({'JUMBO STORAGE BAG SUKI'}),0.04371116348832226,0.06053139061495608,0.013713306192414827,0.3137254901960784,5.182856151310081,1.0,0.011067408681068987,1.3689399736753498,0.8439460564642618,0.15147928994082838,0.26950778030450406,0.27013708138122505
frozenset({'JUMBO BAG VINTAGE LEAF'}),frozenset({'LUNCH BAG APPLE DESIGN'}),0.04371116348832226,0.04901435611742019,0.011784872509106493,0.26960784313725494,5.500589306760956,1.0,0.00964239797558309,1.3020206131009817,0.8556005947894811,0.1455989410986102,0.23196300431962347,0.25502250080360017
frozenset({'LUNCH BAG APPLE DESIGN'}),frozenset({'JUMBO BAG VINTAGE LEAF'}),0.04901435611742019,0.04371116348832226,0.011784872509106493,0.24043715846994537,5.500589306760956,1.0,0.00964239797558309,1.2589989718103385,0.8603718705673306,0.1455989410986102,0.205718175796378,0.25502250080360017
frozenset({'JUMBO BAG VINTAGE LEAF'}),frozenset({'LUNCH BAG BLACK SKULL.'}),0.04371116348832226,0.06513820441397043,0.010981358474394687,0.2512254901960784,3.8568071142930855,1.0,0.008134091771919871,1.2485224634995091,0.7745757802637405,0.11220580186097429,0.1990532575624795,0.20990550825593396
frozenset({'JUMBO BAG VINTAGE LEAF'}),frozenset({'LUNCH BAG RED RETROSPOT'}),0.04371116348832226,0.07456610242125562,0.011892007713734734,0.2720588235294118,3.648558992562543,1.0,0.008632636620112247,1.271303132027366,0.7591003506307115,0.11178247734138974,0.21340554049820906,0.21577079107505073
frozenset({'LUNCH BAG VINTAGE LEAF DESIGN'}),frozenset({'JUMBO BAG VINTAGE LEAF'}),0.033372616241697024,0.04371116348832226,0.011570602099850011,0.3467094703049759,7.931828911339816,1.0,0.010111846215276154,1.4638033050289316,0.9040977802407562,0.17661488143908424,0.31684810618716613,0.30570767632895857
frozenset({'JUMBO BAG VINTAGE LEAF'}),frozenset({'LUNCH BAG VINTAGE LEAF DESIGN'}),0.04371116348832226,0.033372616241697024,0.011570602099850011,0.2647058823529412,7.931828911339816,1.0,0.010111846215276154,1.314613241911292,0.913872084049095,0.17661488143908424,0.23932000065196488,0.30570767632895857
frozenset({'JUMBO BAG WOODLAND ANIMALS'}),frozenset({'JUMBO SHOPPER VINTAGE RED PAISLEY'}),0.03937218770087851,0.060692093421898435,0.020034283265481036,0.5088435374149659,8.384016907733967,1.0,0.0176447027713148,1.9124413056368548,0.9168227487281089,0.250334672021419,0.4771081355268083,0.4194703123968033
frozenset({'JUMBO SHOPPER VINTAGE RED PAISLEY'}),frozenset({'JUMBO BAG WOODLAND ANIMALS'}),0.060692093421898435,0.03937218770087851,0.020034283265481036,0.33009708737864074,8.384016907733965,1.0,0.0176447027713148,1.4339806473450654,0.9376322984283534,0.250334672021419,0.3026405189976281,0.4194703123968033
frozenset({'JUMBO STORAGE BAG SKULLS'}),frozenset({'JUMBO BAG WOODLAND ANIMALS'}),0.03664023998285837,0.03937218770087851,0.014516820227126633,0.39619883040935666,10.062911246369891,1.0,0.0130742138211163,1.590967127391281,0.9348793843810324,0.23606271777003482,0.37145150092465673,0.38245315670127694
frozenset({'JUMBO BAG WOODLAND ANIMALS'}),frozenset({'JUMBO STORAGE BAG SKULLS'}),0.03937218770087851,0.03664023998285837,0.014516820227126633,0.3687074829931972,10.062911246369891,1.0,0.0130742138211163,1.5260116888202566,0.9375381056548534,0.23606271777003482,0.3446970247173602,0.38245315670127694
frozenset({'JUMBO STORAGE BAG SUKI'}),frozenset({'JUMBO BAG WOODLAND ANIMALS'}),0.06053139061495608,0.03937218770087851,0.022766230983501178,0.37610619469026546,9.55258563602432,1.0,0.020382977710413933,1.5397296849617126,0.9530028912009552,0.2951388888888889,0.3505353506093724,0.47716874360363615
frozenset({'JUMBO BAG WOODLAND ANIMALS'}),frozenset({'JUMBO STORAGE BAG SUKI'}),0.03937218770087851,0.06053139061495608,0.022766230983501178,0.5782312925170068,9.55258563602432,1.0,0.020382977710413933,2.2274497674129266,0.932011638090802,0.2951388888888889,0.5510560935515727,0.47716874360363615
frozenset({'JUMBO BAG WOODLAND ANIMALS'}),frozenset({'LUNCH BAG RED RETROSPOT'}),0.03937218770087851,0.07456610242125562,0.011302764088279408,0.28707482993197275,3.8499374462428646,1.0,0.0083669335076268,1.2980799899243838,0.7705955527459636,0.11012526096033402,0.22963144970884855,0.21932764485104383
frozenset({'JUMBO BAG WOODLAND ANIMALS'}),frozenset({'LUNCH BAG SUKI DESIGN'}),0.03937218770087851,0.06433469037925862,0.010231412041997,0.2598639455782313,4.039250737763881,1.0,0.007698414536706926,1.2641801517853766,0.7832683201550389,0.10945558739255014,0.20897350066150006,0.2094490418981914
frozenset({'JUMBO BAG WOODLAND ANIMALS'}),frozenset({'LUNCH BAG WOODLAND'}),0.03937218770087851,0.04665738161559889,0.010874223269766446,0.2761904761904762,5.91954513148543,1.0,0.009037220083165569,1.3171180911889753,0.8651301684238458,0.14468995010691377,0.24076663536122994,0.25462795910557107
frozenset({'LUNCH BAG WOODLAND'}),frozenset({'JUMBO BAG WOODLAND ANIMALS'}),0.04665738161559889,0.03937218770087851,0.010874223269766446,0.2330654420206659,5.91954513148543,1.0,0.009037220083165569,1.2525551265157708,0.8717412659630739,0.14468995010691377,0.20163194510911678,0.25462795910557107
frozenset({'RECYCLING BAG RETROSPOT'}),frozenset({'JUMBO BAG WOODLAND ANIMALS'}),0.0380329976430255,0.03937218770087851,0.013713306192414827,0.3605633802816901,9.157819296732777,1.0,0.012215863870386557,1.5023034068995071,0.9260231338400712,0.21530698065601345,0.3343555000891424,0.35443135000479065
frozenset({'JUMBO BAG WOODLAND ANIMALS'}),frozenset({'RECYCLING BAG RETROSPOT'}),0.03937218770087851,0.0380329976430255,0.013713306192414827,0.34829931972789113,9.157819296732777,1.0,0.012215863870386557,1.4760871539298044,0.927314082278481,0.21530698065601345,0.3225332275687867,0.35443135000479065
frozenset({'RED TOADSTOOL LED NIGHT LIGHT'}),frozenset({'JUMBO BAG WOODLAND ANIMALS'}),0.03530104992500536,0.03937218770087851,0.010445682451253482,0.2959028831562974,7.515530643213279,1.0,0.009055802887568088,1.3643399316920712,0.8986660515895899,0.16263552960800665,0.26704483481635866,0.2806045028026385
frozenset({'JUMBO BAG WOODLAND ANIMALS'}),frozenset({'RED TOADSTOOL LED NIGHT LIGHT'}),0.03937218770087851,0.03530104992500536,0.010445682451253482,0.26530612244897955,7.515530643213278,1.0,0.009055802887568088,1.3130624598242981,0.9024745956101557,0.16263552960800665,0.2384216055237687,0.2806045028026385
frozenset({'JUMBO BAG WOODLAND ANIMALS'}),frozenset({'WHITE HANGING HEART T-LIGHT HOLDER'}),0.03937218770087851,0.11602742661238483,0.011409899292907649,0.2897959183673469,2.4976501403885654,1.0,0.006841645673874927,1.2446740257469293,0.6241997796178733,0.07924107142857142,0.19657679093937902,0.19406693425292554
frozenset({'JUMBO STORAGE BAG SKULLS'}),frozenset({'JUMBO SHOPPER VINTAGE RED PAISLEY'}),0.03664023998285837,0.060692093421898435,0.015909577887293764,0.43421052631578944,7.154317833418497,1.0,0.013685805019253346,1.6601721139519932,0.8929418742586003,0.19539473684210523,0.397652814671409,0.3481732243229433
frozenset({'JUMBO SHOPPER VINTAGE RED PAISLEY'}),frozenset({'JUMBO STORAGE BAG SKULLS'}),0.060692093421898435,0.03664023998285837,0.015909577887293764,0.2621359223300971,7.154317833418498,1.0,0.013685805019253346,1.3056059905495472,0.9158064822735482,0.19539473684210523,0.23407214179594374,0.3481732243229433
frozenset({'JUMBO STORAGE BAG SUKI'}),frozenset({'JUMBO SHOPPER VINTAGE RED PAISLEY'}),0.06053139061495608,0.060692093421898435,0.027480179987143777,0.4539823008849558,7.480089667184779,1.0,0.023806403172983437,1.720288386439635,0.9221295468241948,0.29314285714285715,0.41870211536471935,0.4533812651821072
frozenset({'JUMBO SHOPPER VINTAGE RED PAISLEY'}),frozenset({'JUMBO STORAGE BAG SUKI'}),0.060692093421898435,0.06053139061495608,0.027480179987143777,0.4527802294792586,7.480089667184778,1.0,0.023806403172983437,1.7168031200536369,0.9222873106474324,0.29314285714285715,0.41752202782066367,0.4533812651821072
frozenset({'JUMBO SHOPPER VINTAGE RED PAISLEY'}),frozenset({'LUNCH BAG RED RETROSPOT'}),0.060692093421898435,0.07456610242125562,0.014463252624812514,0.2383053839364519,3.195894329975348,1.0,0.00993767977055482,1.2149670984434733,0.7314944713747108,0.11973392461197338,0.1769324442767819,0.2161354505889156
frozenset({'LUNCH BAG SUKI DESIGN'}),frozenset({'JUMBO SHOPPER VINTAGE RED PAISLEY'}),0.06433469037925862,0.060692093421898435,0.013499035783158345,0.20982514571190672,3.457207255207303,1.0,0.00959442874439147,1.1887342421499472,0.7596190458015615,0.12103746397694524,0.15876908013401053,0.21612175202629758
frozenset({'JUMBO SHOPPER VINTAGE RED PAISLEY'}),frozenset({'LUNCH BAG SUKI DESIGN'}),0.060692093421898435,0.06433469037925862,0.013499035783158345,0.22241835834068843,3.4572072552073037,1.0,0.00959442874439147,1.2033016978437003,0.7566732747656614,0.12103746397694524,0.16895322113150352,0.21612175202629758
frozenset({'LUNCH BAG WOODLAND'}),frozenset({'JUMBO SHOPPER VINTAGE RED PAISLEY'}),0.04665738161559889,0.060692093421898435,0.01012427683736876,0.21699196326061995,3.575292118401812,1.0,0.007292542673533665,1.1996146431517984,0.7555547825818096,0.10413223140495867,0.16639897177925594,0.19190286600806813
frozenset({'RECYCLING BAG RETROSPOT'}),frozenset({'JUMBO SHOPPER VINTAGE RED PAISLEY'}),0.0380329976430255,0.060692093421898435,0.013606170987786586,0.3577464788732394,5.894449485971433,1.0,0.011297868741721239,1.4625188896281844,0.8631781242847484,0.15984896161107612,0.316248147568043,0.2909650311400619
frozenset({'JUMBO SHOPPER VINTAGE RED PAISLEY'}),frozenset({'RECYCLING BAG RETROSPOT'}),0.060692093421898435,0.0380329976430255,0.013606170987786586,0.22418358340688438,5.894449485971433,1.0,0.011297868741721239,1.239941540011891,0.8840007274539784,0.15984896161107612,0.19351036502058788,0.2909650311400619
frozenset({'RED TOADSTOOL LED NIGHT LIGHT'}),frozenset({'JUMBO SHOPPER VINTAGE RED PAISLEY'}),0.03530104992500536,0.060692093421898435,0.010713520462824084,0.30349013657056145,5.000488852161731,1.0,0.008571025842884557,1.348592397461806,0.8292945194069632,0.1256281407035176,0.2584861060450095,0.24000632159507773
frozenset({'SUKI SHOULDER BAG'}),frozenset({'JUMBO SHOPPER VINTAGE RED PAISLEY'}),0.027158774373259052,0.060692093421898435,0.010767088065138205,0.39644970414201186,6.532147464186299,1.0,0.009118765193652106,1.5563042765852861,0.870554172587314,0.13968033356497567,0.3574521287096138,0.2869274116473519
frozenset({'JUMBO SHOPPER VINTAGE RED PAISLEY'}),frozenset({'WHITE HANGING HEART T-LIGHT HOLDER'}),0.060692093421898435,0.11602742661238483,0.014516820227126633,0.23918799646954986,2.0614780785288813,1.0,0.007474872811665308,1.1618804241858096,0.548181444175434,0.08949801849405548,0.1393262342803028,0.1821517082994102
frozenset({'JUMBO STORAGE BAG SKULLS'}),frozenset({'JUMBO STORAGE BAG SUKI'}),0.03664023998285837,0.06053139061495608,0.019552174844653953,0.533625730994152,8.81568597008746,1.0,0.01733429016602582,2.014409181251944,0.9202853068785647,0.2518978605935127,0.5035765278936498,0.4283172902758371
frozenset({'JUMBO STORAGE BAG SUKI'}),frozenset({'JUMBO STORAGE BAG SKULLS'}),0.06053139061495608,0.03664023998285837,0.019552174844653953,0.3230088495575221,8.81568597008746,1.0,0.01733429016602582,1.4230019984566928,0.943688616655497,0.2518978605935127,0.2972602982395364,0.4283172902758371
frozenset({'JUMBO STORAGE BAG SKULLS'}),frozenset({'LUNCH BAG BLACK SKULL.'}),0.03664023998285837,0.06513820441397043,0.013713306192414827,0.3742690058479532,5.745767928593413,1.0,0.011326626750634465,1.4940314677122528,0.8573732206405693,0.1557177615571776,0.33067005507503955,0.29239766081871343
frozenset({'LUNCH BAG BLACK SKULL.'}),frozenset({'JUMBO STORAGE BAG SKULLS'}),0.06513820441397043,0.03664023998285837,0.013713306192414827,0.21052631578947367,5.745767928593413,1.0,0.011326626750634465,1.2202556960217128,0.8835090534036213,0.1557177615571776,0.1804996253980146,0.29239766081871343
frozenset({'JUMBO STORAGE BAG SKULLS'}),frozenset({'LUNCH BAG PINK POLKADOT'}),0.03664023998285837,0.05388900792800514,0.010231412041997,0.27923976608187134,5.181757408763792,1.0,0.008256905859076735,1.3126570356536398,0.8377091446032308,0.12741827885256837,0.23818638620860458,0.23455030053596548
frozenset({'JUMBO STORAGE BAG SKULLS'}),frozenset({'LUNCH BAG RED RETROSPOT'}),0.03664023998285837,0.07456610242125562,0.010445682451253482,0.2850877192982456,3.8232884654164145,1.0,0.007713562563952279,1.2944719548954216,0.766530933479332,0.1036682615629984,0.22748422921160277,0.21258696309739866
frozenset({'JUMBO STORAGE BAG SUKI'}),frozenset({'LUNCH BAG BLACK SKULL.'}),0.06053139061495608,0.06513820441397043,0.014945361045639597,0.24690265486725663,3.7904430600838377,1.0,0.011002454950300698,1.241355850778159,0.7836117048040282,0.13497822931785197,0.19442922078053787,0.23817172217047042
frozenset({'LUNCH BAG BLACK SKULL.'}),frozenset({'JUMBO STORAGE BAG SUKI'}),0.06513820441397043,0.06053139061495608,0.014945361045639597,0.2294407894736842,3.7904430600838377,1.0,0.011002454950300698,1.2192036595647955,0.7874731881075548,0.13497822931785197,0.1797924881910558,0.23817172217047042
frozenset({'LUNCH BAG CARS BLUE'}),frozenset({'JUMBO STORAGE BAG SUKI'}),0.057049496464538246,0.06053139061495608,0.012320548532247696,0.215962441314554,3.567775977398313,1.0,0.008867263177366176,1.198244394006074,0.7632567571239093,0.11704834605597964,0.16544570957122215,0.20975113216170177
frozenset({'JUMBO STORAGE BAG SUKI'}),frozenset({'LUNCH BAG CARS BLUE'}),0.06053139061495608,0.057049496464538246,0.012320548532247696,0.20353982300884954,3.567775977398313,1.0,0.008867263177366176,1.1839267433278575,0.7660855682319634,0.11704834605597964,0.15535314525530894,0.20975113216170177
frozenset({'JUMBO STORAGE BAG SUKI'}),frozenset({'LUNCH BAG PINK POLKADOT'}),0.06053139061495608,0.05388900792800514,0.01290979215770302,0.21327433628318582,3.957659353612836,1.0,0.009647815568960477,1.2025932745122094,0.7954767099680173,0.12717678100263852,0.1684636683124512,0.2264184802688295
frozenset({'LUNCH BAG PINK POLKADOT'}),frozenset({'JUMBO STORAGE BAG SUKI'}),0.05388900792800514,0.06053139061495608,0.01290979215770302,0.23956262425447317,3.9576593536128364,1.0,0.009647815568960477,1.2354319229298747,0.7898918887679247,0.12717678100263852,0.19056648817325264,0.2264184802688295
frozenset({'JUMBO STORAGE BAG SUKI'}),frozenset({'LUNCH BAG RED RETROSPOT'}),0.06053139061495608,0.07456610242125562,0.017409470752089137,0.28761061946902655,3.85712287661479,1.0,0.012895880879793292,1.2990562785887965,0.7884663631499076,0.14792899408284022,0.23021041006296528,0.26054381548163974
frozenset({'LUNCH BAG RED RETROSPOT'}),frozenset({'JUMBO STORAGE BAG SUKI'}),0.07456610242125562,0.06053139061495608,0.017409470752089137,0.2334770114942529,3.8571228766147905,1.0,0.012895880879793292,1.2256235278950152,0.8004238872958485,0.14792899408284022,0.18408877013198272,0.26054381548163974
frozenset({'LUNCH BAG SUKI DESIGN'}),frozenset({'JUMBO STORAGE BAG SUKI'}),0.06433469037925862,0.06053139061495608,0.01901649882151275,0.2955870108243131,4.883202051387856,1.0,0.01512223054807359,1.333690070770021,0.8498940053557736,0.17965587044534415,0.25020061113401054,0.30487315142985566
frozenset({'JUMBO STORAGE BAG SUKI'}),frozenset({'LUNCH BAG SUKI DESIGN'}),0.06053139061495608,0.06433469037925862,0.01901649882151275,0.3141592920353982,4.883202051387855,1.0,0.01512223054807359,1.3642603869308874,0.8464533351322442,0.17965587044534415,0.2670020990276987,0.30487315142985566
frozenset({'LUNCH BAG WOODLAND'}),frozenset({'JUMBO STORAGE BAG SUKI'}),0.04665738161559889,0.06053139061495608,0.011677737304478252,0.2502870264064294,4.134830273411703,1.0,0.008853501112833366,1.2531043779086881,0.7952566997942648,0.12226584408300617,0.20198187985832045,0.22160369019436515
frozenset({'RECYCLING BAG RETROSPOT'}),frozenset({'JUMBO STORAGE BAG SUKI'}),0.0380329976430255,0.06053139061495608,0.015588172273409043,0.4098591549295775,6.771018322323321,1.0,0.013285982036821362,1.5919396483612918,0.8860093176556676,0.1878631375080697,0.3718354831922313,0.3336906394116914
frozenset({'JUMBO STORAGE BAG SUKI'}),frozenset({'RECYCLING BAG RETROSPOT'}),0.06053139061495608,0.0380329976430255,0.015588172273409043,0.2575221238938053,6.77101832232332,1.0,0.013285982036821362,1.2956170591935412,0.9072274675824199,0.1878631375080697,0.22816700127238876,0.3336906394116914
frozenset({'JUMBO STORAGE BAG SUKI'}),frozenset({'RED RETROSPOT CHARLOTTE BAG'}),0.06053139061495608,0.04847868009427898,0.014088279408613671,0.2327433628318584,4.800942649000147,1.0,0.011153797487329375,1.2401604284815049,0.8427184945931637,0.14841986455981943,0.19365271054130118,0.26167554881924415
frozenset({'RED RETROSPOT CHARLOTTE BAG'}),frozenset({'JUMBO STORAGE BAG SUKI'}),0.04847868009427898,0.06053139061495608,0.014088279408613671,0.2906077348066299,4.800942649000147,1.0,0.011153797487329375,1.324328802949322,0.8320439654436135,0.14841986455981943,0.24490051279337247,0.26167554881924415
frozenset({'RED RETROSPOT SHOPPER BAG'}),frozenset({'JUMBO STORAGE BAG SUKI'}),0.028390829226483824,0.06053139061495608,0.010284979644311121,0.36226415094339626,5.9847320086825855,1.0,0.008566443270520318,1.4731312514025838,0.8572460671885911,0.1307901907356948,0.3211738607487354,0.2660878276840875
frozenset({'RED TOADSTOOL LED NIGHT LIGHT'}),frozenset({'JUMBO STORAGE BAG SUKI'}),0.03530104992500536,0.06053139061495608,0.010874223269766446,0.30804248861911987,5.0889709535767516,1.0,0.008737401627637881,1.3576969596156665,0.8328988215251981,0.12799495586380835,0.2634586142970538,0.24384425315911745
frozenset({'ROSES REGENCY TEACUP AND SAUCER'}),frozenset({'JUMBO STORAGE BAG SUKI'}),0.051264195414613245,0.06053139061495608,0.010338547246625241,0.20167189132706373,3.3316910330032083,1.0,0.007235454209421847,1.1767951036406898,0.7376680807542398,0.10190073917634634,0.15023439772457667,0.18623417575202744
frozenset({'JUMBO STORAGE BAG SUKI'}),frozenset({'SUKI SHOULDER BAG'}),0.06053139061495608,0.027158774373259052,0.012427683736875937,0.20530973451327433,7.559609711822102,1.0,0.010783725356664735,1.2241765979490171,0.9236264308830874,0.16512455516014235,0.18312439424557048,0.3314517114380967
frozenset({'SUKI SHOULDER BAG'}),frozenset({'JUMBO STORAGE BAG SUKI'}),0.027158774373259052,0.06053139061495608,0.012427683736875937,0.45759368836291914,7.559609711822101,1.0,0.010783725356664735,1.7320384907571538,0.8919420926616148,0.16512455516014235,0.4226456251772708,0.3314517114380967
frozenset({'JUMBO STORAGE BAG SUKI'}),frozenset({'WHITE HANGING HEART T-LIGHT HOLDER'}),0.06053139061495608,0.11602742661238483,0.016177415898864365,0.2672566371681416,2.3033919218166514,1.0,0.00915411441654195,1.2063876907343056,0.6023167102050495,0.1008684034736139,0.17107907542448594,0.20334207666347984
frozenset({'WOODLAND CHARLOTTE BAG'}),frozenset({'JUMBO STORAGE BAG SUKI'}),0.03658667238054425,0.06053139061495608,0.011302764088279408,0.3089311859443631,5.103652547972894,1.0,0.009088121931111259,1.359442924173697,0.8345970246400699,0.1317103620474407,0.26440457174189586,0.24782842483058862
"frozenset({'KEY FOB , SHED'})","frozenset({'KEY FOB , BACK DOOR'})",0.019820012856224554,0.01644525391043497,0.011195628883651167,0.5648648648648649,34.348199665463504,1.0,0.010869683739722469,2.2603432052990007,0.9905184816391678,0.4465811965811965,0.5575893087139752,0.6228233119112597
"frozenset({'KEY FOB , BACK DOOR'})","frozenset({'KEY FOB , SHED'})",0.01644525391043497,0.019820012856224554,0.011195628883651167,0.6807817589576546,34.348199665463504,1.0,0.010869683739722469,3.0705638372769277,0.9871198288237837,0.4465811965811965,0.6743269142103779,0.6228233119112597
frozenset({'PLEASE ONE PERSON METAL SIGN'}),frozenset({'LADIES & GENTLEMEN METAL SIGN'}),0.04365759588600814,0.024694664666809512,0.011945575316048854,0.27361963190184047,11.080111254541341,1.0,0.010867465625484801,1.3426923113117404,0.9512787415110799,0.21177587844254514,0.25522773045221936,0.37867532571230855
frozenset({'LADIES & GENTLEMEN METAL SIGN'}),frozenset({'PLEASE ONE PERSON METAL SIGN'}),0.024694664666809512,0.04365759588600814,0.011945575316048854,0.4837310195227766,11.080111254541341,1.0,0.010867465625484801,1.8524111272964299,0.9327829610697704,0.21177587844254514,0.4601630354814985,0.37867532571230855
frozenset({'SMALL HEART MEASURING SPOONS'}),frozenset({'LARGE HEART MEASURING SPOONS'}),0.023998285836725947,0.01826655238911506,0.010981358474394687,0.45758928571428575,25.05066506074571,1.0,0.010542992528909174,1.8099447923031957,0.9836877192043051,0.351027397260274,0.44749695998877537,0.5293811531210726
frozenset({'LARGE HEART MEASURING SPOONS'}),frozenset({'SMALL HEART MEASURING SPOONS'}),0.01826655238911506,0.023998285836725947,0.010981358474394687,0.6011730205278594,25.050665060745715,1.0,0.010542992528909174,2.447180768600563,0.9779445759754699,0.351027397260274,0.5913665174102128,0.5293811531210726
frozenset({'LARGE WHITE HEART OF WICKER'}),frozenset({'SMALL WHITE HEART OF WICKER'}),0.029569316477394473,0.032836940218555814,0.015748875080351405,0.532608695652174,16.219802822895243,1.0,0.014777909202879646,2.0692791046486714,0.9669386853880436,0.3375430539609644,0.5167399130675593,0.5061085892616498
frozenset({'SMALL WHITE HEART OF WICKER'}),frozenset({'LARGE WHITE HEART OF WICKER'}),0.032836940218555814,0.029569316477394473,0.015748875080351405,0.47960848287112573,16.219802822895243,1.0,0.014777909202879646,1.8648088056406187,0.9702055510656215,0.3375430539609644,0.4637519959283603,0.5061085892616498
frozenset({'LOVE BUILDING BLOCK WORD'}),frozenset({'WHITE HANGING HEART T-LIGHT HOLDER'}),0.0325155346046711,0.11602742661238483,0.01162416970216413,0.357495881383855,3.081132554789384,1.0,0.007851475897058195,1.3758239796058522,0.6981445623216967,0.08489827856025038,0.2731628356365171,0.22884027679534394
frozenset({'LOVEBIRD HANGING DECORATION WHITE'}),frozenset({'WHITE HANGING HEART T-LIGHT HOLDER'}),0.028765802442682665,0.11602742661238483,0.012159845725305336,0.4227188081936685,3.643266256398617,1.0,0.008822223693440613,1.5312686190617721,0.7470093448633867,0.09168012924071083,0.34694671623799567,0.2637601427856616
frozenset({'LUNCH BAG ALPHABET DESIGN'}),frozenset({'LUNCH BAG APPLE DESIGN'}),0.03685451039211485,0.04901435611742019,0.018159417184486822,0.4927325581395349,10.052821197102555,1.0,0.01635301708759454,1.8747224154476074,0.9349838069831768,0.26819620253164556,0.4665876975918909,0.4316121807091117
frozenset({'LUNCH BAG APPLE DESIGN'}),frozenset({'LUNCH BAG ALPHABET DESIGN'}),0.04901435611742019,0.03685451039211485,0.018159417184486822,0.3704918032786885,10.052821197102555,1.0,0.01635301708759454,1.5299967413041926,0.9469390440802975,0.26819620253164556,0.3464038366855705,0.4316121807091117
frozenset({'LUNCH BAG ALPHABET DESIGN'}),frozenset({'LUNCH BAG BLACK SKULL.'}),0.03685451039211485,0.06513820441397043,0.015641739875723162,0.4244186046511628,6.515663249694002,1.0,0.013241103244224787,1.6242043317252233,0.8789156901884895,0.18114143920595532,0.3843139188418466,0.3322750917992656
frozenset({'LUNCH BAG BLACK SKULL.'}),frozenset({'LUNCH BAG ALPHABET DESIGN'}),0.06513820441397043,0.03685451039211485,0.015641739875723162,0.24013157894736842,6.515663249694002,1.0,0.013241103244224787,1.2675161421679526,0.9055067676821591,0.18114143920595532,0.21105541244657808,0.3322750917992656
frozenset({'LUNCH BAG ALPHABET DESIGN'}),frozenset({'LUNCH BAG CARS BLUE'}),0.03685451039211485,0.057049496464538246,0.014302549817870151,0.3880813953488372,6.802538486734359,1.0,0.012200018557552907,1.540973744495006,0.8856357250878004,0.1796769851951548,0.3510596766671643,0.31939281035047495
frozenset({'LUNCH BAG CARS BLUE'}),frozenset({'LUNCH BAG ALPHABET DESIGN'}),0.057049496464538246,0.03685451039211485,0.014302549817870151,0.2507042253521127,6.80253848673436,1.0,0.012200018557552907,1.2854009353789444,0.9046032117865507,0.1796769851951548,0.22203261840229363,0.31939281035047495
frozenset({'LUNCH BAG ALPHABET DESIGN'}),frozenset({'LUNCH BAG PINK POLKADOT'}),0.03685451039211485,0.05388900792800514,0.01274908935076066,0.34593023255813954,6.419309723057007,1.0,0.010763036348057236,1.4464985834345165,0.8765238687243531,0.1634615384615385,0.3086754377417817,0.29125537472837393
frozenset({'LUNCH BAG PINK POLKADOT'}),frozenset({'LUNCH BAG ALPHABET DESIGN'}),0.05388900792800514,0.03685451039211485,0.01274908935076066,0.23658051689860835,6.419309723057007,1.0,0.010763036348057236,1.2616202637311622,0.8923054670854867,0.1634615384615385,0.20736846993677535,0.29125537472837393
frozenset({'LUNCH BAG ALPHABET DESIGN'}),frozenset({'LUNCH BAG RED RETROSPOT'}),0.03685451039211485,0.07456610242125562,0.015588172273409043,0.4229651162790698,5.672351142742583,1.0,0.012840075076825377,1.6037746134362119,0.8552251642718713,0.1626607043040805,0.37647098811632757,0.3160084202085004
frozenset({'LUNCH BAG RED RETROSPOT'}),frozenset({'LUNCH BAG ALPHABET DESIGN'}),0.07456610242125562,0.03685451039211485,0.015588172273409043,0.20905172413793105,5.672351142742583,1.0,0.012840075076825377,1.2177098288230483,0.8900757382269188,0.1626607043040805,0.17878629511718003,0.3160084202085004
frozenset({'LUNCH BAG ALPHABET DESIGN'}),frozenset({'LUNCH BAG SPACEBOY DESIGN'}),0.03685451039211485,0.055603171202056996,0.015106063852581958,0.40988372093023256,7.3715889232423715,1.0,0.013056836201681207,1.6003571877167113,0.897417934821196,0.19529085872576177,0.3751394953105832,0.3407800107541336
frozenset({'LUNCH BAG SPACEBOY DESIGN'}),frozenset({'LUNCH BAG ALPHABET DESIGN'}),0.055603171202056996,0.03685451039211485,0.015106063852581958,0.27167630057803466,7.371588923242371,1.0,0.013056836201681207,1.3224140452552708,0.9152339460059619,0.19529085872576177,0.24380718460460238,0.3407800107541336
frozenset({'LUNCH BAG SUKI DESIGN'}),frozenset({'LUNCH BAG ALPHABET DESIGN'}),0.06433469037925862,0.03685451039211485,0.016177415898864365,0.2514571190674438,6.82296729469628,1.0,0.013806392383708488,1.2866938075851724,0.9121169645541621,0.19029615626969124,0.22281432139883428,0.34520530371976843
frozenset({'LUNCH BAG ALPHABET DESIGN'}),frozenset({'LUNCH BAG SUKI DESIGN'}),0.03685451039211485,0.06433469037925862,0.016177415898864365,0.438953488372093,6.82296729469628,1.0,0.013806392383708488,1.6677143342462954,0.886092715231788,0.19029615626969124,0.40037692339441416,0.34520530371976843
frozenset({'LUNCH BAG ALPHABET DESIGN'}),frozenset({'LUNCH BAG VINTAGE LEAF DESIGN'}),0.03685451039211485,0.033372616241697024,0.01403471180629955,0.3808139534883721,11.410970920900368,1.0,0.012804780374207866,1.5611259155533155,0.9472764479616876,0.24976167778836988,0.35943667961878256,0.40067984993840755
frozenset({'LUNCH BAG VINTAGE LEAF DESIGN'}),frozenset({'LUNCH BAG ALPHABET DESIGN'}),0.033372616241697024,0.03685451039211485,0.01403471180629955,0.420545746388443,11.41097092090037,1.0,0.012804780374207866,1.6621596676612533,0.9438642579302381,0.24976167778836988,0.39837308084424106,0.40067984993840755
frozenset({'LUNCH BAG ALPHABET DESIGN'}),frozenset({'LUNCH BAG WOODLAND'}),0.03685451039211485,0.04665738161559889,0.012266980929933577,0.33284883720930236,7.133894481082957,1.0,0.01054744597431262,1.428975427992305,0.8927250559816584,0.17218045112781954,0.3001979037491294,0.2978825127493125
frozenset({'LUNCH BAG WOODLAND'}),frozenset({'LUNCH BAG ALPHABET DESIGN'}),0.04665738161559889,0.03685451039211485,0.012266980929933577,0.2629161882893226,7.133894481082957,1.0,0.01054744597431262,1.3066973854337507,0.9019046191240219,0.17218045112781954,0.23471186890906978,0.2978825127493125
frozenset({'LUNCH BAG BLACK SKULL.'}),frozenset({'LUNCH BAG APPLE DESIGN'}),0.06513820441397043,0.04901435611742019,0.02126633811870581,0.32648026315789475,6.6609109864826,1.0,0.01807363097071015,1.4119640329196788,0.9090866578412122,0.22895040369088815,0.2917666621208573,0.3801800222893299
frozenset({'LUNCH BAG APPLE DESIGN'}),frozenset({'LUNCH BAG BLACK SKULL.'}),0.04901435611742019,0.06513820441397043,0.02126633811870581,0.43387978142076505,6.6609109864826,1.0,0.01807363097071015,1.6513485385351683,0.8936732018613663,0.22895040369088815,0.394434320396679,0.3801800222893299
frozenset({'LUNCH BAG CARS BLUE'}),frozenset({'LUNCH BAG APPLE DESIGN'}),0.057049496464538246,0.04901435611742019,0.018427255196057424,0.32300469483568073,6.590001795838784,1.0,0.01563101086002504,1.4047152714770421,0.8995752904169347,0.2102689486552567,0.28811196097518665,0.34948048949434307
frozenset({'LUNCH BAG APPLE DESIGN'}),frozenset({'LUNCH BAG CARS BLUE'}),0.04901435611742019,0.057049496464538246,0.018427255196057424,0.3759562841530054,6.590001795838784,1.0,0.01563101086002504,1.5110327683624298,0.8919745303446911,0.2102689486552567,0.33820098350101147,0.34948048949434307
frozenset({'LUNCH BAG DOLLY GIRL DESIGN'}),frozenset({'LUNCH BAG APPLE DESIGN'}),0.03219412899078637,0.04901435611742019,0.011142061281337047,0.34608985024958405,7.060989425638508,1.0,0.009564086778092482,1.454306290008729,0.8869307513486125,0.15902140672782875,0.31238693879678003,0.28670612731058437
frozenset({'LUNCH BAG APPLE DESIGN'}),frozenset({'LUNCH BAG DOLLY GIRL DESIGN'}),0.04901435611742019,0.03219412899078637,0.011142061281337047,0.22732240437158469,7.060989425638508,1.0,0.009564086778092482,1.2525351795946682,0.9026180298887729,0.15902140672782875,0.20161923090766273,0.28670612731058437
frozenset({'LUNCH BAG PINK POLKADOT'}),frozenset({'LUNCH BAG APPLE DESIGN'}),0.05388900792800514,0.04901435611742019,0.017409470752089137,0.3230616302186879,6.591163402101055,1.0,0.014768135726691414,1.4048334181290387,0.8965985209445746,0.20363408521303258,0.2881718308411235,0.3391264435246445
frozenset({'LUNCH BAG APPLE DESIGN'}),frozenset({'LUNCH BAG PINK POLKADOT'}),0.04901435611742019,0.05388900792800514,0.017409470752089137,0.3551912568306011,6.5911634021010554,1.0,0.014768135726691414,1.4672738266879242,0.8920026517728314,0.20363408521303258,0.31846395552676143,0.3391264435246445
frozenset({'LUNCH BAG RED RETROSPOT'}),frozenset({'LUNCH BAG APPLE DESIGN'}),0.07456610242125562,0.04901435611742019,0.0230876365973859,0.30962643678160917,6.317056089441617,1.0,0.01943282709902245,1.3774942937404278,0.9095175958600884,0.22974413646055436,0.27404417967887573,0.39033234407386463
frozenset({'LUNCH BAG APPLE DESIGN'}),frozenset({'LUNCH BAG RED RETROSPOT'}),0.04901435611742019,0.07456610242125562,0.0230876365973859,0.47103825136612015,6.317056089441618,1.0,0.01943282709902245,1.7495289592656014,0.8850800420255105,0.22974413646055436,0.42841757794065355,0.39033234407386463
frozenset({'LUNCH BAG SPACEBOY DESIGN'}),frozenset({'LUNCH BAG APPLE DESIGN'}),0.055603171202056996,0.04901435611742019,0.018534390400685666,0.33333333333333337,6.800728597449909,1.0,0.01580903676613016,1.4264784658238698,0.9031764038570618,0.21530802738021157,0.29897294354005904,0.3557377049180328
frozenset({'LUNCH BAG APPLE DESIGN'}),frozenset({'LUNCH BAG SPACEBOY DESIGN'}),0.04901435611742019,0.055603171202056996,0.018534390400685666,0.37814207650273224,6.8007285974499085,1.0,0.01580903676613016,1.518669768629381,0.8969188306201769,0.21530802738021157,0.3415290008027797,0.3557377049180328
frozenset({'LUNCH BAG SUKI DESIGN'}),frozenset({'LUNCH BAG APPLE DESIGN'}),0.06433469037925862,0.04901435611742019,0.022391257767302334,0.3480432972522897,7.100844014323218,1.0,0.019237934342349387,1.4586638037075075,0.9182467937488684,0.2461719670200235,0.3144410676001659,0.40243694917259293
frozenset({'LUNCH BAG APPLE DESIGN'}),frozenset({'LUNCH BAG SUKI DESIGN'}),0.04901435611742019,0.06433469037925862,0.022391257767302334,0.45683060109289614,7.1008440143232185,1.0,0.019237934342349387,1.7226031354184674,0.9034538808320557,0.2461719670200235,0.41948323473992016,0.40243694917259293
frozenset({'LUNCH BAG VINTAGE DOILY'}),frozenset({'LUNCH BAG APPLE DESIGN'}),0.02919434326119563,0.04901435611742019,0.011677737304478252,0.4,8.160874316939891,1.0,0.010246795367259804,1.584976073137633,0.9038514594713899,0.17552334943639294,0.3690756491860531,0.3191256830601093
frozenset({'LUNCH BAG APPLE DESIGN'}),frozenset({'LUNCH BAG VINTAGE DOILY'}),0.04901435611742019,0.02919434326119563,0.011677737304478252,0.23825136612021858,8.160874316939891,1.0,0.010246795367259804,1.2744435809411852,0.9226891229651327,0.17552334943639294,0.21534384498881204,0.3191256830601093
frozenset({'LUNCH BAG VINTAGE LEAF DESIGN'}),frozenset({'LUNCH BAG APPLE DESIGN'}),0.033372616241697024,0.04901435611742019,0.01799871437754446,0.5393258426966291,11.003426045312208,1.0,0.01636297708050392,2.064334690379258,0.9405063729564976,0.2795341098169717,0.5155824272776811,0.4532694787253637
frozenset({'LUNCH BAG APPLE DESIGN'}),frozenset({'LUNCH BAG VINTAGE LEAF DESIGN'}),0.04901435611742019,0.033372616241697024,0.01799871437754446,0.36721311475409835,11.00342604531221,1.0,0.01636297708050392,1.5275717722605304,0.9559757505773673,0.2795341098169717,0.3453662746594352,0.4532694787253637
frozenset({'LUNCH BAG WOODLAND'}),frozenset({'LUNCH BAG APPLE DESIGN'}),0.04665738161559889,0.04901435611742019,0.016927362331262054,0.36280137772675086,7.401941114101622,1.0,0.014640480813248716,1.4924477402193281,0.9072292442973249,0.21496598639455783,0.32995978817118155,0.35407828449179074
frozenset({'LUNCH BAG APPLE DESIGN'}),frozenset({'LUNCH BAG WOODLAND'}),0.04901435611742019,0.04665738161559889,0.016927362331262054,0.3453551912568306,7.401941114101623,1.0,0.014640480813248716,1.4562746173985428,0.9094777705604401,0.21496598639455783,0.31331632917809255,0.35407828449179074
frozenset({'LUNCH BAG APPLE DESIGN'}),frozenset({'PARTY BUNTING'}),0.04901435611742019,0.08538675808870795,0.012641954146132419,0.25792349726775954,3.020649841276371,1.0,0.008456777177460479,1.232505325992389,0.7034232457250004,0.10382754069511659,0.18864447973494994,0.20298935214705416
frozenset({'RED RETROSPOT CHARLOTTE BAG'}),frozenset({'LUNCH BAG APPLE DESIGN'}),0.04847868009427898,0.04901435611742019,0.013391900578530106,0.27624309392265195,5.635962926063461,1.0,0.011015749288286627,1.3139572636850911,0.8644767212745595,0.15923566878980894,0.23894023981006401,0.2747335688192495
frozenset({'LUNCH BAG APPLE DESIGN'}),frozenset({'RED RETROSPOT CHARLOTTE BAG'}),0.04901435611742019,0.04847868009427898,0.013391900578530106,0.273224043715847,5.635962926063462,1.0,0.011015749288286627,1.309236101825165,0.8649636681124319,0.15923566878980894,0.23619582548485238,0.2747335688192495
frozenset({'LUNCH BAG APPLE DESIGN'}),frozenset({'SPOTTY BUNTING'}),0.04901435611742019,0.055763874008999355,0.010927790872080565,0.22295081967213112,3.9981228642068625,1.0,0.00819456049291652,1.2151561958955914,0.7885320128163924,0.11643835616438356,0.17706052655808385,0.20945811876978315
frozenset({'STRAWBERRY CHARLOTTE BAG'}),frozenset({'LUNCH BAG APPLE DESIGN'}),0.03605099635740304,0.04901435611742019,0.011302764088279408,0.3135215453194651,6.396524817512321,1.0,0.009535747714429837,1.385310256131983,0.8752175762356316,0.1532316630355846,0.2781400443882034,0.27206131910781994
frozenset({'LUNCH BAG APPLE DESIGN'}),frozenset({'STRAWBERRY CHARLOTTE BAG'}),0.04901435611742019,0.03605099635740304,0.011302764088279408,0.23060109289617484,6.396524817512321,1.0,0.009535747714429837,1.252859855586614,0.8871481036647435,0.1532316630355846,0.20182612960187787,0.27206131910781994
frozenset({'WOODLAND CHARLOTTE BAG'}),frozenset({'LUNCH BAG APPLE DESIGN'}),0.03658667238054425,0.04901435611742019,0.010767088065138205,0.29428989751098095,6.004157165830592,1.0,0.008973815875926827,1.3475584953771824,0.8650998551861211,0.14387974230493913,0.2579171862071195,0.25698101432926096
frozenset({'LUNCH BAG APPLE DESIGN'}),frozenset({'WOODLAND CHARLOTTE BAG'}),0.04901435611742019,0.03658667238054425,0.010767088065138205,0.21967213114754097,6.004157165830592,1.0,0.008973815875926827,1.2346263232098067,0.8764051650719533,0.14387974230493913,0.1900383288441643,0.25698101432926096
frozenset({'LUNCH BAG CARS BLUE'}),frozenset({'LUNCH BAG BLACK SKULL.'}),0.057049496464538246,0.06513820441397043,0.02694450396400257,0.4723004694835681,7.250744378552014,1.0,0.023228402201581393,1.771579737187049,0.9142400609691845,0.28290213723284585,0.435532040128309,0.4429758926365209
frozenset({'LUNCH BAG BLACK SKULL.'}),frozenset({'LUNCH BAG CARS BLUE'}),0.06513820441397043,0.057049496464538246,0.02694450396400257,0.4136513157894737,7.250744378552014,1.0,0.023228402201581393,1.6081736497883892,0.9221503434128211,0.28290213723284585,0.3781766041673518,0.4429758926365209
frozenset({'LUNCH BAG BLACK SKULL.'}),frozenset({'LUNCH BAG DOLLY GIRL DESIGN'}),0.06513820441397043,0.03219412899078637,0.015159631454896079,0.23273026315789475,7.2289659777563715,1.0,0.013062563699764504,1.2613632788287286,0.921705896597553,0.18448500651890481,0.20720698248915584,0.3518060633593134
frozenset({'LUNCH BAG DOLLY GIRL DESIGN'}),frozenset({'LUNCH BAG BLACK SKULL.'}),0.03219412899078637,0.06513820441397043,0.015159631454896079,0.47088186356073214,7.2289659777563715,1.0,0.013062563699764504,1.7668299973182509,0.8903310625682456,0.18448500651890481,0.43401459024477124,0.3518060633593134
frozenset({'LUNCH BAG BLACK SKULL.'}),frozenset({'LUNCH BAG PINK POLKADOT'}),0.06513820441397043,0.05388900792800514,0.02796228840797086,0.4292763157894737,7.965934655226536,1.0,0.024452055193890387,1.6577391446102965,0.935395431629437,0.3070588235294117,0.3967687840084868,0.47408149785497544
frozenset({'LUNCH BAG PINK POLKADOT'}),frozenset({'LUNCH BAG BLACK SKULL.'}),0.05388900792800514,0.06513820441397043,0.02796228840797086,0.5188866799204772,7.965934655226537,1.0,0.024452055193890387,1.9431218313213758,0.9242736424412259,0.3070588235294117,0.48536422993098033,0.47408149785497544
frozenset({'LUNCH BAG BLACK SKULL.'}),frozenset({'LUNCH BAG RED RETROSPOT'}),0.06513820441397043,0.07456610242125562,0.0325155346046711,0.4991776315789474,6.69443105338778,1.0,0.027658432582802293,1.8478286033756208,0.9098907580254959,0.3033483258370815,0.4588242663993859,0.467620424984876
frozenset({'LUNCH BAG RED RETROSPOT'}),frozenset({'LUNCH BAG BLACK SKULL.'}),0.07456610242125562,0.06513820441397043,0.0325155346046711,0.43606321839080464,6.69443105338778,1.0,0.027658432582802293,1.6577421903894947,0.9191603096238108,0.3033483258370815,0.3967698923286466,0.467620424984876
frozenset({'LUNCH BAG BLACK SKULL.'}),frozenset({'LUNCH BAG SPACEBOY DESIGN'}),0.06513820441397043,0.055603171202056996,0.025873151917720164,0.3972039473684211,7.143548448433222,1.0,0.02225126118589558,1.5666937841995887,0.9199365642479177,0.2727272727272727,0.3617131758067887,0.4312609332217828
frozenset({'LUNCH BAG SPACEBOY DESIGN'}),frozenset({'LUNCH BAG BLACK SKULL.'}),0.055603171202056996,0.06513820441397043,0.025873151917720164,0.4653179190751445,7.143548448433222,1.0,0.02225126118589558,1.7484442230960338,0.9106484923003211,0.2727272727272727,0.428062967756979,0.4312609332217828
frozenset({'LUNCH BAG SUKI DESIGN'}),frozenset({'LUNCH BAG BLACK SKULL.'}),0.06433469037925862,0.06513820441397043,0.03026569530747804,0.4704412989175687,7.222202440948332,1.0,0.026075049094644392,1.765360088834625,0.9207759157470649,0.30507559395248385,0.43354332845480015,0.46753972840615277
frozenset({'LUNCH BAG BLACK SKULL.'}),frozenset({'LUNCH BAG SUKI DESIGN'}),0.06513820441397043,0.06433469037925862,0.03026569530747804,0.46463815789473684,7.222202440948332,1.0,0.026075049094644392,1.7477250637462696,0.9215673229632123,0.30507559395248385,0.4278276253265556,0.46753972840615277
frozenset({'LUNCH BAG VINTAGE DOILY'}),frozenset({'LUNCH BAG BLACK SKULL.'}),0.02919434326119563,0.06513820441397043,0.011999142918362973,0.4110091743119266,6.309802028005794,1.0,0.010097475819283592,1.5872264130666234,0.8668227430021834,0.14573845152895248,0.36997016193301885,0.297609850313858
frozenset({'LUNCH BAG VINTAGE LEAF DESIGN'}),frozenset({'LUNCH BAG BLACK SKULL.'}),0.033372616241697024,0.06513820441397043,0.015481037068780802,0.463884430176565,7.121541564585621,1.0,0.013307204770200151,1.7437691576350192,0.889257824297388,0.1864516129032258,0.42652959789915856,0.35077445193038775
frozenset({'LUNCH BAG BLACK SKULL.'}),frozenset({'LUNCH BAG VINTAGE LEAF DESIGN'}),0.06513820441397043,0.033372616241697024,0.015481037068780802,0.23766447368421054,7.1215415645856215,1.0,0.013307204770200151,1.2679815519418516,0.9194738390698125,0.1864516129032258,0.21134499278120492,0.35077445193038775
frozenset({'LUNCH BAG BLACK SKULL.'}),frozenset({'LUNCH BAG WOODLAND'}),0.06513820441397043,0.04665738161559889,0.022551960574244696,0.34621710526315785,7.420414375490965,1.0,0.01951278251314719,1.4581944955414237,0.9255235806607387,0.2527010804321728,0.3142204259736265,0.41478478684512654
frozenset({'LUNCH BAG WOODLAND'}),frozenset({'LUNCH BAG BLACK SKULL.'}),0.04665738161559889,0.06513820441397043,0.022551960574244696,0.4833524684270952,7.420414375490965,1.0,0.01951278251314719,1.8094769421231813,0.9075820379665792,0.2527010804321728,0.4473541072998518,0.41478478684512654
frozenset({'LUNCH BAG BLACK SKULL.'}),frozenset({'PACK OF 72 RETROSPOT CAKE CASES'}),0.06513820441397043,0.06047782301264196,0.014248982215556032,0.21875,3.617028343666962,1.0,0.010309565417646636,1.2025883865438183,0.773943223863004,0.12794612794612797,0.16846028849991446,0.22717836581045173
frozenset({'PACK OF 72 RETROSPOT CAKE CASES'}),frozenset({'LUNCH BAG BLACK SKULL.'}),0.06047782301264196,0.06513820441397043,0.014248982215556032,0.23560673162090345,3.617028343666962,1.0,0.010309565417646636,1.22301154949783,0.770104175999609,0.12794612794612797,0.18234623343450754,0.22717836581045173
frozenset({'PACK OF 72 SKULL CAKE CASES'}),frozenset({'LUNCH BAG BLACK SKULL.'}),0.03230126419541461,0.06513820441397043,0.010874223269766446,0.33665008291873966,5.168243213755782,1.0,0.008770176919775864,1.4093041568459397,0.8334315464544426,0.12561881188118812,0.2904299649282049,0.2517954361962119
frozenset({'LUNCH BAG BLACK SKULL.'}),frozenset({'PARTY BUNTING'}),0.06513820441397043,0.08538675808870795,0.013177630169273624,0.20230263157894737,2.3692506438618506,1.0,0.007615690066645122,1.1465667032619908,0.6181936423994082,0.09594383775351013,0.12783094332410622,0.17831568216337582
frozenset({'LUNCH BAG BLACK SKULL.'}),frozenset({'RED RETROSPOT CHARLOTTE BAG'}),0.06513820441397043,0.04847868009427898,0.018320119991429185,0.28125,5.801519337016575,1.0,0.015162305817728561,1.3238557494340466,0.8852980874525682,0.19224283305227657,0.24463069301356755,0.3295752762430939
frozenset({'RED RETROSPOT CHARLOTTE BAG'}),frozenset({'LUNCH BAG BLACK SKULL.'}),0.04847868009427898,0.06513820441397043,0.018320119991429185,0.37790055248618787,5.8015193370165745,1.0,0.015162305817728561,1.5027529751427295,0.8697980196037957,0.19224283305227657,0.334554636363291,0.3295752762430939
frozenset({'STRAWBERRY CHARLOTTE BAG'}),frozenset({'LUNCH BAG BLACK SKULL.'}),0.03605099635740304,0.06513820441397043,0.014891793443325477,0.4130757800891531,6.341528505513413,1.0,0.012543496273269655,1.5928151605807543,0.8738110706211357,0.17256362507759157,0.3721807622452618,0.32084710057089233
frozenset({'LUNCH BAG BLACK SKULL.'}),frozenset({'STRAWBERRY CHARLOTTE BAG'}),0.06513820441397043,0.03605099635740304,0.014891793443325477,0.22861842105263158,6.341528505513413,1.0,0.012543496273269655,1.2496396465132174,0.9009987517664072,0.17256362507759157,0.19976930726371359,0.32084710057089233
frozenset({'LUNCH BAG BLACK SKULL.'}),frozenset({'WHITE HANGING HEART T-LIGHT HOLDER'}),0.06513820441397043,0.11602742661238483,0.01387400899935719,0.21299342105263158,1.8357161515284055,1.0,0.006316190767052713,1.1232086198948172,0.4869740897703309,0.08293307716938843,0.10969344226218194,0.166284337488458
frozenset({'LUNCH BAG BLACK SKULL.'}),frozenset({'WOODLAND CHARLOTTE BAG'}),0.06513820441397043,0.03658667238054425,0.014623955431754874,0.22450657894736842,6.136294020189566,1.0,0.012240765287404016,1.2423230184361167,0.8953571449560448,0.16789667896678967,0.19505637007447726,0.3121068765893504
frozenset({'WOODLAND CHARLOTTE BAG'}),frozenset({'LUNCH BAG BLACK SKULL.'}),0.03658667238054425,0.06513820441397043,0.014623955431754874,0.39970717423133234,6.136294020189566,1.0,0.012240765287404016,1.5573429424030685,0.86882251285921,0.16789667896678967,0.3578806743382141,0.3121068765893504
frozenset({'LUNCH BAG CARS BLUE'}),frozenset({'LUNCH BAG DOLLY GIRL DESIGN'}),0.057049496464538246,0.03219412899078637,0.013713306192414827,0.2403755868544601,7.466441689515908,1.0,0.011876647344376072,1.2740584086833284,0.9184653805459297,0.18156028368794325,0.215106628405328,0.33316616281158945
frozenset({'LUNCH BAG DOLLY GIRL DESIGN'}),frozenset({'LUNCH BAG CARS BLUE'}),0.03219412899078637,0.057049496464538246,0.013713306192414827,0.4259567387687188,7.466441689515909,1.0,0.011876647344376072,1.6426471090574277,0.8948771845768528,0.18156028368794325,0.39122651816931453,0.33316616281158945
frozenset({'LUNCH BAG CARS BLUE'}),frozenset({'LUNCH BAG PINK POLKADOT'}),0.057049496464538246,0.05388900792800514,0.0251767730876366,0.44131455399061037,8.1893241490027,1.0,0.022102432320370395,1.6934591706834867,0.9310030567806986,0.2935665209244223,0.4094927015002103,0.4542556865380487
frozenset({'LUNCH BAG PINK POLKADOT'}),frozenset({'LUNCH BAG CARS BLUE'}),0.05388900792800514,0.057049496464538246,0.0251767730876366,0.4671968190854871,8.189324149002697,1.0,0.022102432320370395,1.7697914301430497,0.9278930363781359,0.2935665209244223,0.4349616666868076,0.4542556865380487
frozenset({'LUNCH BAG CARS BLUE'}),frozenset({'LUNCH BAG RED RETROSPOT'}),0.057049496464538246,0.07456610242125562,0.027265909577887295,0.47793427230046953,6.4095380713399175,1.0,0.023011950981431474,1.7726386707218758,0.8950443457854065,0.2612936344969199,0.43586924029319085,0.4217975959203497
frozenset({'LUNCH BAG RED RETROSPOT'}),frozenset({'LUNCH BAG CARS BLUE'}),0.07456610242125562,0.057049496464538246,0.027265909577887295,0.3656609195402299,6.4095380713399175,1.0,0.023011950981431474,1.4865086080649634,0.9119857385309394,0.2612936344969199,0.3272827385091753,0.4217975959203497
frozenset({'LUNCH BAG CARS BLUE'}),frozenset({'LUNCH BAG SPACEBOY DESIGN'}),0.057049496464538246,0.055603171202056996,0.02431969145061067,0.4262910798122066,7.666668475851901,1.0,0.021147558531701804,1.64612540535157,0.9221748595616336,0.27531837477258947,0.39251286885616976,0.4318353279600532
frozenset({'LUNCH BAG SPACEBOY DESIGN'}),frozenset({'LUNCH BAG CARS BLUE'}),0.055603171202056996,0.057049496464538246,0.02431969145061067,0.4373795761078998,7.6666684758519,1.0,0.021147558531701804,1.6759976415578925,0.9207625668101779,0.27531837477258947,0.4033404491724293,0.4318353279600532
frozenset({'LUNCH BAG SUKI DESIGN'}),frozenset({'LUNCH BAG CARS BLUE'}),0.06433469037925862,0.057049496464538246,0.02689093636168845,0.417985012489592,7.326708181366858,1.0,0.023220674670349772,1.620148146990114,0.9228866864938483,0.2845804988662131,0.38277249407235725,0.44467325741850494
frozenset({'LUNCH BAG CARS BLUE'}),frozenset({'LUNCH BAG SUKI DESIGN'}),0.057049496464538246,0.06433469037925862,0.02689093636168845,0.47136150234741786,7.326708181366858,1.0,0.023220674670349772,1.7699530279681874,0.9157565047428307,0.2845804988662131,0.4350132550421708,0.44467325741850494
frozenset({'LUNCH BAG VINTAGE LEAF DESIGN'}),frozenset({'LUNCH BAG CARS BLUE'}),0.033372616241697024,0.057049496464538246,0.012159845725305336,0.3643659711075441,6.386839388390266,1.0,0.010255954773012249,1.4834802113701833,0.872547217370182,0.15537303216974677,0.3259094443353765,0.2887557555068237
frozenset({'LUNCH BAG CARS BLUE'}),frozenset({'LUNCH BAG VINTAGE LEAF DESIGN'}),0.057049496464538246,0.033372616241697024,0.012159845725305336,0.2131455399061033,6.386839388390267,1.0,0.010255954773012249,1.228470362413595,0.8944563163918045,0.15537303216974677,0.18597954773993552,0.2887557555068237
frozenset({'LUNCH BAG CARS BLUE'}),frozenset({'LUNCH BAG WOODLAND'}),0.057049496464538246,0.04665738161559889,0.02169487893721877,0.38028169014084506,8.150515030481396,1.0,0.01903309880969505,1.5383483160293745,0.930386445071442,0.26453298497713906,0.3499521600016461,0.4226322342782296
frozenset({'LUNCH BAG WOODLAND'}),frozenset({'LUNCH BAG CARS BLUE'}),0.04665738161559889,0.057049496464538246,0.02169487893721877,0.4649827784156142,8.150515030481396,1.0,0.01903309880969505,1.7624675720587706,0.9202445688932176,0.26453298497713906,0.4326136742295453,0.4226322342782296
frozenset({'LUNCH BAG CARS BLUE'}),frozenset({'PACK OF 72 RETROSPOT CAKE CASES'}),0.057049496464538246,0.06047782301264196,0.011731304906792372,0.2056338028169014,3.400152197507454,1.0,0.008281075556649685,1.1827318185479152,0.7486029389448717,0.11088607594936709,0.15449979080825108,0.19980538679374743
frozenset({'LUNCH BAG CARS BLUE'}),frozenset({'PARTY BUNTING'}),0.057049496464538246,0.08538675808870795,0.011731304906792372,0.2056338028169014,2.4082633820488804,1.0,0.006860033353092245,1.1513748258103143,0.6201418033507676,0.08975409836065572,0.1314731071211149,0.17151200805838795
frozenset({'LUNCH BAG CARS BLUE'}),frozenset({'RED RETROSPOT CHARLOTTE BAG'}),0.057049496464538246,0.04847868009427898,0.015106063852581958,0.2647887323943662,5.461962493191192,1.0,0.012340379563937909,1.2942148220939882,0.8663398767859928,0.1670616113744076,0.2273307468523351,0.2881954711695588
frozenset({'RED RETROSPOT CHARLOTTE BAG'}),frozenset({'LUNCH BAG CARS BLUE'}),0.04847868009427898,0.057049496464538246,0.015106063852581958,0.3116022099447514,5.461962493191192,1.0,0.012340379563937909,1.3697756110747878,0.8585363311976485,0.1670616113744076,0.26995342016977897,0.2881954711695588
frozenset({'STRAWBERRY CHARLOTTE BAG'}),frozenset({'LUNCH BAG CARS BLUE'}),0.03605099635740304,0.057049496464538246,0.013606170987786586,0.3774145616641902,6.615563415161598,1.0,0.01154947979855184,1.514572049831422,0.8805873460038113,0.1711590296495957,0.3397474883342102,0.3079561071231749
frozenset({'LUNCH BAG CARS BLUE'}),frozenset({'STRAWBERRY CHARLOTTE BAG'}),0.057049496464538246,0.03605099635740304,0.013606170987786586,0.2384976525821596,6.615563415161598,1.0,0.01154947979855184,1.2658516508993412,0.9001970852319823,0.1711590296495957,0.21001801491546293,0.3079561071231749
frozenset({'LUNCH BAG CARS BLUE'}),frozenset({'WHITE HANGING HEART T-LIGHT HOLDER'}),0.057049496464538246,0.11602742661238483,0.013070494964645383,0.2291079812206573,1.974601936023652,1.0,0.006451188700332664,1.1466879301556763,0.5234302461484304,0.08168731168396384,0.12792314831094598,0.1708790136943545
frozenset({'LUNCH BAG CARS BLUE'}),frozenset({'WOODLAND CHARLOTTE BAG'}),0.057049496464538246,0.03658667238054425,0.013016927362331262,0.22816901408450704,6.236397005753408,1.0,0.010929676125708183,1.2482179974631635,0.8904507719293078,0.16146179401993355,0.1988578901823507,0.2919761615078465
frozenset({'WOODLAND CHARLOTTE BAG'}),frozenset({'LUNCH BAG CARS BLUE'}),0.03658667238054425,0.057049496464538246,0.013016927362331262,0.3557833089311859,6.236397005753408,1.0,0.010929676125708183,1.4637163498061827,0.871537666848574,0.16146179401993355,0.31680752207733787,0.2919761615078465
frozenset({'LUNCH BAG PINK POLKADOT'}),frozenset({'LUNCH BAG DOLLY GIRL DESIGN'}),0.05388900792800514,0.03219412899078637,0.013070494964645383,0.242544731610338,7.533818718305806,1.0,0.011335585292225676,1.2777069635633451,0.9166632633550589,0.17901687454145265,0.2173479299109863,0.3242673741246366
frozenset({'LUNCH BAG DOLLY GIRL DESIGN'}),frozenset({'LUNCH BAG PINK POLKADOT'}),0.03219412899078637,0.05388900792800514,0.013070494964645383,0.40599001663893514,7.533818718305807,1.0,0.011335585292225676,1.5927526785301653,0.8961148257805418,0.17901687454145265,0.37215613354182087,0.3242673741246366
frozenset({'LUNCH BAG DOLLY GIRL DESIGN'}),frozenset({'LUNCH BAG RED RETROSPOT'}),0.03219412899078637,0.07456610242125562,0.01687379472894793,0.5241264559068219,7.029017729072236,1.0,0.01447320400925784,1.9447054980588299,0.886265145345236,0.1877234803337306,0.4857833224628706,0.37520977967754887
frozenset({'LUNCH BAG RED RETROSPOT'}),frozenset({'LUNCH BAG DOLLY GIRL DESIGN'}),0.07456610242125562,0.03219412899078637,0.01687379472894793,0.22629310344827586,7.029017729072236,1.0,0.01447320400925784,1.2508688694938026,0.9268437358736039,0.1877234803337306,0.20055569021821074,0.37520977967754887
frozenset({'LUNCH BAG SPACEBOY DESIGN'}),frozenset({'LUNCH BAG DOLLY GIRL DESIGN'}),0.055603171202056996,0.03219412899078637,0.018480822798371543,0.33236994219653176,10.323930251122887,1.0,0.016690727132395743,1.4496139886112032,0.9563116229746728,0.2666151468315301,0.31016118231720013,0.4532066017139065
frozenset({'LUNCH BAG DOLLY GIRL DESIGN'}),frozenset({'LUNCH BAG SPACEBOY DESIGN'}),0.03219412899078637,0.055603171202056996,0.018480822798371543,0.5740432612312811,10.323930251122887,1.0,0.016690727132395743,2.2171191176076706,0.9331806007108805,0.2666151468315301,0.5489642428057604,0.4532066017139065
frozenset({'LUNCH BAG SUKI DESIGN'}),frozenset({'LUNCH BAG DOLLY GIRL DESIGN'}),0.06433469037925862,0.03219412899078637,0.01676665952431969,0.26061615320566195,8.095145337842425,1.0,0.014695460203667536,1.3089356431104342,0.936733641585383,0.2102081934184016,0.2360204985909834,0.3907074110454266
frozenset({'LUNCH BAG DOLLY GIRL DESIGN'}),frozenset({'LUNCH BAG SUKI DESIGN'}),0.03219412899078637,0.06433469037925862,0.01676665952431969,0.5207986688851913,8.095145337842425,1.0,0.014695460203667536,1.952551566257172,0.9056249802165209,0.2102081934184016,0.4878496336376454,0.3907074110454266
frozenset({'LUNCH BAG DOLLY GIRL DESIGN'}),frozenset({'LUNCH BAG WOODLAND'}),0.03219412899078637,0.04665738161559889,0.013124062566959502,0.4076539101497504,8.737179327985695,1.0,0.011621968804854567,1.6094351506995086,0.9150043545397347,0.19967400162999183,0.3786639992513086,0.344469894225277
frozenset({'LUNCH BAG WOODLAND'}),frozenset({'LUNCH BAG DOLLY GIRL DESIGN'}),0.04665738161559889,0.03219412899078637,0.013124062566959502,0.28128587830080365,8.737179327985695,1.0,0.011621968804854567,1.3465797342636183,0.9288859736736184,0.19967400162999183,0.2573778035157692,0.344469894225277
frozenset({'LUNCH BAG PINK POLKADOT'}),frozenset({'LUNCH BAG RED RETROSPOT'}),0.05388900792800514,0.07456610242125562,0.029676451682022712,0.5506958250497018,7.385337400882064,1.0,0.025658158397483224,2.0597046481509222,0.9138426457176004,0.3004338394793926,0.5144934974547253,0.4743421653984141
frozenset({'LUNCH BAG RED RETROSPOT'}),frozenset({'LUNCH BAG PINK POLKADOT'}),0.07456610242125562,0.05388900792800514,0.029676451682022712,0.39798850574712646,7.385337400882065,1.0,0.025658158397483224,1.571582936711476,0.9342607553058728,0.3004338394793926,0.3636988690571485,0.4743421653984141
frozenset({'LUNCH BAG SPACEBOY DESIGN'}),frozenset({'LUNCH BAG PINK POLKADOT'}),0.055603171202056996,0.05388900792800514,0.021105635311763446,0.37957610789980734,7.043664793512528,1.0,0.01810923557803357,1.5249428723147993,0.9085465188260666,0.2387878787878788,0.3442377297176765,0.38561310365169293
frozenset({'LUNCH BAG PINK POLKADOT'}),frozenset({'LUNCH BAG SPACEBOY DESIGN'}),0.05388900792800514,0.055603171202056996,0.021105635311763446,0.39165009940357853,7.043664793512528,1.0,0.01810923557803357,1.5523908656384486,0.9069004148399702,0.2387878787878788,0.3558323344110042,0.38561310365169293
frozenset({'LUNCH BAG SUKI DESIGN'}),frozenset({'LUNCH BAG PINK POLKADOT'}),0.06433469037925862,0.05388900792800514,0.02330190700664238,0.36219816819317235,6.721188274185032,1.0,0.019834974366748758,1.4833933439666656,0.9097449443252268,0.24548532731376974,0.3258699696427438,0.39730186739678497
frozenset({'LUNCH BAG PINK POLKADOT'}),frozenset({'LUNCH BAG SUKI DESIGN'}),0.05388900792800514,0.06433469037925862,0.02330190700664238,0.4324055666003976,6.721188274185031,1.0,0.019834974366748758,1.6484751339377686,0.8997007667607709,0.24548532731376974,0.39337877811279687,0.39730186739678497
frozenset({'LUNCH BAG VINTAGE DOILY'}),frozenset({'LUNCH BAG PINK POLKADOT'}),0.02919434326119563,0.05388900792800514,0.010338547246625241,0.3541284403669725,6.571441078300838,1.0,0.008765293051169767,1.46485934852056,0.8733224520182895,0.14212076583210603,0.3173406026933893,0.27298867346380434
frozenset({'LUNCH BAG VINTAGE LEAF DESIGN'}),frozenset({'LUNCH BAG PINK POLKADOT'}),0.033372616241697024,0.05388900792800514,0.01151703449753589,0.3451043338683788,6.403983801843832,1.0,0.009718617316308806,1.4446743825020902,0.8729808553551522,0.15205091937765206,0.3078024971495241,0.27941101385267847
frozenset({'LUNCH BAG PINK POLKADOT'}),frozenset({'LUNCH BAG VINTAGE LEAF DESIGN'}),0.05388900792800514,0.033372616241697024,0.01151703449753589,0.21371769383697814,6.403983801843832,1.0,0.009718617316308806,1.229364283262772,0.8919114219728073,0.15205091937765206,0.18657145517033571,0.27941101385267847
frozenset({'LUNCH BAG PINK POLKADOT'}),frozenset({'LUNCH BAG WOODLAND'}),0.05388900792800514,0.04665738161559889,0.019498607242339833,0.36182902584493043,7.755022106168956,1.0,0.016984287234556864,1.4938670936054634,0.920665027419642,0.24058162590879045,0.3305964069491016,0.38986973680306225
frozenset({'LUNCH BAG WOODLAND'}),frozenset({'LUNCH BAG PINK POLKADOT'}),0.04665738161559889,0.05388900792800514,0.019498607242339833,0.417910447761194,7.755022106168957,1.0,0.016984287234556864,1.6253701658672732,0.9136812785461433,0.24058162590879045,0.38475553384701444,0.38986973680306225
frozenset({'RED RETROSPOT CHARLOTTE BAG'}),frozenset({'LUNCH BAG PINK POLKADOT'}),0.04847868009427898,0.05388900792800514,0.013659738590100707,0.281767955801105,5.2286721658996305,1.0,0.011047270614160883,1.3172776120387006,0.8499513750216633,0.15398550724637683,0.24085857767495344,0.26762354052480697
frozenset({'LUNCH BAG PINK POLKADOT'}),frozenset({'RED RETROSPOT CHARLOTTE BAG'}),0.05388900792800514,0.04847868009427898,0.013659738590100707,0.25347912524850896,5.2286721658996305,1.0,0.011047270614160883,1.2746077867179164,0.8548118148856191,0.15398550724637683,0.2154449310442586,0.26762354052480697
frozenset({'STRAWBERRY CHARLOTTE BAG'}),frozenset({'LUNCH BAG PINK POLKADOT'}),0.03605099635740304,0.05388900792800514,0.01151703449753589,0.3194650817236256,5.928204916119923,1.0,0.009574282069019313,1.390246064769547,0.8624054485419077,0.14685792349726773,0.2807028731523407,0.2665913877803019
frozenset({'LUNCH BAG PINK POLKADOT'}),frozenset({'STRAWBERRY CHARLOTTE BAG'}),0.05388900792800514,0.03605099635740304,0.01151703449753589,0.21371769383697814,5.928204916119923,1.0,0.009574282069019313,1.225957898437993,0.8786652727047689,0.14685792349726773,0.1843113036148212,0.2665913877803019
frozenset({'LUNCH BAG PINK POLKADOT'}),frozenset({'WHITE HANGING HEART T-LIGHT HOLDER'}),0.05388900792800514,0.11602742661238483,0.01403471180629955,0.26043737574552683,2.2446190814485205,1.0,0.0077821088937187095,1.1952639903601354,0.5860730027202923,0.0900343642611684,0.16336473945082383,0.1906988356105289
frozenset({'LUNCH BAG SPACEBOY DESIGN'}),frozenset({'LUNCH BAG RED RETROSPOT'}),0.055603171202056996,0.07456610242125562,0.02683736875937433,0.48265895953757226,6.472900471729454,1.0,0.022691257000575137,1.7888275338672939,0.8952907571131135,0.2597200622083981,0.44097461545771005,0.42128637632051025
frozenset({'LUNCH BAG RED RETROSPOT'}),frozenset({'LUNCH BAG SPACEBOY DESIGN'}),0.07456610242125562,0.055603171202056996,0.02683736875937433,0.3599137931034483,6.472900471729454,1.0,0.022691257000575137,1.475421308290389,0.9136360296309441,0.2597200622083981,0.32222749232303877,0.42128637632051025
frozenset({'LUNCH BAG SUKI DESIGN'}),frozenset({'LUNCH BAG RED RETROSPOT'}),0.06433469037925862,0.07456610242125562,0.03224769659310049,0.5012489592006661,6.722209461464106,1.0,0.027450509481040924,1.8555026894692355,0.9097691004223056,0.3023606228026117,0.461062489601646,0.46686011178424114
frozenset({'LUNCH BAG RED RETROSPOT'}),frozenset({'LUNCH BAG SUKI DESIGN'}),0.07456610242125562,0.06433469037925862,0.03224769659310049,0.4324712643678161,6.7222094614641055,1.0,0.027450509481040924,1.6486659632811038,0.9198273256006257,0.3023606228026117,0.39344899314240517,0.46686011178424114
frozenset({'LUNCH BAG VINTAGE DOILY'}),frozenset({'LUNCH BAG RED RETROSPOT'}),0.02919434326119563,0.07456610242125562,0.01398114420398543,0.47889908256880737,6.422477064220184,1.0,0.011804235814249824,1.775920683733858,0.8696867700343947,0.15572792362768495,0.4369117893837981,0.33319954128440366
frozenset({'LUNCH BAG VINTAGE LEAF DESIGN'}),frozenset({'LUNCH BAG RED RETROSPOT'}),0.033372616241697024,0.07456610242125562,0.015588172273409043,0.4670947030497592,6.264169480267891,1.0,0.013099706352665403,1.7365822837095113,0.8693752445918422,0.1687935034802784,0.4241562813459658,0.3380732135938451
frozenset({'LUNCH BAG RED RETROSPOT'}),frozenset({'LUNCH BAG VINTAGE LEAF DESIGN'}),0.07456610242125562,0.033372616241697024,0.015588172273409043,0.20905172413793105,6.264169480267892,1.0,0.013099706352665403,1.2221120056235766,0.9080734133283048,0.1687935034802784,0.18174439380476015,0.3380732135938451
frozenset({'LUNCH BAG WOODLAND'}),frozenset({'LUNCH BAG RED RETROSPOT'}),0.04665738161559889,0.07456610242125562,0.02442682665523891,0.52353616532721,7.021101389603705,1.0,0.020947767558982554,1.9422962043158705,0.8995425012494712,0.2523519645821804,0.4851454696879114,0.4255611861118809
frozenset({'LUNCH BAG RED RETROSPOT'}),frozenset({'LUNCH BAG WOODLAND'}),0.07456610242125562,0.04665738161559889,0.02442682665523891,0.3275862068965517,7.021101389603705,1.0,0.020947767558982554,1.4177915863152633,0.9266704037240588,0.2523519645821804,0.29467771592655095,0.4255611861118809
frozenset({'PACK OF 72 RETROSPOT CAKE CASES'}),frozenset({'LUNCH BAG RED RETROSPOT'}),0.06047782301264196,0.07456610242125562,0.01676665952431969,0.27723649247121346,3.717996294146992,1.0,0.012257063979344462,1.2804103803509832,0.7780954429808367,0.14175724637681159,0.21900039600906535,0.251046407155147
frozenset({'LUNCH BAG RED RETROSPOT'}),frozenset({'PACK OF 72 RETROSPOT CAKE CASES'}),0.07456610242125562,0.06047782301264196,0.01676665952431969,0.22485632183908047,3.717996294146992,1.0,0.012257063979344462,1.2120619743896222,0.7899407255406862,0.14175724637681159,0.17495967934842088,0.251046407155147
frozenset({'PACK OF 72 SKULL CAKE CASES'}),frozenset({'LUNCH BAG RED RETROSPOT'}),0.03230126419541461,0.07456610242125562,0.010606385258195843,0.3283582089552239,4.403585520672499,1.0,0.008197805883864519,1.3778682475061306,0.7987117228191126,0.11018363939899833,0.27424120425886317,0.23529979413278435
frozenset({'LUNCH BAG RED RETROSPOT'}),frozenset({'PARTY BUNTING'}),0.07456610242125562,0.08538675808870795,0.016391686308120847,0.21982758620689655,2.5744927097304546,1.0,0.010024728559059273,1.1723219454332583,0.6608510503066705,0.11417910447761194,0.1469919983196875,0.20589873664171676
frozenset({'RECIPE BOX PANTRY YELLOW DESIGN'}),frozenset({'LUNCH BAG RED RETROSPOT'}),0.05533533319048639,0.07456610242125562,0.012266980929933577,0.22168441432720234,2.972991843865096,1.0,0.008140840807737464,1.1890214131826404,0.7025122479982866,0.10428051001821495,0.15897225322182293,0.19309795429003795
frozenset({'RECYCLING BAG RETROSPOT'}),frozenset({'LUNCH BAG RED RETROSPOT'}),0.0380329976430255,0.07456610242125562,0.012481251339190058,0.32816901408450705,4.401048243483892,1.0,0.009645278941552846,1.377480224907565,0.80333462867817,0.12466559657570896,0.2740367651614713,0.24777703577788573
frozenset({'RED RETROSPOT CHARLOTTE BAG'}),frozenset({'LUNCH BAG RED RETROSPOT'}),0.04847868009427898,0.07456610242125562,0.01933790443539747,0.3988950276243094,5.34954912046739,1.0,0.015723038210240178,1.5395545538764037,0.8544930535834783,0.18646694214876033,0.3504614711559741,0.3291170540420397
frozenset({'LUNCH BAG RED RETROSPOT'}),frozenset({'RED RETROSPOT CHARLOTTE BAG'}),0.07456610242125562,0.04847868009427898,0.01933790443539747,0.2593390804597701,5.349549120467391,1.0,0.015723038210240178,1.2846922185342033,0.8785806963882452,0.18646694214876033,0.22160344277560035,0.3291170540420397
frozenset({'RED RETROSPOT PICNIC BAG'}),frozenset({'LUNCH BAG RED RETROSPOT'}),0.02410542104135419,0.07456610242125562,0.010017141632740518,0.4155555555555555,5.572982120051085,1.0,0.008219694338463411,1.5834420300776992,0.8408314512942773,0.11299093655589125,0.3684644079133544,0.2749473180076628
frozenset({'SET/20 RED RETROSPOT PAPER NAPKINS'}),frozenset({'LUNCH BAG RED RETROSPOT'}),0.04499678594386115,0.07456610242125562,0.01017784443968288,0.2261904761904762,3.0334222769567596,1.0,0.006822609490365615,1.1959453445633004,0.7019236446512287,0.09304603330068562,0.1638413874463886,0.1813423645320197
frozenset({'SET/5 RED RETROSPOT LID GLASS BOWLS'}),frozenset({'LUNCH BAG RED RETROSPOT'}),0.04371116348832226,0.07456610242125562,0.010606385258195843,0.2426470588235294,3.254120182555781,1.0,0.007347014164573356,1.2219321366088276,0.7243598883751248,0.09850746268656717,0.1816239461749043,0.19244421906693712
frozenset({'STRAWBERRY CHARLOTTE BAG'}),frozenset({'LUNCH BAG RED RETROSPOT'}),0.03605099635740304,0.07456610242125562,0.01532033426183844,0.42496285289747404,5.699142627794573,1.0,0.012632151975064012,1.609346287003863,0.8553720244745531,0.16076447442383363,0.37862969077853936,0.3152113115062083
frozenset({'LUNCH BAG RED RETROSPOT'}),frozenset({'STRAWBERRY CHARLOTTE BAG'}),0.07456610242125562,0.03605099635740304,0.01532033426183844,0.2054597701149425,5.699142627794572,1.0,0.012632151975064012,1.2132161058503572,0.8909712653634858,0.16076447442383363,0.17574453951129465,0.3152113115062083
frozenset({'LUNCH BAG RED RETROSPOT'}),frozenset({'WHITE HANGING HEART T-LIGHT HOLDER'}),0.07456610242125562,0.11602742661238483,0.017355903149775018,0.2327586206896552,2.0060655267933902,1.0,0.00870419017332121,1.1521440282355435,0.5419207120989942,0.10018552875695734,0.1320529590979568,0.19117155411214062
frozenset({'WOODLAND CHARLOTTE BAG'}),frozenset({'LUNCH BAG RED RETROSPOT'}),0.03658667238054425,0.07456610242125562,0.01537390186415256,0.42020497803806733,5.635335150872587,1.0,0.012645776304171973,1.5961397778946524,0.8537854328859028,0.16051454138702462,0.37348845392536706,0.3131915694788038
frozenset({'LUNCH BAG RED RETROSPOT'}),frozenset({'WOODLAND CHARLOTTE BAG'}),0.07456610242125562,0.03658667238054425,0.01537390186415256,0.20617816091954025,5.635335150872587,1.0,0.012645776304171973,1.21363923262107,0.8888244391324936,0.16051454138702462,0.176031910372309,0.3131915694788038
frozenset({'LUNCH BAG SUKI DESIGN'}),frozenset({'LUNCH BAG SPACEBOY DESIGN'}),0.06433469037925862,0.055603171202056996,0.026408827940861367,0.4104912572855953,7.38251521291666,1.0,0.02283161513747212,1.60200648500894,0.9239893808446203,0.2823596792668958,0.3757828015319055,0.4427215438643776
frozenset({'LUNCH BAG SPACEBOY DESIGN'}),frozenset({'LUNCH BAG SUKI DESIGN'}),0.055603171202056996,0.06433469037925862,0.026408827940861367,0.4749518304431599,7.382515212916661,1.0,0.02283161513747212,1.7820561309840908,0.9154465408515589,0.2823596792668958,0.4388504477421944,0.4427215438643776
frozenset({'LUNCH BAG VINTAGE DOILY'}),frozenset({'LUNCH BAG SPACEBOY DESIGN'}),0.02919434326119563,0.055603171202056996,0.010231412041997,0.3504587155963303,6.302854819607219,1.0,0.00860811397551312,1.453944270324517,0.8666428041310498,0.1372126436781609,0.31221572902735645,0.2672332113627124
frozenset({'LUNCH BAG VINTAGE LEAF DESIGN'}),frozenset({'LUNCH BAG SPACEBOY DESIGN'}),0.033372616241697024,0.055603171202056996,0.013124062566959502,0.3932584269662921,7.072589898465068,1.0,0.011268439272611876,1.5565058845003132,0.8882523849107391,0.17302259887005647,0.3575353553378753,0.31464462774133484
frozenset({'LUNCH BAG SPACEBOY DESIGN'}),frozenset({'LUNCH BAG VINTAGE LEAF DESIGN'}),0.055603171202056996,0.033372616241697024,0.013124062566959502,0.23603082851637763,7.0725898984650675,1.0,0.011268439272611876,1.2652701441880434,0.909161332144883,0.17302259887005647,0.2096549463421301,0.31464462774133484
frozenset({'LUNCH BAG SPACEBOY DESIGN'}),frozenset({'LUNCH BAG WOODLAND'}),0.055603171202056996,0.04665738161559889,0.022444825369616457,0.40366088631984587,8.651597503810427,1.0,0.019850526991804604,1.5986585426219846,0.9364860017029986,0.2812080536912751,0.37447555351007933,0.442358571747753
frozenset({'LUNCH BAG WOODLAND'}),frozenset({'LUNCH BAG SPACEBOY DESIGN'}),0.04665738161559889,0.055603171202056996,0.022444825369616457,0.48105625717566014,8.651597503810427,1.0,0.019850526991804604,1.8198443315995758,0.927698387931891,0.2812080536912751,0.4505024508766434,0.442358571747753
frozenset({'LUNCH BAG SPACEBOY DESIGN'}),frozenset({'PACK OF 72 RETROSPOT CAKE CASES'}),0.055603171202056996,0.06047782301264196,0.011731304906792372,0.21098265895953758,3.488595462760538,1.0,0.008368546159892739,1.1907497188191425,0.755351634433834,0.11242299794661191,0.16019295726419108,0.2024798148650655
frozenset({'LUNCH BAG SPACEBOY DESIGN'}),frozenset({'PARTY BUNTING'}),0.055603171202056996,0.08538675808870795,0.011677737304478252,0.21001926782273606,2.4596233950532223,1.0,0.006929962776083199,1.157766518419416,0.628373237860819,0.09030654515327256,0.13626799178369667,0.17339106427523254
frozenset({'LUNCH BAG SPACEBOY DESIGN'}),frozenset({'RED RETROSPOT CHARLOTTE BAG'}),0.055603171202056996,0.04847868009427898,0.014356117420184273,0.2581888246628131,5.325822076028062,1.0,0.011660549071252326,1.282700168911868,0.8600574834280104,0.16,0.22039458305496795,0.277160710673948
frozenset({'RED RETROSPOT CHARLOTTE BAG'}),frozenset({'LUNCH BAG SPACEBOY DESIGN'}),0.04847868009427898,0.055603171202056996,0.014356117420184273,0.2961325966850829,5.325822076028062,1.0,0.011660549071252326,1.341725478904456,0.8536178254143907,0.16,0.25469105586597435,0.277160710673948
frozenset({'STRAWBERRY CHARLOTTE BAG'}),frozenset({'LUNCH BAG SPACEBOY DESIGN'}),0.03605099635740304,0.055603171202056996,0.011945575316048854,0.33135215453194655,5.959231233913659,1.0,0.009941025593583439,1.4123979239578126,0.8633165415904019,0.14986559139784947,0.29198423260365164,0.2730941890193451
frozenset({'LUNCH BAG SPACEBOY DESIGN'}),frozenset({'STRAWBERRY CHARLOTTE BAG'}),0.055603171202056996,0.03605099635740304,0.011945575316048854,0.21483622350674375,5.959231233913659,1.0,0.009941025593583439,1.2277043751914303,0.8811900831491367,0.14986559139784947,0.18547166548618463,0.2730941890193451
frozenset({'LUNCH BAG SPACEBOY DESIGN'}),frozenset({'WHITE HANGING HEART T-LIGHT HOLDER'}),0.055603171202056996,0.11602742661238483,0.012641954146132419,0.22736030828516376,1.959539351370008,1.0,0.006190461280069882,1.1440941785241203,0.5185065902688984,0.07951482479784368,0.12594608138816127,0.168158455158279
frozenset({'LUNCH BAG SPACEBOY DESIGN'}),frozenset({'WOODLAND CHARLOTTE BAG'}),0.055603171202056996,0.03658667238054425,0.011195628883651167,0.20134874759152213,5.503335900495658,1.0,0.009161293875562195,1.2063004029782811,0.8664705387456679,0.13822751322751323,0.17101909480336586,0.2536758379246044
frozenset({'WOODLAND CHARLOTTE BAG'}),frozenset({'LUNCH BAG SPACEBOY DESIGN'}),0.03658667238054425,0.055603171202056996,0.011195628883651167,0.30600292825768666,5.503335900495659,1.0,0.009161293875562195,1.360808088753154,0.849367561750688,0.13822751322751323,0.26514252210518974,0.2536758379246044
frozenset({'LUNCH BAG VINTAGE DOILY'}),frozenset({'LUNCH BAG SUKI DESIGN'}),0.02919434326119563,0.06433469037925862,0.010927790872080565,0.3743119266055046,5.818197373748177,1.0,0.009049581837545749,1.4954181634700998,0.8530290833985197,0.13229571984435798,0.33129072226893913,0.2720851889480479
frozenset({'LUNCH BAG SUKI DESIGN'}),frozenset({'LUNCH BAG VINTAGE LEAF DESIGN'}),0.06433469037925862,0.033372616241697024,0.015106063852581958,0.23480432972522897,7.0358382460843885,1.0,0.012959046919526561,1.26324209781689,0.9168561831084107,0.1828793774319066,0.2083861029266043,0.34372640242280705
frozenset({'LUNCH BAG VINTAGE LEAF DESIGN'}),frozenset({'LUNCH BAG SUKI DESIGN'}),0.033372616241697024,0.06433469037925862,0.015106063852581958,0.4526484751203852,7.0358382460843885,1.0,0.012959046919526561,1.7094413134713249,0.8874883319675594,0.1828793774319066,0.41501355318871874,0.34372640242280705
frozenset({'LUNCH BAG SUKI DESIGN'}),frozenset({'LUNCH BAG WOODLAND'}),0.06433469037925862,0.04665738161559889,0.02185558174416113,0.33971690258118237,7.2810965986056395,1.0,0.018853893544014663,1.4438391988394272,0.9219728911774248,0.24519230769230768,0.30740209795951634,0.40407199893697465
frozenset({'LUNCH BAG WOODLAND'}),frozenset({'LUNCH BAG SUKI DESIGN'}),0.04665738161559889,0.06433469037925862,0.02185558174416113,0.4684270952927669,7.281096598605639,1.0,0.018853893544014663,1.7601824723102932,0.9048772540425958,0.24519230769230768,0.43187708335291536,0.40407199893697465
frozenset({'LUNCH BAG SUKI DESIGN'}),frozenset({'PACK OF 72 RETROSPOT CAKE CASES'}),0.06433469037925862,0.06047782301264196,0.012963359760017142,0.20149875104079934,3.331779171328292,1.0,0.00907253774168722,1.1766070224836465,0.7479811990213423,0.11590038314176244,0.15009856231425064,0.20792386622013395
frozenset({'PACK OF 72 RETROSPOT CAKE CASES'}),frozenset({'LUNCH BAG SUKI DESIGN'}),0.06047782301264196,0.06433469037925862,0.012963359760017142,0.21434898139946856,3.3317791713282925,1.0,0.00907253774168722,1.1909426545229054,0.7449106336339464,0.11590038314176244,0.1603290081161779,0.20792386622013395
frozenset({'LUNCH BAG SUKI DESIGN'}),frozenset({'PARTY BUNTING'}),0.06433469037925862,0.08538675808870795,0.014945361045639597,0.23230641132389676,2.720637444538585,1.0,0.009452030401513914,1.191377986480978,0.6759244724255242,0.11089030206677264,0.1606358256175767,0.203668889476252
frozenset({'LUNCH BAG SUKI DESIGN'}),frozenset({'RED RETROSPOT CHARLOTTE BAG'}),0.06433469037925862,0.04847868009427898,0.016284551103492608,0.2531223980016653,5.221313730270816,1.0,0.013165690229632042,1.2739990024601682,0.8640667891030606,0.1687014428412875,0.2150700290432409,0.29451700010580506
frozenset({'RED RETROSPOT CHARLOTTE BAG'}),frozenset({'LUNCH BAG SUKI DESIGN'}),0.04847868009427898,0.06433469037925862,0.016284551103492608,0.33591160220994476,5.221313730270815,1.0,0.013165690229632042,1.4089469304605173,0.8496681081609615,0.1687014428412875,0.29025005954401145,0.29451700010580506
frozenset({'STRAWBERRY CHARLOTTE BAG'}),frozenset({'LUNCH BAG SUKI DESIGN'}),0.03605099635740304,0.06433469037925862,0.012856224555388901,0.35661218424962854,5.54307764826983,1.0,0.010536894866871597,1.4542788761541778,0.8502470593683432,0.14687882496940025,0.3123739769606725,0.2782228281781032
frozenset({'LUNCH BAG SUKI DESIGN'}),frozenset({'WHITE HANGING HEART T-LIGHT HOLDER'}),0.06433469037925862,0.11602742661238483,0.014516820227126633,0.22564529558701082,1.9447582539327415,1.0,0.007052231660516703,1.1415602802564795,0.5191998321769443,0.08753229974160207,0.12400596158152455,0.17538035785814068
frozenset({'LUNCH BAG SUKI DESIGN'}),frozenset({'WOODLAND CHARLOTTE BAG'}),0.06433469037925862,0.03658667238054425,0.013659738590100707,0.21232306411323898,5.803289840213682,1.0,0.011305946350491019,1.2231071950010215,0.884594029974731,0.15653775322283608,0.18241017297002754,0.29283795958224174
frozenset({'WOODLAND CHARLOTTE BAG'}),frozenset({'LUNCH BAG SUKI DESIGN'}),0.03658667238054425,0.06433469037925862,0.013659738590100707,0.3733528550512445,5.803289840213682,1.0,0.011305946350491019,1.4931294543714166,0.8591161479882472,0.15653775322283608,0.33026570665235194,0.29283795958224174
frozenset({'LUNCH BAG VINTAGE LEAF DESIGN'}),frozenset({'LUNCH BAG WOODLAND'}),0.033372616241697024,0.04665738161559889,0.011302764088279408,0.33868378812199035,7.258954026017584,1.0,0.009745685196779616,1.4415836195472862,0.8920077373706334,0.16445830085736549,0.3063184220183916,0.29046703757419834
frozenset({'LUNCH BAG WOODLAND'}),frozenset({'LUNCH BAG VINTAGE LEAF DESIGN'}),0.04665738161559889,0.033372616241697024,0.011302764088279408,0.24225028702640639,7.258954026017583,1.0,0.009745685196779616,1.275655229171942,0.9044378052960094,0.16445830085736549,0.21608913040781128,0.29046703757419834
frozenset({'LUNCH BAG WOODLAND'}),frozenset({'PACK OF 72 RETROSPOT CAKE CASES'}),0.04665738161559889,0.06047782301264196,0.01007070923505464,0.2158438576349024,3.5689753182713533,1.0,0.007248972367473155,1.198131502424581,0.755035512798595,0.10375275938189846,0.16536707533658465,0.19118145051807123
frozenset({'RED RETROSPOT CHARLOTTE BAG'}),frozenset({'LUNCH BAG WOODLAND'}),0.04847868009427898,0.04665738161559889,0.01274908935076066,0.26298342541436465,5.6364805805228,1.0,0.010487201073381348,1.2935158465335577,0.8644938468547358,0.15474642392717813,0.2269132205222992,0.26811628216757266
frozenset({'LUNCH BAG WOODLAND'}),frozenset({'RED RETROSPOT CHARLOTTE BAG'}),0.04665738161559889,0.04847868009427898,0.01274908935076066,0.2732491389207807,5.6364805805228,1.0,0.010487201073381348,1.3092813106443648,0.8628422881205075,0.15474642392717813,0.23622219925536983,0.26811628216757266
frozenset({'STRAWBERRY CHARLOTTE BAG'}),frozenset({'LUNCH BAG WOODLAND'}),0.03605099635740304,0.04665738161559889,0.011142061281337047,0.30906389301634474,6.6241156771861345,1.0,0.009460016186667128,1.3797840476832302,0.8807898027229786,0.15568862275449102,0.2752489045810599,0.27393493158279925
frozenset({'LUNCH BAG WOODLAND'}),frozenset({'STRAWBERRY CHARLOTTE BAG'}),0.04665738161559889,0.03605099635740304,0.011142061281337047,0.23880597014925373,6.624115677186135,1.0,0.009460016186667128,1.266364377334392,0.8905890037646794,0.15568862275449102,0.21033786333683072,0.27393493158279925
frozenset({'LUNCH BAG WOODLAND'}),frozenset({'WHITE HANGING HEART T-LIGHT HOLDER'}),0.04665738161559889,0.11602742661238483,0.011302764088279408,0.24225028702640639,2.0878708948333125,1.0,0.005889228166949475,1.1665759263948678,0.5465434693050935,0.07466383581033263,0.14279047134947004,0.1698324380653731
frozenset({'WOODLAND CHARLOTTE BAG'}),frozenset({'LUNCH BAG WOODLAND'}),0.03658667238054425,0.04665738161559889,0.01290979215770302,0.3528550512445095,7.562684381897248,1.0,0.011202753822399075,1.4731516026166198,0.9007264006312314,0.18354912414318353,0.3211832385588865,0.31477425352122146
frozenset({'LUNCH BAG WOODLAND'}),frozenset({'WOODLAND CHARLOTTE BAG'}),0.04665738161559889,0.03658667238054425,0.01290979215770302,0.27669345579793336,7.562684381897247,1.0,0.011202753822399075,1.3319571561215013,0.910241294339085,0.18354912414318353,0.24922510051908925,0.31477425352122146
frozenset({'LUNCH BOX I LOVE LONDON'}),frozenset({'SET 2 TEA TOWELS I LOVE LONDON'}),0.034818941504178275,0.02678380115706021,0.01007070923505464,0.28923076923076924,10.79872,1.0,0.009138125629307417,1.3692435698006726,0.940130791194621,0.19542619542619544,0.26966974900924706,0.33261538461538465
frozenset({'SET 2 TEA TOWELS I LOVE LONDON'}),frozenset({'LUNCH BOX I LOVE LONDON'}),0.02678380115706021,0.034818941504178275,0.01007070923505464,0.376,10.79872,1.0,0.009138125629307417,1.546764516820227,0.932368813063886,0.19542619542619544,0.35348917748917746,0.33261538461538465
frozenset({'SPACEBOY LUNCH BOX'}),frozenset({'LUNCH BOX I LOVE LONDON'}),0.037550889222198416,0.034818941504178275,0.01280265695307478,0.3409415121255349,9.791840228245363,1.0,0.011495174737817174,1.464484679665738,0.932905584925222,0.2149280575539568,0.31716595339990483,0.3543169099089213
frozenset({'LUNCH BOX I LOVE LONDON'}),frozenset({'SPACEBOY LUNCH BOX'}),0.034818941504178275,0.037550889222198416,0.01280265695307478,0.36769230769230765,9.791840228245363,1.0,0.011495174737817174,1.5221214647337493,0.9302649930264992,0.2149280575539568,0.343022207380197,0.3543169099089213
frozenset({'VINTAGE PAISLEY STATIONERY SET'}),frozenset({'MODERN FLORAL STATIONERY SET'}),0.022605528176558816,0.018695093207628025,0.010017141632740518,0.4431279620853081,23.702901994866853,1.0,0.00959452917647209,1.7621730666654511,0.979963669423406,0.3202054794520548,0.4325188490751969,0.4894722904982415
frozenset({'MODERN FLORAL STATIONERY SET'}),frozenset({'VINTAGE PAISLEY STATIONERY SET'}),0.018695093207628025,0.022605528176558816,0.010017141632740518,0.5358166189111748,23.702901994866853,1.0,0.00959452917647209,2.1056214238665496,0.9760585791964336,0.3202054794520548,0.5250808200062376,0.4894722904982415
frozenset({'NATURAL SLATE CHALKBOARD LARGE'}),frozenset({'NATURAL SLATE HEART CHALKBOARD'}),0.024748232269123635,0.06529890722091279,0.010927790872080565,0.44155844155844154,6.76211073585971,1.0,0.009311758349257461,1.6737670731160397,0.8737407189614284,0.13811780636425186,0.4025453027115013,0.3044543643395161
frozenset({'NATURAL SLATE HEART CHALKBOARD'}),frozenset({'PARTY BUNTING'}),0.06529890722091279,0.08538675808870795,0.013284765373901865,0.20344544708777687,2.382634633773286,1.0,0.0077091033795727995,1.1482116806280793,0.6208364838358423,0.09668615984405458,0.12908045017187647,0.17951444248993612
frozenset({'RECIPE BOX PANTRY YELLOW DESIGN'}),frozenset({'NATURAL SLATE HEART CHALKBOARD'}),0.05533533319048639,0.06529890722091279,0.012641954146132419,0.22846079380445306,3.4986924517978095,1.0,0.009028617358088551,1.2114758203774116,0.7560131768007574,0.11706349206349206,0.1745604962313903,0.2110310531778623
frozenset({'RECYCLING BAG RETROSPOT'}),frozenset({'NATURAL SLATE HEART CHALKBOARD'}),0.0380329976430255,0.06529890722091279,0.010499250053567602,0.276056338028169,4.227579752510138,1.0,0.008015736869142484,1.2911240775742254,0.7936426491746047,0.11309867282169647,0.22548110025272844,0.2184219343955447
frozenset({'ROSES REGENCY TEACUP AND SAUCER'}),frozenset({'NATURAL SLATE HEART CHALKBOARD'}),0.051264195414613245,0.06529890722091279,0.01039211484893936,0.20271682340647856,3.10444434729462,1.0,0.0070446189088057875,1.1723577271161028,0.7145099411106266,0.09788092835519675,0.14701803308797878,0.1809318325399907
frozenset({'VICTORIAN GLASS HANGING T-LIGHT'}),frozenset({'NATURAL SLATE HEART CHALKBOARD'}),0.05367473751874866,0.06529890722091279,0.012534818941504178,0.2335329341317365,3.5763681824210476,1.0,0.009029917236160562,1.2194928319852152,0.7612464331019747,0.11776547559134373,0.17998698002013053,0.21274677879679524
frozenset({'NATURAL SLATE HEART CHALKBOARD'}),frozenset({'WHITE HANGING HEART T-LIGHT HOLDER'}),0.06529890722091279,0.11602742661238483,0.021962716948789374,0.3363412633305989,2.8988082658613203,1.0,0.01438625278334599,1.331968562372686,0.7007915751688895,0.1378151260504202,0.24923152974521998,0.26281513766714615
frozenset({'PACK OF 20 NAPKINS PANTRY DESIGN'}),frozenset({'SET OF 3 CAKE TINS PANTRY DESIGN'}),0.031229912149132205,0.06647739447182344,0.010659952860509964,0.34133790737564323,5.134646297251014,1.0,0.008583869671251711,1.417301247455539,0.8312030153532385,0.12246153846153848,0.29443369799096275,0.2508462300778297
frozenset({'PACK OF 60 DINOSAUR CAKE CASES'}),frozenset({'PACK OF 60 PINK PAISLEY CAKE CASES'}),0.02914077565888151,0.04183629740732805,0.011784872509106493,0.40441176470588236,9.666528583264292,1.0,0.010565730351961301,1.6087686858346097,0.9234606047230193,0.19909502262443443,0.37840659828531403,0.34305095277547637
frozenset({'PACK OF 60 PINK PAISLEY CAKE CASES'}),frozenset({'PACK OF 60 DINOSAUR CAKE CASES'}),0.04183629740732805,0.02914077565888151,0.011784872509106493,0.28169014084507044,9.666528583264292,1.0,0.010565730351961301,1.351588331925871,0.9356963157600493,0.19909502262443443,0.2601297478093012,0.34305095277547637
frozenset({'PACK OF 60 DINOSAUR CAKE CASES'}),frozenset({'PACK OF 72 RETROSPOT CAKE CASES'}),0.02914077565888151,0.06047782301264196,0.015159631454896079,0.5202205882352942,8.60184051477101,1.0,0.013397260782147138,1.9582377941805473,0.9102718375884075,0.20359712230215823,0.4893367889375946,0.385442446464857
frozenset({'PACK OF 72 RETROSPOT CAKE CASES'}),frozenset({'PACK OF 60 DINOSAUR CAKE CASES'}),0.06047782301264196,0.02914077565888151,0.015159631454896079,0.2506643046944198,8.601840514771009,1.0,0.013397260782147138,1.2956265535237856,0.9406332621273902,0.20359712230215823,0.22817265725200997,0.385442446464857
frozenset({'PACK OF 60 DINOSAUR CAKE CASES'}),frozenset({'PACK OF 72 SKULL CAKE CASES'}),0.02914077565888151,0.03230126419541461,0.010820655667452325,0.37132352941176466,11.495634572236854,1.0,0.009879371774035486,1.539263486192089,0.9404148757404985,0.21375661375661376,0.3503386463912993,0.3531576187689006
frozenset({'PACK OF 72 SKULL CAKE CASES'}),frozenset({'PACK OF 60 DINOSAUR CAKE CASES'}),0.03230126419541461,0.02914077565888151,0.010820655667452325,0.3349917081260365,11.495634572236856,1.0,0.009879371774035486,1.4599204794954974,0.9434862556280538,0.21375661375661376,0.31503118557144394,0.3531576187689006
frozenset({'PACK OF 60 MUSHROOM CAKE CASES'}),frozenset({'PACK OF 72 RETROSPOT CAKE CASES'}),0.017141632740518536,0.06047782301264196,0.01017784443968288,0.59375,9.817648361381753,1.0,0.009141155808654091,2.3126699741227275,0.9138067536401501,0.15091342335186655,0.5675993500199555,0.3810202612931798
frozenset({'PACK OF 60 PINK PAISLEY CAKE CASES'}),frozenset({'PACK OF 72 RETROSPOT CAKE CASES'}),0.04183629740732805,0.06047782301264196,0.020302121277051638,0.48527528809218945,8.024020441191313,1.0,0.017771953086947002,1.825290597579917,0.9135956553992648,0.24755062050947088,0.45214203079451465,0.4104852968361744
frozenset({'PACK OF 72 RETROSPOT CAKE CASES'}),frozenset({'PACK OF 60 PINK PAISLEY CAKE CASES'}),0.06047782301264196,0.04183629740732805,0.020302121277051638,0.3356953055801594,8.024020441191313,1.0,0.017771953086947002,1.4423557603028356,0.9317227600277467,0.24755062050947088,0.30668977271596226,0.4104852968361744
frozenset({'PACK OF 60 PINK PAISLEY CAKE CASES'}),frozenset({'REGENCY CAKESTAND 3 TIER'}),0.04183629740732805,0.0902614098992929,0.010338547246625241,0.2471190781049936,2.737815400631466,1.0,0.0065623440576736795,1.2083432633820617,0.6624601593596647,0.08490981082270127,0.17242059412730495,0.1808295687260873
frozenset({'PACK OF 60 PINK PAISLEY CAKE CASES'}),frozenset({'WHITE HANGING HEART T-LIGHT HOLDER'}),0.04183629740732805,0.11602742661238483,0.010659952860509964,0.25480153649167736,2.196045744795306,1.0,0.0058057949333473035,1.1862243639445489,0.5684165221478332,0.07241630276564774,0.15698915787338705,0.1733379796955155
frozenset({'PACK OF 60 SPACEBOY CAKE CASES'}),frozenset({'PACK OF 72 RETROSPOT CAKE CASES'}),0.023623312620527106,0.06047782301264196,0.013338332976215984,0.564625850340136,9.336080933702089,1.0,0.011909646456579435,2.1579650002678377,0.9144920054387738,0.1884935654806964,0.5366004546524693,0.39258750444376156
frozenset({'PACK OF 72 RETROSPOT CAKE CASES'}),frozenset({'PACK OF 60 SPACEBOY CAKE CASES'}),0.06047782301264196,0.023623312620527106,0.013338332976215984,0.22054915854738705,9.336080933702089,1.0,0.011909646456579435,1.2526469091493466,0.9503646606495542,0.1884935654806964,0.20169044229783406,0.39258750444376156
frozenset({'PACK OF 72 SKULL CAKE CASES'}),frozenset({'PACK OF 72 RETROSPOT CAKE CASES'}),0.03230126419541461,0.06047782301264196,0.0178380115706021,0.5522388059701493,9.131261319619794,1.0,0.015884501431507228,2.0982661952717665,0.9202100522886574,0.23802716225875625,0.5234160459462197,0.42359504514627927
frozenset({'PACK OF 72 RETROSPOT CAKE CASES'}),frozenset({'PACK OF 72 SKULL CAKE CASES'}),0.06047782301264196,0.03230126419541461,0.0178380115706021,0.29495128432240925,9.131261319619794,1.0,0.015884501431507228,1.3725274782956998,0.9478074345512626,0.23802716225875625,0.2714171367689308,0.42359504514627927
frozenset({'PACK OF 72 RETROSPOT CAKE CASES'}),frozenset({'PARTY BUNTING'}),0.06047782301264196,0.08538675808870795,0.015213199057210199,0.2515500442869796,2.946007670482644,1.0,0.010049193813898044,1.2220098817962706,0.7030782104107625,0.1164411644116441,0.18167601187474142,0.2148590873881573
frozenset({'RECIPE BOX PANTRY YELLOW DESIGN'}),frozenset({'PACK OF 72 RETROSPOT CAKE CASES'}),0.05533533319048639,0.06047782301264196,0.013606170987786586,0.24588576960309777,4.065717933525801,1.0,0.010259610500746778,1.2458618855300911,0.7982102074212655,0.1331236897274633,0.19734281013459315,0.23543181305664188
frozenset({'PACK OF 72 RETROSPOT CAKE CASES'}),frozenset({'RECIPE BOX PANTRY YELLOW DESIGN'}),0.06047782301264196,0.05533533319048639,0.013606170987786586,0.22497785651018598,4.065717933525801,1.0,0.010259610500746778,1.2188873243747895,0.8025792238938375,0.1331236897274633,0.17957962151018725,0.23543181305664188
frozenset({'RED RETROSPOT CHARLOTTE BAG'}),frozenset({'PACK OF 72 RETROSPOT CAKE CASES'}),0.04847868009427898,0.06047782301264196,0.015856010284979644,0.3270718232044199,5.408128251178131,1.0,0.012924125250351352,1.3961700659664351,0.8566209977922528,0.17031070195627157,0.2837548774491197,0.2946253713010585
frozenset({'PACK OF 72 RETROSPOT CAKE CASES'}),frozenset({'RED RETROSPOT CHARLOTTE BAG'}),0.06047782301264196,0.04847868009427898,0.015856010284979644,0.26217891939769705,5.408128251178131,1.0,0.012924125250351352,1.2896369389838644,0.8675613651738289,0.17031070195627157,0.22458796753454985,0.2946253713010585
frozenset({'RED RETROSPOT OVEN GLOVE'}),frozenset({'PACK OF 72 RETROSPOT CAKE CASES'}),0.021373473323334048,0.06047782301264196,0.010017141632740518,0.46867167919799496,7.749479988722913,1.0,0.008724520495926497,1.7682516444243201,0.8899810701802503,0.13944817300521997,0.43446963380284903,0.3171524915033376
frozenset({'PACK OF 72 RETROSPOT CAKE CASES'}),frozenset({'REGENCY CAKESTAND 3 TIER'}),0.06047782301264196,0.0902614098992929,0.01649882151274909,0.2728077945084145,3.022418936429129,1.0,0.011040007939988125,1.2510290721360515,0.7122122275922378,0.1229050279329609,0.20065806441047415,0.2277985560079165
frozenset({'SET OF 3 BUTTERFLY COOKIE CUTTERS'}),frozenset({'PACK OF 72 RETROSPOT CAKE CASES'}),0.03396185986715235,0.06047782301264196,0.01039211484893936,0.305993690851735,5.059601612772532,1.0,0.008338175498713574,1.3537660459317842,0.8305634603137945,0.12364563416188654,0.26131992820686406,0.23891358590416686
frozenset({'PACK OF 72 RETROSPOT CAKE CASES'}),frozenset({'SET OF 4 PANTRY JELLY MOULDS'}),0.06047782301264196,0.05356760231412042,0.012641954146132419,0.20903454384410983,3.902256864481842,1.0,0.009402302174167454,1.1965533896834917,0.7916130734315099,0.12466983623877444,0.164266292986294,0.2225172719220549
frozenset({'SET OF 4 PANTRY JELLY MOULDS'}),frozenset({'PACK OF 72 RETROSPOT CAKE CASES'}),0.05356760231412042,0.06047782301264196,0.012641954146132419,0.236,3.902256864481842,1.0,0.009402302174167454,1.2297410693551807,0.7858332405996861,0.12466983623877444,0.18682068532983634,0.2225172719220549
frozenset({'SET OF 60 PANTRY DESIGN CAKE CASES'}),frozenset({'PACK OF 72 RETROSPOT CAKE CASES'}),0.02919434326119563,0.06047782301264196,0.011034926076708806,0.3779816513761468,6.249921583604879,1.0,0.009269315751987901,1.5104412579885256,0.865258650569544,0.14032697547683923,0.33794181355207875,0.2802220037217315
frozenset({'SET/20 RED RETROSPOT PAPER NAPKINS'}),frozenset({'PACK OF 72 RETROSPOT CAKE CASES'}),0.04499678594386115,0.06047782301264196,0.013070494964645383,0.2904761904761905,4.803019950229871,1.0,0.010349187308194813,1.324158772935203,0.8291047054366496,0.14144927536231883,0.24480355344144616,0.25329832553038933
frozenset({'PACK OF 72 RETROSPOT CAKE CASES'}),frozenset({'SET/20 RED RETROSPOT PAPER NAPKINS'}),0.06047782301264196,0.04499678594386115,0.013070494964645383,0.21612046058458811,4.80301995022987,1.0,0.010349187308194813,1.2183035352196392,0.8427663315197326,0.14144927536231883,0.17918649081181798,0.25329832553038933
frozenset({'SET/5 RED RETROSPOT LID GLASS BOWLS'}),frozenset({'PACK OF 72 RETROSPOT CAKE CASES'}),0.04371116348832226,0.06047782301264196,0.01007070923505464,0.2303921568627451,3.809531252713663,1.0,0.007427153225931229,1.2207804083147837,0.7712110449511588,0.10700056915196357,0.1808518606712883,0.1984556001319926
frozenset({'STRAWBERRY CHARLOTTE BAG'}),frozenset({'PACK OF 72 RETROSPOT CAKE CASES'}),0.03605099635740304,0.06047782301264196,0.012963359760017142,0.3595839524517088,5.945715876322852,1.0,0.01078307398288472,1.4670497102378006,0.8629208297070582,0.15512820512820513,0.3183598394645362,0.2869664669255887
frozenset({'PACK OF 72 RETROSPOT CAKE CASES'}),frozenset({'STRAWBERRY CHARLOTTE BAG'}),0.06047782301264196,0.03605099635740304,0.012963359760017142,0.21434898139946856,5.945715876322852,1.0,0.01078307398288472,1.2269429820884914,0.8853560824778215,0.15512820512820513,0.1849662008760922,0.2869664669255887
frozenset({'PACK OF 72 RETROSPOT CAKE CASES'}),frozenset({'WHITE HANGING HEART T-LIGHT HOLDER'}),0.06047782301264196,0.11602742661238483,0.013713306192414827,0.22674933569530556,1.9542735913019227,1.0,0.006696220021138714,1.143190189409642,0.5197332551741832,0.08423823626192825,0.12525491448066683,0.1724697740341717
frozenset({'WOODLAND CHARLOTTE BAG'}),frozenset({'PACK OF 72 RETROSPOT CAKE CASES'}),0.03658667238054425,0.06047782301264196,0.013659738590100707,0.3733528550512445,6.1733844978712415,1.0,0.011447056293248636,1.49928422168777,0.8698388090293109,0.16377649325626203,0.3330150577625083,0.2996082255769951
frozenset({'PACK OF 72 RETROSPOT CAKE CASES'}),frozenset({'WOODLAND CHARLOTTE BAG'}),0.06047782301264196,0.03658667238054425,0.013659738590100707,0.22586359610274578,6.1733844978712415,1.0,0.011447056293248636,1.2445007401400063,0.891957978242326,0.16377649325626203,0.1964649214370897,0.2996082255769951
frozenset({'PAPER BUNTING RETROSPOT'}),frozenset({'PARTY BUNTING'}),0.03797943004071138,0.08538675808870795,0.012320548532247696,0.3244005641748942,3.799190547062061,1.0,0.009077608127014466,1.3537803518060667,0.7658734750893944,0.11095031355523395,0.2613277340996208,0.23434582788418487
frozenset({'PAPER BUNTING RETROSPOT'}),frozenset({'SET/20 RED RETROSPOT PAPER NAPKINS'}),0.03797943004071138,0.04499678594386115,0.010445682451253482,0.27503526093088854,6.112331251259318,1.0,0.008736730167441743,1.31730988086732,0.8694162344142855,0.14401772525849335,0.24087717360656424,0.25358905903687284
frozenset({'SET/20 RED RETROSPOT PAPER NAPKINS'}),frozenset({'PAPER BUNTING RETROSPOT'}),0.04499678594386115,0.03797943004071138,0.010445682451253482,0.23214285714285715,6.112331251259318,1.0,0.008736730167441743,1.2528639980865155,0.8758046978823286,0.14401772525849335,0.20182876870331629,0.25358905903687284
frozenset({'PAPER CHAIN KIT VINTAGE CHRISTMAS'}),"frozenset({""PAPER CHAIN KIT 50'S CHRISTMAS""})",0.042854081851296334,0.06026355260338547,0.028819370044996784,0.6725,11.159315555555555,1.0,0.0262368308290814,2.8694242668598915,0.9511494037647416,0.38788752703677,0.6514980334036368,0.5753611111111111
"frozenset({""PAPER CHAIN KIT 50'S CHRISTMAS""})",frozenset({'PAPER CHAIN KIT VINTAGE CHRISTMAS'}),0.06026355260338547,0.042854081851296334,0.028819370044996784,0.4782222222222222,11.159315555555557,1.0,0.0262368308290814,1.8343937954297982,0.9687703098938837,0.38788752703677,0.4548607815337164,0.5753611111111111
frozenset({'POPCORN HOLDER'}),"frozenset({""PAPER CHAIN KIT 50'S CHRISTMAS""})",0.04001499892864795,0.06026355260338547,0.010552817655881723,0.2637215528781794,4.37613684367098,1.0,0.008141371663020733,1.2763329567368564,0.8036458376116044,0.11761194029850745,0.21650538386421095,0.21941633199464525
frozenset({'SET OF 20 VINTAGE CHRISTMAS NAPKINS'}),"frozenset({""PAPER CHAIN KIT 50'S CHRISTMAS""})",0.03058710092136276,0.06026355260338547,0.013070494964645383,0.42732049036777586,7.090861257053902,1.0,0.011227207599285778,1.6409465182369019,0.8860759006338339,0.16804407713498623,0.39059561729382886,0.3221046896283324
"frozenset({""PAPER CHAIN KIT 50'S CHRISTMAS""})",frozenset({'SET OF 20 VINTAGE CHRISTMAS NAPKINS'}),0.06026355260338547,0.03058710092136276,0.013070494964645383,0.2168888888888889,7.090861257053902,1.0,0.011227207599285778,1.237899558982369,0.9140577765359683,0.16804407713498623,0.19218001755969374,0.3221046896283324
frozenset({'VINTAGE SNAP CARDS'}),"frozenset({""PAPER CHAIN KIT 50'S CHRISTMAS""})",0.04687165202485537,0.06026355260338547,0.010231412041997,0.21828571428571428,3.622184634920635,1.0,0.007406759774589549,1.202148233146254,0.7595236434823623,0.10558319513543395,0.16815582934992385,0.19403174603174603
frozenset({'PAPER CHAIN KIT VINTAGE CHRISTMAS'}),frozenset({'SET OF 20 VINTAGE CHRISTMAS NAPKINS'}),0.042854081851296334,0.03058710092136276,0.012106278122991214,0.2825,9.235919439579684,1.0,0.010795495996513273,1.3510981171827696,0.9316521749466591,0.19737991266375543,0.2598613029783942,0.33914842381786336
frozenset({'SET OF 20 VINTAGE CHRISTMAS NAPKINS'}),frozenset({'PAPER CHAIN KIT VINTAGE CHRISTMAS'}),0.03058710092136276,0.042854081851296334,0.012106278122991214,0.39579684763572676,9.235919439579684,1.0,0.010795495996513273,1.5841458529359702,0.9198630193925459,0.19737991266375543,0.3687449939368562,0.33914842381786336
frozenset({'RECIPE BOX PANTRY YELLOW DESIGN'}),frozenset({'PARTY BUNTING'}),0.05533533319048639,0.08538675808870795,0.012320548532247696,0.22265246853823814,2.607576086996129,1.0,0.007595643823353582,1.1765821654973407,0.652614736011637,0.09595327492699209,0.15008060692701355,0.18347178006585685
frozenset({'RED RETROSPOT CHARLOTTE BAG'}),frozenset({'PARTY BUNTING'}),0.04847868009427898,0.08538675808870795,0.01403471180629955,0.28950276243093925,3.3904878099502973,1.0,0.009895274476629488,1.2872861336387547,0.740978868073399,0.11712114438980777,0.22317193212257083,0.22693456816653612
frozenset({'PARTY BUNTING'}),frozenset({'REGENCY CAKESTAND 3 TIER'}),0.08538675808870795,0.0902614098992929,0.019498607242339833,0.22835633626097868,2.5299442642848367,1.0,0.011791478070523201,1.1789620427809162,0.6611913622280262,0.12487135506003431,0.15179627187893482,0.22219003756669115
frozenset({'REGENCY CAKESTAND 3 TIER'}),frozenset({'PARTY BUNTING'}),0.0902614098992929,0.08538675808870795,0.019498607242339833,0.2160237388724036,2.529944264284837,1.0,0.011791478070523201,1.1666338475552815,0.6647342235577529,0.12487135506003431,0.14283303017863594,0.22219003756669115
frozenset({'ROSES REGENCY TEACUP AND SAUCER'}),frozenset({'PARTY BUNTING'}),0.051264195414613245,0.08538675808870795,0.010927790872080565,0.21316614420062693,2.4964777791325616,1.0,0.006550507419600733,1.162396909042638,0.6318256849349192,0.08691947166595655,0.13970865526164364,0.17057303445915914
frozenset({'SET OF 4 PANTRY JELLY MOULDS'}),frozenset({'PARTY BUNTING'}),0.05356760231412042,0.08538675808870795,0.011838440111420613,0.22099999999999997,2.5882233375156836,1.0,0.0072644762112327,1.1740863182429935,0.6483659903068871,0.09313105773282762,0.14827386669790324,0.1798224592220828
frozenset({'SET/20 RED RETROSPOT PAPER NAPKINS'}),frozenset({'PARTY BUNTING'}),0.04499678594386115,0.08538675808870795,0.010231412041997,0.22738095238095238,2.6629533369182052,1.0,0.006389282365839154,1.183782932520008,0.65390050593983,0.08515381185911725,0.15525053408970474,0.1736026468303758
frozenset({'PARTY BUNTING'}),frozenset({'SPOTTY BUNTING'}),0.08538675808870795,0.055763874008999355,0.02421255624598243,0.2835633626097867,5.08507286570557,1.0,0.01945105982588681,1.3179618080820095,0.8783450176794194,0.20705451213925788,0.24125267221872687,0.3588806246286205
frozenset({'SPOTTY BUNTING'}),frozenset({'PARTY BUNTING'}),0.055763874008999355,0.08538675808870795,0.02421255624598243,0.43419788664745435,5.08507286570557,1.0,0.01945105982588681,1.6164896177073935,0.8507892909660412,0.20705451213925788,0.38137555042372484,0.3588806246286205
frozenset({'STRAWBERRY CHARLOTTE BAG'}),frozenset({'PARTY BUNTING'}),0.03605099635740304,0.08538675808870795,0.011570602099850011,0.3209509658246657,3.7587908594823456,1.0,0.008492324395023546,1.3469030892916838,0.7614064606423595,0.10531448074110192,0.25755608703378585,0.22822956070405181
frozenset({'TEA TIME PARTY BUNTING'}),frozenset({'PARTY BUNTING'}),0.02410542104135419,0.08538675808870795,0.010659952860509964,0.44222222222222224,5.179049212323993,1.0,0.008601669105425404,1.6397448560162609,0.8268458330735907,0.10785907859078592,0.39014902450769856,0.2835326920395929
frozenset({'VICTORIAN GLASS HANGING T-LIGHT'}),frozenset({'PARTY BUNTING'}),0.05367473751874866,0.08538675808870795,0.011784872509106493,0.21956087824351297,2.5713691813361983,1.0,0.007201760681118205,1.1719213150832668,0.6457633049617653,0.09259259259259259,0.14670039094821952,0.17878922205776654
frozenset({'PARTY BUNTING'}),frozenset({'WHITE HANGING HEART T-LIGHT HOLDER'}),0.08538675808870795,0.11602742661238483,0.02024855367473752,0.2371392722710163,2.0438208378371803,1.0,0.0103413478669305,1.1587601003123835,0.5584003153406926,0.11176818450620933,0.1370086010638306,0.20582725386404
frozenset({'WOODLAND CHARLOTTE BAG'}),frozenset({'PARTY BUNTING'}),0.03658667238054425,0.08538675808870795,0.012106278122991214,0.33089311859443626,3.875227564567714,1.0,0.00898226077916287,1.366916508151887,0.7701270232568439,0.11019015114578254,0.268426422509133,0.2363373999496648
frozenset({'PINK CREAM FELT CRAFT TRINKET BOX'}),frozenset({'PINK BLUE FELT CRAFT TRINKET BOX'}),0.03171202056995929,0.026355260338547248,0.01387400899935719,0.4375,16.600101626016258,1.0,0.013038230441374546,1.7309239816203603,0.9705370973350614,0.31393939393939396,0.4222738776408451,0.4819613821138211
frozenset({'PINK BLUE FELT CRAFT TRINKET BOX'}),frozenset({'PINK CREAM FELT CRAFT TRINKET BOX'}),0.026355260338547248,0.03171202056995929,0.01387400899935719,0.5264227642276422,16.600101626016258,1.0,0.013038230441374546,2.044625261285751,0.965197434607646,0.31393939393939396,0.5109128215645953,0.4819613821138211
frozenset({'REGENCY CAKESTAND 3 TIER'}),frozenset({'PINK REGENCY TEACUP AND SAUCER'}),0.0902614098992929,0.037658024426826656,0.018641525605313906,0.20652818991097924,5.484307609186573,1.0,0.01524245922652652,1.2128244045181729,0.8987873945615662,0.17058823529411762,0.1754783328281748,0.3507747635187898
frozenset({'PINK REGENCY TEACUP AND SAUCER'}),frozenset({'REGENCY CAKESTAND 3 TIER'}),0.037658024426826656,0.0902614098992929,0.018641525605313906,0.4950213371266003,5.484307609186573,1.0,0.01524245922652652,1.801538672790978,0.849658019584697,0.17058823529411762,0.4449189378483998,0.3507747635187898
frozenset({'PINK REGENCY TEACUP AND SAUCER'}),frozenset({'ROSES REGENCY TEACUP AND SAUCER'}),0.037658024426826656,0.051264195414613245,0.02924791086350975,0.7766714082503556,15.150367658534627,1.0,0.02731740254036463,4.248160959385522,0.9705437618323786,0.49012567324955114,0.7646040228794331,0.6736021618054286
frozenset({'ROSES REGENCY TEACUP AND SAUCER'}),frozenset({'PINK REGENCY TEACUP AND SAUCER'}),0.051264195414613245,0.037658024426826656,0.02924791086350975,0.5705329153605015,15.150367658534627,1.0,0.02731740254036463,2.240781680349214,0.984462688798977,0.49012567324955114,0.5537271619231753,0.6736021618054286
frozenset({'SCANDINAVIAN PAISLEY PICNIC BAG'}),frozenset({'PINK VINTAGE PAISLEY PICNIC BAG'}),0.022391257767302334,0.02040925648167988,0.014088279408613671,0.6291866028708135,30.828492132263378,1.0,0.01363129048589339,2.6417350373590835,0.9897236314391374,0.49067164179104483,0.6214609013174576,0.6597376583907874
frozenset({'PINK VINTAGE PAISLEY PICNIC BAG'}),frozenset({'SCANDINAVIAN PAISLEY PICNIC BAG'}),0.02040925648167988,0.022391257767302334,0.014088279408613671,0.6902887139107612,30.828492132263374,1.0,0.01363129048589339,3.1565163626326935,0.9877211283296472,0.49067164179104483,0.6831950526732105,0.6597376583907874
frozenset({'PLASTERS IN TIN SKULLS'}),frozenset({'PLASTERS IN TIN WOODLAND ANIMALS'}),0.026194557531604885,0.026033854724662523,0.010552817655881723,0.40286298568507156,15.474580692940156,1.0,0.009870872350527107,1.6310597432864384,0.9605387819883656,0.2532133676092545,0.3869016729055613,0.40410638996187737
frozenset({'PLASTERS IN TIN WOODLAND ANIMALS'}),frozenset({'PLASTERS IN TIN SKULLS'}),0.026033854724662523,0.026194557531604885,0.010552817655881723,0.40534979423868317,15.474580692940158,1.0,0.009870872350527107,1.6376105364693427,0.9603802946742107,0.2532133676092545,0.38935419763725937,0.40410638996187737
frozenset({'PLASTERS IN TIN SPACEBOY'}),frozenset({'PLASTERS IN TIN WOODLAND ANIMALS'}),0.026462395543175487,0.026033854724662523,0.011892007713734734,0.4493927125506073,17.26185834957765,1.0,0.011203089552497146,1.7688943961985908,0.9676758303367746,0.2928759894459103,0.43467512693294125,0.45309141800369873
frozenset({'PLASTERS IN TIN WOODLAND ANIMALS'}),frozenset({'PLASTERS IN TIN SPACEBOY'}),0.026033854724662523,0.026462395543175487,0.011892007713734734,0.45679012345679015,17.26185834957765,1.0,0.011203089552497146,1.792194226386427,0.9672500572291575,0.2928759894459103,0.4420247620056872,0.45309141800369873
frozenset({'PLASTERS IN TIN WOODLAND ANIMALS'}),frozenset({'PLASTERS IN TIN VINTAGE PAISLEY'}),0.026033854724662523,0.026194557531604885,0.010552817655881723,0.40534979423868317,15.474580692940158,1.0,0.009870872350527107,1.6376105364693427,0.9603802946742107,0.2532133676092545,0.38935419763725937,0.40410638996187737
frozenset({'PLASTERS IN TIN VINTAGE PAISLEY'}),frozenset({'PLASTERS IN TIN WOODLAND ANIMALS'}),0.026194557531604885,0.026033854724662523,0.010552817655881723,0.40286298568507156,15.474580692940156,1.0,0.009870872350527107,1.6310597432864384,0.9605387819883656,0.2532133676092545,0.3869016729055613,0.40410638996187737
frozenset({'PLEASE ONE PERSON METAL SIGN'}),frozenset({'WHITE HANGING HEART T-LIGHT HOLDER'}),0.04365759588600814,0.11602742661238483,0.011784872509106493,0.26993865030674846,2.326507259430462,1.0,0.00671939400636953,1.2108195753124475,0.5961997728927657,0.0796812749003984,0.17411312107177193,0.18575418203241395
"frozenset({""POPPY'S PLAYHOUSE BEDROOM""})","frozenset({""POPPY'S PLAYHOUSE KITCHEN""})",0.019498607242339833,0.020087850867795156,0.014195414613241912,0.728021978021978,36.24190476190476,1.0,0.013803729498828078,3.6029093160012375,0.991745283018868,0.559071729957806,0.7224465252126105,0.7173443223443223
"frozenset({""POPPY'S PLAYHOUSE KITCHEN""})","frozenset({""POPPY'S PLAYHOUSE BEDROOM""})",0.020087850867795156,0.019498607242339833,0.014195414613241912,0.7066666666666668,36.24190476190476,1.0,0.013803729498828078,3.3426183844011153,0.9923416421788311,0.559071729957806,0.7008333333333334,0.7173443223443223
"frozenset({""POPPY'S PLAYHOUSE BEDROOM""})","frozenset({""POPPY'S PLAYHOUSE LIVINGROOM""})",0.019498607242339833,0.015159631454896079,0.011892007713734734,0.6098901098901099,40.23119636547199,1.0,0.011596416014057094,2.524520381340971,0.9945357289107288,0.5223529411764706,0.6038851548234198,0.697171203354949
"frozenset({""POPPY'S PLAYHOUSE LIVINGROOM""})","frozenset({""POPPY'S PLAYHOUSE BEDROOM""})",0.015159631454896079,0.019498607242339833,0.011892007713734734,0.784452296819788,40.23119636547199,1.0,0.011596416014057094,4.548883510662588,0.9901540376383999,0.5223529411764706,0.7801658368133634,0.697171203354949
"frozenset({""POPPY'S PLAYHOUSE LIVINGROOM""})","frozenset({""POPPY'S PLAYHOUSE KITCHEN""})",0.015159631454896079,0.020087850867795156,0.011945575316048854,0.7879858657243817,39.226987043580685,1.0,0.011641050900172164,4.621918970073567,0.9895079216216183,0.5126436781609196,0.7836396513061148,0.6913262661955242
"frozenset({""POPPY'S PLAYHOUSE KITCHEN""})","frozenset({""POPPY'S PLAYHOUSE LIVINGROOM""})",0.020087850867795156,0.015159631454896079,0.011945575316048854,0.5946666666666667,39.226987043580685,1.0,0.011641050900172164,2.429704856607987,0.9944844005364595,0.5126436781609196,0.588427377390989,0.6913262661955242
frozenset({'POTTERING IN THE SHED METAL SIGN'}),frozenset({'WHITE HANGING HEART T-LIGHT HOLDER'}),0.028551532033426183,0.11602742661238483,0.010017141632740518,0.350844277673546,3.023804697880774,1.0,0.006704380845061007,1.3617265364612685,0.6889617234968278,0.07444267515923567,0.26563816359288306,0.21858926718395674
frozenset({'RECIPE BOX RETROSPOT'}),frozenset({'RECIPE BOX PANTRY YELLOW DESIGN'}),0.02185558174416113,0.05533533319048639,0.010284979644311121,0.4705882352941177,8.504299299584307,1.0,0.009075593746426053,1.7843665928624148,0.9021289704271631,0.15372297838270618,0.4395770443136144,0.3282273219064974
frozenset({'RECIPE BOX PANTRY YELLOW DESIGN'}),frozenset({'RED RETROSPOT CHARLOTTE BAG'}),0.05533533319048639,0.04847868009427898,0.011784872509106493,0.21297192642788,4.393104886801838,1.0,0.009102288593454567,1.2090055639146493,0.8176134752687064,0.12805587892898723,0.1728739471122932,0.22803292453990687
frozenset({'RED RETROSPOT CHARLOTTE BAG'}),frozenset({'RECIPE BOX PANTRY YELLOW DESIGN'}),0.04847868009427898,0.05533533319048639,0.011784872509106493,0.24309392265193375,4.393104886801838,1.0,0.009102288593454567,1.248060618193591,0.8117217607590858,0.12805587892898723,0.19875686691614966,0.22803292453990687
frozenset({'RECIPE BOX PANTRY YELLOW DESIGN'}),frozenset({'REGENCY CAKESTAND 3 TIER'}),0.05533533319048639,0.0902614098992929,0.014677523034068995,0.26524685382381413,2.9386517906130343,1.0,0.009682877843048556,1.2381554197286304,0.6983514038729385,0.1121112929623568,0.1923469509028418,0.2139290648941029
frozenset({'ROSES REGENCY TEACUP AND SAUCER'}),frozenset({'RECIPE BOX PANTRY YELLOW DESIGN'}),0.051264195414613245,0.05533533319048639,0.010767088065138205,0.21003134796238243,3.795610071405378,1.0,0.007930366731128376,1.1958255107628366,0.7763359814332437,0.11235326998323086,0.16375759590370034,0.20230512219029095
frozenset({'RECIPE BOX PANTRY YELLOW DESIGN'}),frozenset({'SET OF 3 CAKE TINS PANTRY DESIGN'}),0.05533533319048639,0.06647739447182344,0.019873580458538674,0.35914811229428845,5.402560000249619,1.0,0.016195031685804925,1.456690108022064,0.8626368629524874,0.1949553336836574,0.3135121914448716,0.3290502849948477
frozenset({'SET OF 3 CAKE TINS PANTRY DESIGN'}),frozenset({'RECIPE BOX PANTRY YELLOW DESIGN'}),0.06647739447182344,0.05533533319048639,0.019873580458538674,0.2989524576954069,5.402560000249619,1.0,0.016195031685804925,1.3475044270236853,0.8729328672845077,0.1949553336836574,0.25788741027830203,0.3290502849948477
frozenset({'RECIPE BOX PANTRY YELLOW DESIGN'}),frozenset({'SET OF 4 PANTRY JELLY MOULDS'}),0.05533533319048639,0.05356760231412042,0.014088279408613671,0.25459825750242016,4.752840271055179,1.0,0.011124098286346348,1.269694372479888,0.8358516215484891,0.14858757062146893,0.2124088901434899,0.2587991287512101
frozenset({'SET OF 4 PANTRY JELLY MOULDS'}),frozenset({'RECIPE BOX PANTRY YELLOW DESIGN'}),0.05356760231412042,0.05533533319048639,0.014088279408613671,0.263,4.752840271055179,1.0,0.011124098286346348,1.2817702399043602,0.8342904316282321,0.14858757062146893,0.21982897646725266,0.2587991287512101
frozenset({'RECIPE BOX PANTRY YELLOW DESIGN'}),frozenset({'SET OF 6 SPICE TINS PANTRY DESIGN'}),0.05533533319048639,0.041247053781872725,0.0125883865438183,0.22749273959341726,5.5153694321167706,1.0,0.01030596707967246,1.2410924729866233,0.8666445475330129,0.14987244897959184,0.1942582669979838,0.2663437723941112
frozenset({'SET OF 6 SPICE TINS PANTRY DESIGN'}),frozenset({'RECIPE BOX PANTRY YELLOW DESIGN'}),0.041247053781872725,0.05533533319048639,0.0125883865438183,0.3051948051948052,5.51536943211677,1.0,0.01030596707967246,1.359610828866029,0.8539097438677328,0.14987244897959184,0.26449541385747793,0.2663437723941112
frozenset({'SUKI SHOULDER BAG'}),frozenset({'RECIPE BOX PANTRY YELLOW DESIGN'}),0.027158774373259052,0.05533533319048639,0.01017784443968288,0.3747534516765286,6.772407972795195,1.0,0.008675004610693348,1.5108674639508624,0.8761368345703199,0.14074074074074075,0.33812857589438255,0.27934187588666703
frozenset({'RECIPE BOX PANTRY YELLOW DESIGN'}),frozenset({'WHITE HANGING HEART T-LIGHT HOLDER'}),0.05533533319048639,0.11602742661238483,0.01537390186415256,0.2778315585672798,2.3945334881504983,1.0,0.008953485553321539,1.2240531746774885,0.6164961387958893,0.0985576923076923,0.18304202735025935,0.20516693348493262
frozenset({'RECYCLING BAG RETROSPOT'}),frozenset({'RED RETROSPOT CHARLOTTE BAG'}),0.0380329976430255,0.04847868009427898,0.010017141632740518,0.2633802816901408,5.432909501206132,1.0,0.008173352106977819,1.2917402239637894,0.848195998625432,0.13095238095238096,0.22585053755511733,0.23500505797214225
frozenset({'RED RETROSPOT CHARLOTTE BAG'}),frozenset({'RECYCLING BAG RETROSPOT'}),0.04847868009427898,0.0380329976430255,0.010017141632740518,0.20662983425414366,5.432909501206132,1.0,0.008173352106977819,1.2125071547814235,0.857507388578253,0.13095238095238096,0.17526259861100088,0.23500505797214225
frozenset({'RECYCLING BAG RETROSPOT'}),frozenset({'SUKI SHOULDER BAG'}),0.0380329976430255,0.027158774373259052,0.011088493679022928,0.2915492957746479,10.734994582881907,1.0,0.010055564077297305,1.3731953681808868,0.94270043951184,0.20495049504950497,0.2717715023138113,0.3499166597216435
frozenset({'SUKI SHOULDER BAG'}),frozenset({'RECYCLING BAG RETROSPOT'}),0.027158774373259052,0.0380329976430255,0.011088493679022928,0.4082840236686391,10.734994582881907,1.0,0.010055564077297305,1.6257242339832871,0.93216312387829,0.20495049504950497,0.38488952855808856,0.3499166597216435
frozenset({'RECYCLING BAG RETROSPOT'}),frozenset({'TOY TIDY PINK POLKADOT'}),0.0380329976430255,0.023998285836725947,0.013766873794728948,0.3619718309859155,15.083236921529176,1.0,0.012854147046064099,1.5297157109402308,0.9706166961994762,0.28523862375138737,0.346283761846601,0.46781627263581493
frozenset({'TOY TIDY PINK POLKADOT'}),frozenset({'RECYCLING BAG RETROSPOT'}),0.023998285836725947,0.0380329976430255,0.013766873794728948,0.5736607142857143,15.083236921529174,1.0,0.012854147046064099,2.256341450554579,0.956659419887497,0.28523862375138737,0.5568046672394317,0.46781627263581493
frozenset({'RECYCLING BAG RETROSPOT'}),frozenset({'WHITE HANGING HEART T-LIGHT HOLDER'}),0.0380329976430255,0.11602742661238483,0.011731304906792372,0.3084507042253521,2.6584292458351215,1.0,0.007318434063917225,1.2782495460391177,0.6485025180520148,0.08242378622506585,0.2176801446175538,0.20477936873317465
frozenset({'WHITE HANGING HEART T-LIGHT HOLDER'}),frozenset({'RED HANGING HEART T-LIGHT HOLDER'}),0.11602742661238483,0.037711592029140775,0.025069637883008356,0.21606648199445982,5.729444724250818,1.0,0.020694058906411027,1.2275127748320853,0.9338106647523687,0.1948376353039134,0.1853445271583487,0.44041960463359353
frozenset({'RED HANGING HEART T-LIGHT HOLDER'}),frozenset({'WHITE HANGING HEART T-LIGHT HOLDER'}),0.037711592029140775,0.11602742661238483,0.025069637883008356,0.6647727272727273,5.729444724250818,1.0,0.020694058906411027,2.636935134173225,0.8578124910790241,0.1948376353039134,0.6207718623637907,0.44041960463359353
frozenset({'RED RETROSPOT CHARLOTTE BAG'}),frozenset({'REGENCY CAKESTAND 3 TIER'}),0.04847868009427898,0.0902614098992929,0.01269552174844654,0.2618784530386741,2.901333508205322,1.0,0.008319767733080134,1.2325051258100899,0.6887190958496909,0.10072248193795157,0.18864434795536522,0.201265636014886
frozenset({'SKULL SHOULDER BAG'}),frozenset({'RED RETROSPOT CHARLOTTE BAG'}),0.02158774373259053,0.04847868009427898,0.010338547246625241,0.47890818858560796,9.878738192835502,1.0,0.00929200192425571,1.8260147234381217,0.9186030645547915,0.17309417040358743,0.4523592897886691,0.34608392854694764
frozenset({'RED RETROSPOT CHARLOTTE BAG'}),frozenset({'SKULL SHOULDER BAG'}),0.04847868009427898,0.02158774373259053,0.010338547246625241,0.21325966850828731,9.878738192835502,1.0,0.00929200192425571,1.2436279380927044,0.9445636983670138,0.17309417040358743,0.19590098503765166,0.34608392854694764
frozenset({'STRAWBERRY CHARLOTTE BAG'}),frozenset({'RED RETROSPOT CHARLOTTE BAG'}),0.03605099635740304,0.04847868009427898,0.024533961859867153,0.6805349182763746,14.037818623628024,1.0,0.022786257140376593,2.978483015332793,0.9634989583472361,0.4089285714285715,0.6642586192863458,0.5933061331713365
frozenset({'RED RETROSPOT CHARLOTTE BAG'}),frozenset({'STRAWBERRY CHARLOTTE BAG'}),0.04847868009427898,0.03605099635740304,0.024533961859867153,0.5060773480662984,14.037818623628024,1.0,0.022786257140376593,1.951619347419576,0.9760830803050451,0.4089285714285715,0.48760499770501026,0.5933061331713365
frozenset({'RED RETROSPOT CHARLOTTE BAG'}),frozenset({'WHITE HANGING HEART T-LIGHT HOLDER'}),0.04847868009427898,0.11602742661238483,0.012106278122991214,0.24972375690607734,2.152282130158196,1.0,0.006481421626086979,1.1781961397876166,0.5626536018242156,0.07943760984182778,0.15124488510014858,0.17703177688332492
frozenset({'RED RETROSPOT CHARLOTTE BAG'}),frozenset({'WOODLAND CHARLOTTE BAG'}),0.04847868009427898,0.03658667238054425,0.0230876365973859,0.4762430939226519,13.016846379718983,1.0,0.021313963011335302,1.8394283997797622,0.9702110267791192,0.37251512532411407,0.45635285389758495,0.5536413127007109
frozenset({'WOODLAND CHARLOTTE BAG'}),frozenset({'RED RETROSPOT CHARLOTTE BAG'}),0.03658667238054425,0.04847868009427898,0.0230876365973859,0.63103953147877,13.016846379718983,1.0,0.021313963011335302,2.5789248472047905,0.9582351108522377,0.37251512532411407,0.6122415117742317,0.5536413127007109
frozenset({'STRAWBERRY SHOPPER BAG'}),frozenset({'RED RETROSPOT SHOPPER BAG'}),0.020944932504821084,0.028390829226483824,0.010445682451253482,0.4987212276214834,17.566279013656324,1.0,0.009851038449348877,1.9382611519002289,0.9632479100116023,0.26859504132231404,0.48407365074638065,0.4333228779616851
frozenset({'RED RETROSPOT SHOPPER BAG'}),frozenset({'STRAWBERRY SHOPPER BAG'}),0.028390829226483824,0.020944932504821084,0.010445682451253482,0.36792452830188677,17.566279013656324,1.0,0.009851038449348877,1.5489527933505816,0.9706297304709479,0.26859504132231404,0.354402532928797,0.4333228779616851
frozenset({'RED SPOT CERAMIC DRAWER KNOB'}),frozenset({'RED STRIPE CERAMIC DRAWER KNOB'}),0.01773087636597386,0.020623526890936363,0.011142061281337047,0.6283987915407855,30.469996468788008,1.0,0.010776388075803518,2.6355578260089434,0.9846393483541054,0.40944881889763773,0.6205736826824582,0.5843292659002628
frozenset({'RED STRIPE CERAMIC DRAWER KNOB'}),frozenset({'RED SPOT CERAMIC DRAWER KNOB'}),0.020623526890936363,0.01773087636597386,0.011142061281337047,0.5402597402597402,30.469996468788008,1.0,0.010776388075803518,2.136574082480791,0.9875475431148734,0.40944881889763773,0.5319609985913089,0.5843292659002628
frozenset({'RED SPOT CERAMIC DRAWER KNOB'}),frozenset({'WHITE SPOT RED CERAMIC DRAWER KNOB'}),0.01773087636597386,0.01896293121919863,0.010338547246625241,0.5830815709969789,30.748493693140116,1.0,0.010002317857641165,2.353067172220618,0.9849419659167554,0.39227642276422764,0.5750227567637655,0.5641396555549866
frozenset({'WHITE SPOT RED CERAMIC DRAWER KNOB'}),frozenset({'RED SPOT CERAMIC DRAWER KNOB'}),0.01896293121919863,0.01773087636597386,0.010338547246625241,0.5451977401129943,30.748493693140112,1.0,0.010002317857641165,2.1597718619033865,0.9861789248124683,0.39227642276422764,0.5369881339602649,0.5641396555549866
frozenset({'RED STRIPE CERAMIC DRAWER KNOB'}),frozenset({'WHITE SPOT RED CERAMIC DRAWER KNOB'}),0.020623526890936363,0.01896293121919863,0.010820655667452325,0.5246753246753246,27.668471641352994,1.0,0.010429573145522205,2.0639304452492264,0.984154516747961,0.3761638733705773,0.5154875483804171,0.5476483968009391
frozenset({'WHITE SPOT RED CERAMIC DRAWER KNOB'}),frozenset({'RED STRIPE CERAMIC DRAWER KNOB'}),0.01896293121919863,0.020623526890936363,0.010820655667452325,0.5706214689265536,27.668471641352994,1.0,0.010429573145522205,2.280916259740845,0.9824886441903993,0.3761638733705773,0.561579695997424,0.5476483968009391
frozenset({'RED TOADSTOOL LED NIGHT LIGHT'}),frozenset({'WHITE HANGING HEART T-LIGHT HOLDER'}),0.03530104992500536,0.11602742661238483,0.010659952860509964,0.30197268588770865,2.602597460827214,1.0,0.006564062880996272,1.266386795353127,0.638301173254802,0.0757806549885758,0.21035184221014092,0.19692355439353115
frozenset({'REGENCY CAKESTAND 3 TIER'}),frozenset({'ROSES REGENCY TEACUP AND SAUCER'}),0.0902614098992929,0.051264195414613245,0.02431969145061067,0.26943620178041544,5.255835961166975,1.0,0.019692512895134812,1.2986351183804847,0.8900747080327281,0.20749542961608775,0.22996075968814836,0.3719176829173759
frozenset({'ROSES REGENCY TEACUP AND SAUCER'}),frozenset({'REGENCY CAKESTAND 3 TIER'}),0.051264195414613245,0.0902614098992929,0.02431969145061067,0.47439916405433646,5.255835961166976,1.0,0.019692512895134812,1.7308545342472699,0.8534887226311232,0.20749542961608775,0.4222506974366339,0.3719176829173759
frozenset({'SET OF 3 CAKE TINS PANTRY DESIGN'}),frozenset({'REGENCY CAKESTAND 3 TIER'}),0.06647739447182344,0.0902614098992929,0.01403471180629955,0.21112006446414183,2.338984785410445,1.0,0.008034368454841307,1.1532028501685163,0.6132300190500221,0.09834834834834835,0.13284987124869574,0.18330483935373265
frozenset({'SET OF 3 REGENCY CAKE TINS'}),frozenset({'REGENCY CAKESTAND 3 TIER'}),0.03889007928005143,0.0902614098992929,0.012856224555388901,0.3305785123966942,3.6624567771047407,1.0,0.00934595116847618,1.358992214841797,0.7563747073904804,0.11054813450023032,0.26416061175419464,0.23650587340902962
frozenset({'SET OF 4 PANTRY JELLY MOULDS'}),frozenset({'REGENCY CAKESTAND 3 TIER'}),0.05356760231412042,0.0902614098992929,0.010820655667452325,0.20199999999999999,2.2379442136498517,1.0,0.0059855683576551895,1.1400232958655476,0.5844699932977223,0.08135320177204994,0.12282494258964846,0.1609406528189911
frozenset({'STRAWBERRY CHARLOTTE BAG'}),frozenset({'REGENCY CAKESTAND 3 TIER'}),0.03605099635740304,0.0902614098992929,0.010552817655881723,0.29271916790490343,3.2430156833523665,1.0,0.007298803896388251,1.286248048608773,0.7175120556612596,0.09116149930587693,0.22254498183175747,0.20481655724622028
frozenset({'VICTORIAN GLASS HANGING T-LIGHT'}),frozenset({'REGENCY CAKESTAND 3 TIER'}),0.05367473751874866,0.0902614098992929,0.01135633169059353,0.21157684630738524,2.344045440276717,1.0,0.0065115742061768005,1.1538709712416564,0.6059091229501719,0.08565656565656567,0.13335197355392261,0.1686964350231288
frozenset({'WOODLAND CHARLOTTE BAG'}),frozenset({'REGENCY CAKESTAND 3 TIER'}),0.03658667238054425,0.0902614098992929,0.011999142918362973,0.32796486090775984,3.633500310638612,1.0,0.00869677828577153,1.3537068780801371,0.7523077266769927,0.1044776119402985,0.2612876419611412,0.23045127318385022
frozenset({'REGENCY SUGAR BOWL GREEN'}),frozenset({'REGENCY MILK JUG PINK'}),0.013713306192414827,0.014516820227126633,0.010552817655881723,0.76953125,53.009628690036905,1.0,0.010353744055166895,4.2759948139297554,0.9947771868048978,0.596969696969697,0.7661362926020547,0.7482342596863469
frozenset({'REGENCY MILK JUG PINK'}),frozenset({'REGENCY SUGAR BOWL GREEN'}),0.014516820227126633,0.013713306192414827,0.010552817655881723,0.7269372693726938,53.009628690036905,1.0,0.010353744055166895,3.6119418111061568,0.9955882787112996,0.596969696969697,0.7231406118102024,0.7482342596863469
frozenset({'REGENCY MILK JUG PINK'}),frozenset({'REGENCY TEAPOT ROSES'}),0.014516820227126633,0.01901649882151275,0.010231412041997,0.7047970479704797,37.06239800426173,1.0,0.009955352947255735,3.3230816102421254,0.987351682367971,0.4390804597701149,0.6990744985263427,0.6214126084922821
frozenset({'REGENCY TEAPOT ROSES'}),frozenset({'REGENCY MILK JUG PINK'}),0.01901649882151275,0.014516820227126633,0.010231412041997,0.5380281690140845,37.06239800426173,1.0,0.009955352947255735,2.1332105415815246,0.9918805712075336,0.4390804597701149,0.5312230178374152,0.6214126084922821
frozenset({'REGENCY SUGAR BOWL GREEN'}),frozenset({'REGENCY TEAPOT ROSES'}),0.013713306192414827,0.01901649882151275,0.01017784443968288,0.7421875000000001,39.02860915492958,1.0,0.00991706536863578,3.8050269136620125,0.9879254948145947,0.45130641330166277,0.7371897695626058,0.638699383802817
frozenset({'REGENCY TEAPOT ROSES'}),frozenset({'REGENCY SUGAR BOWL GREEN'}),0.01901649882151275,0.013713306192414827,0.01017784443968288,0.5352112676056339,39.02860915492958,1.0,0.00991706536863578,2.122010765464805,0.9932662158317216,0.45130641330166277,0.5287488563796422,0.638699383802817
frozenset({'REGENCY TEA PLATE PINK'}),frozenset({'REGENCY TEA PLATE GREEN'}),0.014248982215556032,0.01799871437754446,0.01290979215770302,0.9060150375939849,50.33776405298962,1.0,0.012653328796634517,10.448493679022924,0.9943019904475474,0.667590027700831,0.9042924242747388,0.8116384711779449
frozenset({'REGENCY TEA PLATE GREEN'}),frozenset({'REGENCY TEA PLATE PINK'}),0.01799871437754446,0.014248982215556032,0.01290979215770302,0.7172619047619048,50.33776405298962,1.0,0.012653328796634517,3.4864457050060333,0.9980986923530312,0.667590027700831,0.7131749395769611,0.8116384711779449
frozenset({'REGENCY TEA PLATE ROSES'}),frozenset({'REGENCY TEA PLATE GREEN'}),0.02040925648167988,0.01799871437754446,0.015052496250267838,0.7375328083989501,40.97697162854643,1.0,0.014685155872196034,3.741424898221555,0.9959220783213948,0.6444954128440367,0.7327221507305041,0.786921166104237
frozenset({'REGENCY TEA PLATE GREEN'}),frozenset({'REGENCY TEA PLATE ROSES'}),0.01799871437754446,0.02040925648167988,0.015052496250267838,0.8363095238095238,40.97697162854643,1.0,0.014685155872196034,5.984408905857375,0.9934773645136016,0.6444954128440367,0.8328991190723569,0.786921166104237
frozenset({'REGENCY TEA PLATE GREEN'}),frozenset({'ROSES REGENCY TEACUP AND SAUCER'}),0.01799871437754446,0.051264195414613245,0.010552817655881723,0.5863095238095238,11.43701796288003,1.0,0.009630128044819474,2.2933469808682734,0.9292906581484652,0.17974452554744524,0.5639560832520011,0.39608057172712346
frozenset({'ROSES REGENCY TEACUP AND SAUCER'}),frozenset({'REGENCY TEA PLATE GREEN'}),0.051264195414613245,0.01799871437754446,0.010552817655881723,0.2058516196447231,11.437017962880033,1.0,0.009630128044819474,1.2365463557114342,0.9618743348866617,0.17974452554744524,0.19129598710057225,0.39608057172712346
frozenset({'REGENCY TEA PLATE PINK'}),frozenset({'REGENCY TEA PLATE ROSES'}),0.014248982215556032,0.02040925648167988,0.012641954146132419,0.8872180451127819,43.47135555423993,1.0,0.01235114301349224,8.6857045925291,0.9911187803831197,0.5742092457420923,0.8848682925665999,0.7533203086456297
frozenset({'REGENCY TEA PLATE ROSES'}),frozenset({'REGENCY TEA PLATE PINK'}),0.02040925648167988,0.014248982215556032,0.012641954146132419,0.6194225721784776,43.47135555423993,1.0,0.01235114301349224,2.590145777764642,0.9973515500962525,0.5742092457420923,0.6139213442793077,0.7533203086456297
frozenset({'REGENCY TEA PLATE ROSES'}),frozenset({'ROSES REGENCY TEACUP AND SAUCER'}),0.02040925648167988,0.051264195414613245,0.0125883865438183,0.6167979002624672,12.03174838254936,1.0,0.0115421224312745,2.4758105585413173,0.9359894076596676,0.2130553037171351,0.596091875224422,0.43117846946247707
frozenset({'ROSES REGENCY TEACUP AND SAUCER'}),frozenset({'REGENCY TEA PLATE ROSES'}),0.051264195414613245,0.02040925648167988,0.0125883865438183,0.24555903866248693,12.03174838254936,1.0,0.0115421224312745,1.2984326060208204,0.966429806214914,0.2130553037171351,0.22984065914317856,0.43117846946247707
frozenset({'REGENCY TEAPOT ROSES'}),frozenset({'ROSES REGENCY TEACUP AND SAUCER'}),0.01901649882151275,0.051264195414613245,0.010606385258195843,0.5577464788732394,10.879844584749877,1.0,0.009631519746508051,2.145230640941479,0.9256903110722803,0.17773788150807895,0.5338496565753279,0.38232151529868863
frozenset({'ROSES REGENCY TEACUP AND SAUCER'}),frozenset({'REGENCY TEAPOT ROSES'}),0.051264195414613245,0.01901649882151275,0.010606385258195843,0.2068965517241379,10.879844584749877,1.0,0.009631519746508051,1.2368922406163534,0.9571546872941488,0.17773788150807895,0.19152213332529933,0.38232151529868863
frozenset({'SCOTTIE DOG HOT WATER BOTTLE'}),frozenset({'RETROSPOT HEART HOT WATER BOTTLE'}),0.03931862009856439,0.030426398114420397,0.013391900578530106,0.3405994550408719,11.19420884982922,1.0,0.012195576590101535,1.4703864127768915,0.9479397791903648,0.2376425855513308,0.3199066644587291,0.39037015005564724
frozenset({'RETROSPOT HEART HOT WATER BOTTLE'}),frozenset({'SCOTTIE DOG HOT WATER BOTTLE'}),0.030426398114420397,0.03931862009856439,0.013391900578530106,0.44014084507042256,11.19420884982922,1.0,0.012195576590101535,1.7159340370566523,0.9392459668508288,0.2376425855513308,0.4172270154887168,0.39037015005564724
frozenset({'RETROSPOT TEA SET CERAMIC 11 PC'}),frozenset({'WHITE HANGING HEART T-LIGHT HOLDER'}),0.0435504606813799,0.11602742661238483,0.010767088065138205,0.24723247232472326,2.1308106155853803,1.0,0.005714040184493847,1.1742968989609985,0.5548594189511696,0.07235421166306696,0.1484266024335192,0.17001512812912062
frozenset({'ROSES REGENCY TEACUP AND SAUCER'}),frozenset({'SET OF 3 CAKE TINS PANTRY DESIGN'}),0.051264195414613245,0.06647739447182344,0.01162416970216413,0.22675026123301983,3.410937853906539,1.0,0.008216259561306245,1.207271802014142,0.7450182617119149,0.10954063604240283,0.17168611216491733,0.20080462296139306
frozenset({'SET OF 3 REGENCY CAKE TINS'}),frozenset({'ROSES REGENCY TEACUP AND SAUCER'}),0.03889007928005143,0.051264195414613245,0.010820655667452325,0.27823691460055094,5.427509636116076,1.0,0.008826987043549967,1.3144698361240283,0.8487618519961461,0.13639432815665092,0.2392370121259717,0.24465659732117412
frozenset({'ROSES REGENCY TEACUP AND SAUCER'}),frozenset({'SET OF 3 REGENCY CAKE TINS'}),0.051264195414613245,0.03889007928005143,0.010820655667452325,0.21107628004179727,5.427509636116076,1.0,0.008826987043549967,1.2182545617602527,0.8598320336804727,0.13639432815665092,0.179153494360733,0.24465659732117412
frozenset({'ROSES REGENCY TEACUP AND SAUCER'}),frozenset({'WHITE HANGING HEART T-LIGHT HOLDER'}),0.051264195414613245,0.11602742661238483,0.013284765373901865,0.25914315569487983,2.2334646493591954,1.0,0.007336712702589872,1.1931759558983746,0.582106345427755,0.08626086956521739,0.16190064419537128,0.18681996196563014
frozenset({'SET OF 12 MINI LOAF BAKING CASES'}),frozenset({'SET OF 12 FAIRY CAKE BAKING CASES'}),0.020569959288622243,0.025283908292264838,0.01398114420398543,0.6796875,26.88221663135593,1.0,0.013461055239756284,3.0430160911851245,0.9830213967616935,0.4386554621848739,0.6713786683886569,0.6163268008474576
frozenset({'SET OF 12 FAIRY CAKE BAKING CASES'}),frozenset({'SET OF 12 MINI LOAF BAKING CASES'}),0.025283908292264838,0.020569959288622243,0.01398114420398543,0.5529661016949152,26.882216631355927,1.0,0.013461055239756284,2.1909525081316126,0.9877755121120468,0.4386554621848739,0.5435775096500042,0.6163268008474576
frozenset({'SET OF 6 SNACK LOAF BAKING CASES'}),frozenset({'SET OF 12 FAIRY CAKE BAKING CASES'}),0.016284551103492608,0.025283908292264838,0.01162416970216413,0.7138157894736842,28.232019402319356,1.0,0.011212432605482724,3.405904504358063,0.9805469928642194,0.3881932021466905,0.7063922377387742,0.5867807760927743
frozenset({'SET OF 12 FAIRY CAKE BAKING CASES'}),frozenset({'SET OF 6 SNACK LOAF BAKING CASES'}),0.025283908292264838,0.016284551103492608,0.01162416970216413,0.4597457627118644,28.232019402319356,1.0,0.011212432605482724,1.8208380073692216,0.9896001855879603,0.3881932021466905,0.4508023251091856,0.5867807760927743
frozenset({'SET OF 6 TEA TIME BAKING CASES'}),frozenset({'SET OF 12 FAIRY CAKE BAKING CASES'}),0.017248767945146775,0.025283908292264838,0.01162416970216413,0.6739130434782609,26.65383198231393,1.0,0.011188053435284482,2.989129347903721,0.979374953844206,0.37608318890814557,0.6654544238102975,0.5668294030950627
frozenset({'SET OF 12 FAIRY CAKE BAKING CASES'}),frozenset({'SET OF 6 TEA TIME BAKING CASES'}),0.025283908292264838,0.017248767945146775,0.01162416970216413,0.4597457627118644,26.65383198231393,1.0,0.011188053435284482,1.8190532609015324,0.9874484998475381,0.37608318890814557,0.4502634851360015,0.5668294030950627
frozenset({'SET OF 12 MINI LOAF BAKING CASES'}),frozenset({'SET OF 6 SNACK LOAF BAKING CASES'}),0.020569959288622243,0.016284551103492608,0.010820655667452325,0.5260416666666666,32.303111293859644,1.0,0.010485683114219994,2.0755314965728506,0.9893950453894657,0.4156378600823045,0.5181956999201336,0.5952576754385965
frozenset({'SET OF 6 SNACK LOAF BAKING CASES'}),frozenset({'SET OF 12 MINI LOAF BAKING CASES'}),0.016284551103492608,0.020569959288622243,0.010820655667452325,0.6644736842105263,32.303111293859644,1.0,0.010485683114219994,2.9190856115319495,0.9850848948976797,0.4156378600823045,0.6574269709495791,0.5952576754385965
frozenset({'SET OF 6 TEA TIME BAKING CASES'}),frozenset({'SET OF 12 MINI LOAF BAKING CASES'}),0.017248767945146775,0.020569959288622243,0.01039211484893936,0.6024844720496894,29.28953157349896,1.0,0.010037308394528799,2.463878696164559,0.9828103769354479,0.37890625,0.5941358632806607,0.5538464026915113
frozenset({'SET OF 12 MINI LOAF BAKING CASES'}),frozenset({'SET OF 6 TEA TIME BAKING CASES'}),0.020569959288622243,0.017248767945146775,0.01039211484893936,0.5052083333333333,29.289531573498962,1.0,0.010037308394528799,1.9861919637319136,0.9861430308060453,0.37890625,0.49652399251426277,0.5538464026915113
frozenset({'SET OF 3 BUTTERFLY COOKIE CUTTERS'}),frozenset({'SET OF 3 HEART COOKIE CUTTERS'}),0.03396185986715235,0.0335868866509535,0.01532033426183844,0.4511041009463722,13.430959101223088,1.0,0.014179661124024827,1.7606491777680904,0.9580834492113188,0.2933333333333333,0.4320276789793735,0.4536222259117826
frozenset({'SET OF 3 HEART COOKIE CUTTERS'}),frozenset({'SET OF 3 BUTTERFLY COOKIE CUTTERS'}),0.0335868866509535,0.03396185986715235,0.01532033426183844,0.45614035087719296,13.430959101223088,1.0,0.014179661124024827,1.7762636770184617,0.9577117079472826,0.2933333333333333,0.4370205206928823,0.4536222259117826
frozenset({'SET OF 3 REGENCY CAKE TINS'}),frozenset({'SET OF 3 CAKE TINS PANTRY DESIGN'}),0.03889007928005143,0.06647739447182344,0.01290979215770302,0.33195592286501374,4.993515848544784,1.0,0.010324481016362554,1.3973967249761983,0.8321007617445053,0.13962920046349941,0.2843836098034129,0.26307707505055683
frozenset({'SET OF 3 CAKE TINS PANTRY DESIGN'}),frozenset({'SET OF 4 PANTRY JELLY MOULDS'}),0.06647739447182344,0.05356760231412042,0.015159631454896079,0.22804190169218375,4.257086220789686,1.0,0.011598596824950534,1.2260152458540465,0.8195811665461235,0.14453524004085802,0.18434945782146742,0.25552095084609183
frozenset({'SET OF 4 PANTRY JELLY MOULDS'}),frozenset({'SET OF 3 CAKE TINS PANTRY DESIGN'}),0.05356760231412042,0.06647739447182344,0.015159631454896079,0.283,4.257086220789685,1.0,0.011598596824950534,1.3019841081285586,0.8084016860651627,0.14453524004085802,0.23194147013255292,0.25552095084609183
frozenset({'SET OF 6 SPICE TINS PANTRY DESIGN'}),frozenset({'SET OF 3 CAKE TINS PANTRY DESIGN'}),0.041247053781872725,0.06647739447182344,0.02051639168630812,0.49740259740259735,7.482281779461473,1.0,0.01777439502125005,1.857396398596113,0.9036227044636753,0.23525798525798525,0.4616119635227915,0.4030123381855856
frozenset({'SET OF 3 CAKE TINS PANTRY DESIGN'}),frozenset({'SET OF 6 SPICE TINS PANTRY DESIGN'}),0.06647739447182344,0.041247053781872725,0.02051639168630812,0.30862207896857374,7.4822817794614735,1.0,0.01777439502125005,1.3867277462199252,0.9280449397194502,0.23525798525798525,0.2788779176547846,0.4030123381855856
frozenset({'SET OF TEA COFFEE SUGAR TINS PANTRY'}),frozenset({'SET OF 3 CAKE TINS PANTRY DESIGN'}),0.021212770516391685,0.06647739447182344,0.012481251339190058,0.5883838383838385,8.85088597497945,1.0,0.011071081625731623,2.267944489504037,0.9062408394278542,0.16595441595441598,0.5590721004733744,0.38806782571891363
frozenset({'SET OF 3 CAKE TINS PANTRY DESIGN'}),frozenset({'WHITE HANGING HEART T-LIGHT HOLDER'}),0.06647739447182344,0.11602742661238483,0.01660595671737733,0.24979854955680902,2.1529267419789986,1.0,0.00889275570891528,1.1783136021203333,0.5736508236200039,0.10009686793671295,0.15132949479617688,0.19645975492614226
frozenset({'SET OF 3 WOODEN HEART DECORATIONS'}),frozenset({'SET OF 3 WOODEN STOCKING DECORATION'}),0.022819798585815298,0.015748875080351405,0.011088493679022928,0.48591549295774655,30.85398102903133,1.0,0.010729107521736144,1.9145706813505494,0.9901850960278002,0.4035087719298246,0.4776896931824977,0.5949985628054039
frozenset({'SET OF 3 WOODEN STOCKING DECORATION'}),frozenset({'SET OF 3 WOODEN HEART DECORATIONS'}),0.015748875080351405,0.022819798585815298,0.011088493679022928,0.7040816326530612,30.85398102903133,1.0,0.010729107521736144,3.302195163399659,0.9830715424915168,0.4035087719298246,0.6971711390399817,0.5949985628054039
frozenset({'SET OF 3 WOODEN HEART DECORATIONS'}),frozenset({'SET OF 3 WOODEN TREE DECORATIONS'}),0.022819798585815298,0.014784658238697236,0.010820655667452325,0.47417840375586856,32.072327685922296,1.0,0.010483272744285139,1.8736684624567632,0.9914450495592263,0.40399999999999997,0.4662876490492907,0.6030312308634415
frozenset({'SET OF 3 WOODEN TREE DECORATIONS'}),frozenset({'SET OF 3 WOODEN HEART DECORATIONS'}),0.014784658238697236,0.022819798585815298,0.010820655667452325,0.7318840579710144,32.072327685922296,1.0,0.010483272744285139,3.644618048517769,0.9833591014603853,0.40399999999999997,0.72562282612668,0.6030312308634415
frozenset({'SET OF 3 WOODEN SLEIGH DECORATIONS'}),frozenset({'SET OF 3 WOODEN STOCKING DECORATION'}),0.014677523034068995,0.015748875080351405,0.01012427683736876,0.6897810218978102,43.79874869655891,1.0,0.009893122360616227,3.172762449740985,0.9917243545600619,0.4986807387862796,0.6848172481108262,0.6663190823774765
frozenset({'SET OF 3 WOODEN STOCKING DECORATION'}),frozenset({'SET OF 3 WOODEN SLEIGH DECORATIONS'}),0.015748875080351405,0.014677523034068995,0.01012427683736876,0.6428571428571428,43.79874869655891,1.0,0.009893122360616227,2.758902935504606,0.9928038411765417,0.4986807387862796,0.6375370850743254,0.6663190823774765
frozenset({'SET OF 3 WOODEN TREE DECORATIONS'}),frozenset({'SET OF 3 WOODEN SLEIGH DECORATIONS'}),0.014784658238697236,0.014677523034068995,0.01007070923505464,0.6811594202898551,46.4083359779964,1.0,0.009853707073205323,3.0903295868476928,0.9931353132259169,0.5193370165745858,0.6764099194286732,0.6836454035755846
frozenset({'SET OF 3 WOODEN SLEIGH DECORATIONS'}),frozenset({'SET OF 3 WOODEN TREE DECORATIONS'}),0.014677523034068995,0.014784658238697236,0.01007070923505464,0.6861313868613139,46.40833597799641,1.0,0.009853707073205323,3.1389419028208954,0.9930273285229457,0.5193370165745858,0.6814213098046438,0.6836454035755846
frozenset({'SET OF 3 WOODEN TREE DECORATIONS'}),frozenset({'SET OF 3 WOODEN STOCKING DECORATION'}),0.014784658238697236,0.015748875080351405,0.011195628883651167,0.7572463768115941,48.082569259587885,1.0,0.010962787147944237,4.054527022057059,0.9938968679954464,0.5789473684210524,0.7533621074517709,0.7340653652765453
frozenset({'SET OF 3 WOODEN STOCKING DECORATION'}),frozenset({'SET OF 3 WOODEN TREE DECORATIONS'}),0.015748875080351405,0.014784658238697236,0.011195628883651167,0.7108843537414965,48.082569259587885,1.0,0.010962787147944237,3.407686005621446,0.9948705342425301,0.5789473684210524,0.7065457326906404,0.7340653652765453
frozenset({'SET OF 6 SPICE TINS PANTRY DESIGN'}),frozenset({'SET OF 4 PANTRY JELLY MOULDS'}),0.041247053781872725,0.05356760231412042,0.010499250053567602,0.2545454545454545,4.751854545454544,1.0,0.008289744279951106,1.2696044359200824,0.8235237775968584,0.12452350698856414,0.21235309856545986,0.22527272727272724
frozenset({'SET OF 4 PANTRY JELLY MOULDS'}),frozenset({'WHITE HANGING HEART T-LIGHT HOLDER'}),0.05356760231412042,0.11602742661238483,0.013659738590100707,0.255,2.197756232686981,1.0,0.007444427543797684,1.1865403669632417,0.575836673813741,0.08759876331157677,0.15721367107017334,0.18636426592797783
frozenset({'SET OF 6 SPICE TINS PANTRY DESIGN'}),frozenset({'WHITE HANGING HEART T-LIGHT HOLDER'}),0.041247053781872725,0.11602742661238483,0.010820655667452325,0.2623376623376623,2.2609969900828624,1.0,0.006034866161798997,1.1983431012472952,0.5817111043990755,0.07388441843452816,0.1655144516131063,0.17779856339413125
frozenset({'SET OF 60 PANTRY DESIGN CAKE CASES'}),frozenset({'SET OF 60 I LOVE LONDON CAKE CASES'}),0.02919434326119563,0.020034283265481036,0.010284979644311121,0.3522935779816514,17.584536133052055,1.0,0.009700091901666642,1.5129782312190165,0.9714939809450238,0.26409903713892713,0.3390519576780075,0.43283128096943535
frozenset({'SET OF 60 I LOVE LONDON CAKE CASES'}),frozenset({'SET OF 60 PANTRY DESIGN CAKE CASES'}),0.020034283265481036,0.02919434326119563,0.010284979644311121,0.5133689839572193,17.584536133052055,1.0,0.009700091901666642,1.9949522836280926,0.9624131090339274,0.26409903713892713,0.49873487791830107,0.43283128096943535
frozenset({'SET OF 60 PANTRY DESIGN CAKE CASES'}),frozenset({'SET OF 60 VINTAGE LEAF CAKE CASES'}),0.02919434326119563,0.01773087636597386,0.010874223269766446,0.3724770642201835,21.007256298677902,1.0,0.010356581978816384,1.5653119075454514,0.9810381658557057,0.30163447251114417,0.3611496883275555,0.49288505778985003
frozenset({'SET OF 60 VINTAGE LEAF CAKE CASES'}),frozenset({'SET OF 60 PANTRY DESIGN CAKE CASES'}),0.01773087636597386,0.02919434326119563,0.010874223269766446,0.6132930513595166,21.007256298677902,1.0,0.010356581978816384,2.510442752973002,0.9695890647217623,0.30163447251114417,0.6016638902377893,0.49288505778985003
frozenset({'SET/6 RED SPOTTY PAPER CUPS'}),frozenset({'SET/20 RED RETROSPOT PAPER NAPKINS'}),0.017141632740518536,0.04499678594386115,0.011892007713734734,0.69375,15.417767857142856,1.0,0.01112068933458134,3.1183778418159633,0.9514491600822536,0.23667377398720682,0.6793204509759928,0.47901785714285716
frozenset({'SET/20 RED RETROSPOT PAPER NAPKINS'}),frozenset({'SET/6 RED SPOTTY PAPER CUPS'}),0.04499678594386115,0.017141632740518536,0.011892007713734734,0.2642857142857143,15.417767857142856,1.0,0.01112068933458134,1.3359239943332757,0.9792006500554852,0.23667377398720682,0.2514544208788813,0.47901785714285716
frozenset({'SET/6 RED SPOTTY PAPER PLATES'}),frozenset({'SET/20 RED RETROSPOT PAPER NAPKINS'}),0.022391257767302334,0.04499678594386115,0.015534604671094921,0.6937799043062202,15.418432444748236,1.0,0.0145270700383258,3.118682370902079,0.95656117146906,0.29958677685950413,0.6793517642802624,0.5195089997721577
frozenset({'SET/20 RED RETROSPOT PAPER NAPKINS'}),frozenset({'SET/6 RED SPOTTY PAPER PLATES'}),0.04499678594386115,0.022391257767302334,0.015534604671094921,0.34523809523809523,15.418432444748236,1.0,0.0145270700383258,1.4930751699553928,0.9792035774798264,0.29958677685950413,0.3302413568166993,0.5195089997721577
frozenset({'SET/20 RED RETROSPOT PAPER NAPKINS'}),frozenset({'WHITE HANGING HEART T-LIGHT HOLDER'}),0.04499678594386115,0.11602742661238483,0.01162416970216413,0.2583333333333333,2.2264850723299476,1.0,0.006403308423269592,1.1918731326574585,0.5768164612389355,0.07780566511294369,0.16098452712802486,0.17925900277008308
frozenset({'SET/5 RED RETROSPOT LID GLASS BOWLS'}),frozenset({'WHITE HANGING HEART T-LIGHT HOLDER'}),0.04371116348832226,0.11602742661238483,0.012213413327619455,0.27941176470588236,2.4081527347781218,1.0,0.007141719513836189,1.2267374487828129,0.6114721039659422,0.08278867102396514,0.18482964631738044,0.1923374613003096
frozenset({'SET/6 RED SPOTTY PAPER PLATES'}),frozenset({'SET/6 RED SPOTTY PAPER CUPS'}),0.022391257767302334,0.017141632740518536,0.013606170987786586,0.6076555023923446,35.4491028708134,1.0,0.013222348270541206,2.505090228746728,0.9940485384532411,0.524793388429752,0.6008127817015636,0.7007027511961722
frozenset({'SET/6 RED SPOTTY PAPER CUPS'}),frozenset({'SET/6 RED SPOTTY PAPER PLATES'}),0.017141632740518536,0.022391257767302334,0.013606170987786586,0.7937499999999998,35.44910287081339,1.0,0.013222348270541206,4.739921174461561,0.9887391446899745,0.524793388429752,0.7890260273972601,0.7007027511961722
frozenset({'STRAWBERRY LUNCH BOX WITH CUTLERY'}),frozenset({'SKULL LUNCH BOX WITH CUTLERY'}),0.02410542104135419,0.018909363616884507,0.010338547246625241,0.4288888888888889,22.681296820900222,1.0,0.009882729075016175,1.7178629819937818,0.9795226152805656,0.31639344262295077,0.4178813965480632,0.48781554926030846
frozenset({'SKULL LUNCH BOX WITH CUTLERY'}),frozenset({'STRAWBERRY LUNCH BOX WITH CUTLERY'}),0.018909363616884507,0.02410542104135419,0.010338547246625241,0.546742209631728,22.68129682090022,1.0,0.009882729075016175,2.1530674148275124,0.9743348624177639,0.31639344262295077,0.5355463590627456,0.48781554926030846
frozenset({'SKULL SHOULDER BAG'}),frozenset({'SUKI SHOULDER BAG'}),0.02158774373259053,0.027158774373259052,0.013499035783158345,0.6253101736972704,23.024241267417445,1.0,0.012912739121897181,2.596390820712427,0.9776732757159803,0.38297872340425526,0.6148499709586831,0.5611757969078068
frozenset({'SUKI SHOULDER BAG'}),frozenset({'SKULL SHOULDER BAG'}),0.027158774373259052,0.02158774373259053,0.013499035783158345,0.4970414201183432,23.024241267417445,1.0,0.012912739121897181,1.9453137801081435,0.9832719773664655,0.38297872340425526,0.48594411337362337,0.5611757969078068
frozenset({'SKULL SHOULDER BAG'}),frozenset({'WOODLAND CHARLOTTE BAG'}),0.02158774373259053,0.03658667238054425,0.01017784443968288,0.47146401985111663,12.886223019883813,1.0,0.009388020732303444,1.8227961081250736,0.9427495785727664,0.21205357142857142,0.45139228927331915,0.3748242500426886
frozenset({'WOODLAND CHARLOTTE BAG'}),frozenset({'SKULL SHOULDER BAG'}),0.03658667238054425,0.02158774373259053,0.01017784443968288,0.2781844802342606,12.886223019883815,1.0,0.009388020732303444,1.355487973692983,0.9574268030376191,0.21205357142857142,0.2622583015063333,0.3748242500426886
frozenset({'SMALL CHOCOLATES PINK BOWL'}),frozenset({'SMALL DOLLY MIX DESIGN ORANGE BOWL'}),0.012856224555388901,0.027319477180201415,0.010713520462824084,0.8333333333333333,30.503267973856207,1.0,0.010362295129459591,5.836083136918789,0.9798133275450401,0.36363636363636354,0.8286522010500421,0.6127450980392156
frozenset({'SMALL DOLLY MIX DESIGN ORANGE BOWL'}),frozenset({'SMALL CHOCOLATES PINK BOWL'}),0.027319477180201415,0.012856224555388901,0.010713520462824084,0.39215686274509803,30.503267973856207,1.0,0.010362295129459591,1.62401072734436,0.9943826412600506,0.36363636363636354,0.38424052060589814,0.6127450980392156
frozenset({'SMALL CHOCOLATES PINK BOWL'}),frozenset({'SMALL MARSHMALLOWS PINK BOWL'}),0.012856224555388901,0.02303406899507178,0.010552817655881723,0.8208333333333333,35.63562015503876,1.0,0.010256686492456759,5.45283310328332,0.9845963822433088,0.4164904862579281,0.8166090945644624,0.6394864341085271
frozenset({'SMALL MARSHMALLOWS PINK BOWL'}),frozenset({'SMALL CHOCOLATES PINK BOWL'}),0.02303406899507178,0.012856224555388901,0.010552817655881723,0.45813953488372094,35.63562015503876,1.0,0.010256686492456759,1.8217674825801835,0.9948537192663501,0.4164904862579281,0.45108252860914383,0.6394864341085271
frozenset({'SMALL DOLLY MIX DESIGN ORANGE BOWL'}),frozenset({'SMALL MARSHMALLOWS PINK BOWL'}),0.027319477180201415,0.02303406899507178,0.01794514677523034,0.6568627450980392,28.51700866393069,1.0,0.017315868052952293,2.847157856071505,0.9920350883538033,0.5537190082644627,0.6487725477294767,0.7179662562699498
frozenset({'SMALL MARSHMALLOWS PINK BOWL'}),frozenset({'SMALL DOLLY MIX DESIGN ORANGE BOWL'}),0.02303406899507178,0.027319477180201415,0.01794514677523034,0.7790697674418605,28.51700866393069,1.0,0.017315868052952293,4.402659208552773,0.9876835801254721,0.5537190082644627,0.772864545577963,0.7179662562699498
frozenset({'SMALL GLASS HEART TRINKET POT'}),frozenset({'WHITE HANGING HEART T-LIGHT HOLDER'}),0.0283372616241697,0.11602742661238483,0.010338547246625241,0.3648393194706995,3.144423091356887,1.0,0.0070506477031309425,1.391730628934668,0.7018655877596922,0.07713828936850521,0.28147015003508774,0.22697182963378004
frozenset({'SMALL WHITE HEART OF WICKER'}),frozenset({'WHITE HANGING HEART T-LIGHT HOLDER'}),0.032836940218555814,0.11602742661238483,0.01012427683736876,0.3083197389885808,2.6573005020493197,1.0,0.006314291165985007,1.2780075176570946,0.6448532482318138,0.07297297297297296,0.2175319893006197,0.19778867835855632
frozenset({'STRAWBERRY CERAMIC TRINKET BOX'}),frozenset({'SWEETHEART CERAMIC TRINKET BOX'}),0.03433683308335119,0.025658881508463682,0.013659738590100707,0.39781591263650545,15.50402391878556,1.0,0.012778693858639103,1.6180120646452716,0.9687649353855926,0.2947976878612717,0.3819576368738405,0.46508749702806484
frozenset({'SWEETHEART CERAMIC TRINKET BOX'}),frozenset({'STRAWBERRY CERAMIC TRINKET BOX'}),0.025658881508463682,0.03433683308335119,0.013659738590100707,0.5323590814196242,15.50402391878556,1.0,0.012778693858639103,2.064967218540512,0.9601366479848303,0.2947976878612717,0.5157308111134157,0.46508749702806484
frozenset({'STRAWBERRY CERAMIC TRINKET BOX'}),frozenset({'WHITE HANGING HEART T-LIGHT HOLDER'}),0.03433683308335119,0.11602742661238483,0.010499250053567602,0.30577223088923555,2.635344416546745,1.0,0.006515235672887364,1.273317796722385,0.6426080833398429,0.07506702412868632,0.21465010339596713,0.19813080611867134
frozenset({'STRAWBERRY CHARLOTTE BAG'}),frozenset({'WOODLAND CHARLOTTE BAG'}),0.03605099635740304,0.03658667238054425,0.020034283265481036,0.5557206537890045,15.189155439140754,1.0,0.01871529727276054,2.168485516681919,0.969100596868114,0.38085539714867617,0.5388486608247504,0.5516524205987482
frozenset({'WOODLAND CHARLOTTE BAG'}),frozenset({'STRAWBERRY CHARLOTTE BAG'}),0.03658667238054425,0.03605099635740304,0.020034283265481036,0.5475841874084919,15.189155439140755,1.0,0.01871529727276054,2.1306704514171315,0.9696394351204732,0.38085539714867617,0.5306641628531107,0.5516524205987482
frozenset({'SUKI SHOULDER BAG'}),frozenset({'WHITE HANGING HEART T-LIGHT HOLDER'}),0.027158774373259052,0.11602742661238483,0.01012427683736876,0.3727810650887574,3.2128702322608143,1.0,0.006973114136893127,1.4093524990802544,0.7079796843576371,0.07608695652173914,0.2904543039072187,0.23001934140864463
frozenset({'TRAVEL CARD WALLET VINTAGE TICKET'}),frozenset({'TRAVEL CARD WALLET KEEP CALM'}),0.02164131133490465,0.02812299121491322,0.011302764088279408,0.5222772277227723,18.571183404054693,1.0,0.010694145679728683,2.03439539662785,0.9670820592344406,0.29387186629526457,0.5084534689482838,0.4620909948137671
frozenset({'TRAVEL CARD WALLET KEEP CALM'}),frozenset({'TRAVEL CARD WALLET VINTAGE TICKET'}),0.02812299121491322,0.02164131133490465,0.011302764088279408,0.4019047619047619,18.57118340405469,1.0,0.010694145679728683,1.6357908011120224,0.9735317604507425,0.29387186629526457,0.3886748847589846,0.4620909948137671
frozenset({'VICTORIAN GLASS HANGING T-LIGHT'}),frozenset({'WHITE HANGING HEART T-LIGHT HOLDER'}),0.05367473751874866,0.11602742661238483,0.015159631454896079,0.28243512974051893,2.43421006555679,1.0,0.00893188978650045,1.231906145388582,0.6226074002125822,0.09809358752166378,0.18824984862416722,0.20654535803738783
frozenset({'VINTAGE SNAP CARDS'}),frozenset({'VINTAGE HEADS AND TAILS CARD GAME'}),0.04687165202485537,0.029569316477394473,0.0178380115706021,0.3805714285714286,12.870484472049691,1.0,0.016452048858060845,1.5666547012588188,0.9676586044820744,0.3043875685557587,0.3616972526259345,0.49191614906832304
frozenset({'VINTAGE HEADS AND TAILS CARD GAME'}),frozenset({'VINTAGE SNAP CARDS'}),0.029569316477394473,0.04687165202485537,0.0178380115706021,0.6032608695652174,12.87048447204969,1.0,0.016452048858060845,2.402405699005844,0.9504056938369149,0.3043875685557587,0.583750571182121,0.49191614906832304
frozenset({'VINTAGE SNAP CARDS'}),frozenset({'WHITE HANGING HEART T-LIGHT HOLDER'}),0.04687165202485537,0.11602742661238483,0.011195628883651167,0.23885714285714285,2.05862656641604,1.0,0.005757231718136022,1.1613753779491942,0.5395278020467701,0.0737994350282486,0.13895195387572068,0.16767418546365914
frozenset({'WOODEN BOX OF DOMINOES'}),frozenset({'VINTAGE SNAP CARDS'}),0.02914077565888151,0.04687165202485537,0.012106278122991214,0.4154411764705882,8.863378151260504,1.0,0.010740401826573745,1.6305088720077945,0.9138051925476999,0.18943839061190273,0.38669453618574384,0.33686344537815127
frozenset({'VINTAGE SNAP CARDS'}),frozenset({'WOODEN BOX OF DOMINOES'}),0.04687165202485537,0.02914077565888151,0.012106278122991214,0.2582857142857143,8.863378151260504,1.0,0.010740401826573745,1.3089396322010456,0.9308045472789587,0.18943839061190273,0.23602282687517734,0.33686344537815127
frozenset({'WOOD 2 DRAWER CABINET WHITE FINISH'}),frozenset({'WHITE HANGING HEART T-LIGHT HOLDER'}),0.028605099635740303,0.11602742661238483,0.010017141632740518,0.350187265917603,3.018142142266765,1.0,0.006698165534014705,1.3603497238875693,0.688360977606399,0.07441305212892957,0.2648949145648899,0.21826076130598526
frozenset({'WOOD BLACK BOARD ANT WHITE FINISH'}),frozenset({'WHITE HANGING HEART T-LIGHT HOLDER'}),0.03503321191343475,0.11602742661238483,0.010767088065138205,0.30733944954128445,2.6488517285487987,1.0,0.006702274640856028,1.2761988145596035,0.6450770462111558,0.07674684994272624,0.21642303018038409,0.20006861673740123
frozenset({'WOODEN FRAME ANTIQUE WHITE'}),frozenset({'WHITE HANGING HEART T-LIGHT HOLDER'}),0.05046068137990144,0.11602742661238483,0.017784443968287978,0.3524416135881104,3.037571580084416,1.0,0.01192962096267053,1.365085514969071,0.7064369403598824,0.11959654178674353,0.2674451607358408,0.25285977262969694
frozenset({'WOODEN PICTURE FRAME WHITE FINISH'}),frozenset({'WHITE HANGING HEART T-LIGHT HOLDER'}),0.05763874008999357,0.11602742661238483,0.02164131133490465,0.3754646840148699,3.2359994095981492,1.0,0.014953636649082596,1.4154084657218362,0.7332394562785064,0.14235377026074703,0.2934901661125676,0.2809918064580351
frozenset({'WOODLAND CHARLOTTE BAG'}),frozenset({'WHITE HANGING HEART T-LIGHT HOLDER'}),0.03658667238054425,0.11602742661238483,0.010284979644311121,0.28111273792093705,2.4228128307978083,1.0,0.006039922199686157,1.2296400562601653,0.6095583124826245,0.07226194956718104,0.1867538838630501,0.18487769860035774
frozenset({'ZINC METAL HEART DECORATION'}),frozenset({'WHITE HANGING HEART T-LIGHT HOLDER'}),0.027426612384829654,0.11602742661238483,0.010927790872080565,0.3984375,3.4339941135734073,1.0,0.007745551616373417,1.4694609012157758,0.7287819291629408,0.08245755860953921,0.3194783208095988,0.24631016274238227
frozenset({'WOOD 2 DRAWER CABINET WHITE FINISH'}),frozenset({'WOODEN FRAME ANTIQUE WHITE'}),0.028605099635740303,0.05046068137990144,0.010499250053567602,0.36704119850187267,7.273805831882122,1.0,0.009055817235008175,1.5001597519027592,0.8879194117263095,0.15312499999999998,0.33340432661812924,0.2875545695269448
frozenset({'WOODEN FRAME ANTIQUE WHITE'}),frozenset({'WOOD 2 DRAWER CABINET WHITE FINISH'}),0.05046068137990144,0.028605099635740303,0.010499250053567602,0.20806794055201697,7.273805831882122,1.0,0.009055817235008175,1.2266139358487032,0.9083566857861275,0.15312499999999998,0.18474756337405168,0.2875545695269448
frozenset({'WOOD 2 DRAWER CABINET WHITE FINISH'}),frozenset({'WOODEN PICTURE FRAME WHITE FINISH'}),0.028605099635740303,0.05763874008999357,0.011409899292907649,0.39887640449438205,6.920283196190637,1.0,0.009761137389754844,1.5676663949904779,0.8806894526972134,0.15246957766642805,0.36210918139501613,0.29841589741447727
frozenset({'WOODEN FRAME ANTIQUE WHITE'}),frozenset({'WOODEN PICTURE FRAME WHITE FINISH'}),0.05046068137990144,0.05763874008999357,0.02828369402185558,0.5605095541401274,9.72452821253522,1.0,0.025375203923035463,2.1442133015343625,0.9448447580851959,0.35436241610738256,0.5336284877607945,0.5256079369213649
frozenset({'WOODEN PICTURE FRAME WHITE FINISH'}),frozenset({'WOODEN FRAME ANTIQUE WHITE'}),0.05763874008999357,0.05046068137990144,0.02828369402185558,0.49070631970260226,9.72452821253522,1.0,0.025375203923035463,1.8644239175825295,0.952041733845963,0.35436241610738256,0.46364129393028203,0.5256079369213649
frozenset({'WOODEN HEART CHRISTMAS SCANDINAVIAN'}),frozenset({'WOODEN STAR CHRISTMAS SCANDINAVIAN'}),0.027265909577887295,0.025658881508463682,0.019712877651596315,0.7229862475442043,28.17684189802757,1.0,0.01901326490851682,3.51730233554746,0.9915452452610636,0.5935483870967742,0.7156912017788337,0.7456267354631251
frozenset({'WOODEN STAR CHRISTMAS SCANDINAVIAN'}),frozenset({'WOODEN HEART CHRISTMAS SCANDINAVIAN'}),0.025658881508463682,0.027265909577887295,0.019712877651596315,0.7682672233820459,28.17684189802757,1.0,0.01901326490851682,4.197654318127855,0.9899098415908325,0.5935483870967742,0.7617717124343869,0.7456267354631251
frozenset({'WOODEN HEART CHRISTMAS SCANDINAVIAN'}),frozenset({'WOODEN TREE CHRISTMAS SCANDINAVIAN'}),0.027265909577887295,0.01660595671737733,0.012427683736875937,0.45579567779960706,27.447721655364727,1.0,0.011974907222565617,1.8070309315193318,0.9905760608874483,0.3952299829642248,0.4466060416800885,0.6020913872869003
frozenset({'WOODEN TREE CHRISTMAS SCANDINAVIAN'}),frozenset({'WOODEN HEART CHRISTMAS SCANDINAVIAN'}),0.01660595671737733,0.027265909577887295,0.012427683736875937,0.7483870967741936,27.447721655364724,1.0,0.011974907222565617,3.865994461934038,0.9798382552377803,0.3952299829642248,0.7413343423415741,0.6020913872869003
frozenset({'WOODEN TREE CHRISTMAS SCANDINAVIAN'}),frozenset({'WOODEN STAR CHRISTMAS SCANDINAVIAN'}),0.01660595671737733,0.025658881508463682,0.014088279408613671,0.8483870967741937,33.064071654656885,1.0,0.01366218913286781,6.4265052496250314,0.9861313454376145,0.5000000000000001,0.8443944319413189,0.6987238197858443
frozenset({'WOODEN STAR CHRISTMAS SCANDINAVIAN'}),frozenset({'WOODEN TREE CHRISTMAS SCANDINAVIAN'}),0.025658881508463682,0.01660595671737733,0.014088279408613671,0.5490605427974948,33.064071654656885,1.0,0.01366218913286781,2.1807673459832237,0.9952938171171438,0.5000000000000001,0.5414458117956005,0.6987238197858443
"frozenset({'60 TEATIME FAIRY CAKE CASES', 'PACK OF 60 PINK PAISLEY CAKE CASES'})",frozenset({'PACK OF 72 RETROSPOT CAKE CASES'}),0.017141632740518536,0.06047782301264196,0.010713520462824084,0.6249999999999999,10.334366696191317,1.0,0.009676831831795294,2.5053924719662874,0.9189884456071507,0.16012810248198558,0.6008609384799588,0.40107395925597866
"frozenset({'60 TEATIME FAIRY CAKE CASES', 'PACK OF 72 RETROSPOT CAKE CASES'})",frozenset({'PACK OF 60 PINK PAISLEY CAKE CASES'}),0.02190914934647525,0.04183629740732805,0.010713520462824084,0.48899755501222497,11.688356410970828,1.0,0.009796922774823379,1.8750667672746548,0.9349282545593955,0.20202020202020202,0.4666856575707618,0.3725397506175081
"frozenset({'PACK OF 60 PINK PAISLEY CAKE CASES', 'PACK OF 72 RETROSPOT CAKE CASES'})",frozenset({'60 TEATIME FAIRY CAKE CASES'}),0.020302121277051638,0.04033640454253268,0.010713520462824084,0.5277044854881267,13.082586102380276,1.0,0.009894605885921368,2.031913422784246,0.9427013505385752,0.21459227467811157,0.5078530468932374,0.39665436757806066
frozenset({'60 TEATIME FAIRY CAKE CASES'}),"frozenset({'PACK OF 60 PINK PAISLEY CAKE CASES', 'PACK OF 72 RETROSPOT CAKE CASES'})",0.04033640454253268,0.020302121277051638,0.010713520462824084,0.2656042496679947,13.082586102380276,1.0,0.009894605885921368,1.3340189921851358,0.9623815238626849,0.21459227467811157,0.2503854848708035,0.39665436757806066
frozenset({'PACK OF 60 PINK PAISLEY CAKE CASES'}),"frozenset({'60 TEATIME FAIRY CAKE CASES', 'PACK OF 72 RETROSPOT CAKE CASES'})",0.04183629740732805,0.02190914934647525,0.010713520462824084,0.2560819462227913,11.688356410970826,1.0,0.009796922774823379,1.3147830539765968,0.9543721697322078,0.20202020202020202,0.2394182470062472,0.3725397506175081
"frozenset({'ALARM CLOCK BAKELIKE RED', 'ALARM CLOCK BAKELIKE GREEN'})",frozenset({'ALARM CLOCK BAKELIKE CHOCOLATE'}),0.030158560102849796,0.02035568887936576,0.010659952860509964,0.3534635879218473,17.364363840329066,1.0,0.0100460545940067,1.5152190856069152,0.9717163558749282,0.2674731182795699,0.34002943237779115,0.4385738992240815
"frozenset({'ALARM CLOCK BAKELIKE RED', 'ALARM CLOCK BAKELIKE CHOCOLATE'})",frozenset({'ALARM CLOCK BAKELIKE GREEN'}),0.013606170987786586,0.04692521962716949,0.010659952860509964,0.7834645669291339,16.696023442275198,1.0,0.010021480298623257,4.4014726220854365,0.9530731751513077,0.2137486573576799,0.7728033124681358,0.5053167583504117
"frozenset({'ALARM CLOCK BAKELIKE GREEN', 'ALARM CLOCK BAKELIKE CHOCOLATE'})",frozenset({'ALARM CLOCK BAKELIKE RED'}),0.013338332976215984,0.04981787015213199,0.010659952860509964,0.7991967871485944,16.04237163708598,1.0,0.009995465520254937,4.731907006642384,0.950341042309108,0.20306122448979597,0.7886687125092998,0.5065876408861252
frozenset({'ALARM CLOCK BAKELIKE RED'}),"frozenset({'ALARM CLOCK BAKELIKE GREEN', 'ALARM CLOCK BAKELIKE CHOCOLATE'})",0.04981787015213199,0.013338332976215984,0.010659952860509964,0.21397849462365592,16.042371637085978,1.0,0.009995465520254937,1.2552603971711616,0.9868266804764606,0.20306122448979597,0.203352545612379,0.5065876408861252
frozenset({'ALARM CLOCK BAKELIKE GREEN'}),"frozenset({'ALARM CLOCK BAKELIKE RED', 'ALARM CLOCK BAKELIKE CHOCOLATE'})",0.04692521962716949,0.013606170987786586,0.010659952860509964,0.2271689497716895,16.696023442275195,1.0,0.010021480298623257,1.276338248470752,0.9863921676728968,0.2137486573576799,0.21650863225469208,0.5053167583504117
frozenset({'ALARM CLOCK BAKELIKE CHOCOLATE'}),"frozenset({'ALARM CLOCK BAKELIKE RED', 'ALARM CLOCK BAKELIKE GREEN'})",0.02035568887936576,0.030158560102849796,0.010659952860509964,0.5236842105263158,17.364363840329062,1.0,0.0100460545940067,2.036131199784072,0.9619928162246051,0.2674731182795699,0.5088725126818704,0.4385738992240815
"frozenset({'ALARM CLOCK BAKELIKE IVORY', 'ALARM CLOCK BAKELIKE RED'})",frozenset({'ALARM CLOCK BAKELIKE GREEN'}),0.018320119991429185,0.04692521962716949,0.01269552174844654,0.6929824561403509,14.767804213730676,1.0,0.011835846094252627,3.104300713214363,0.9496834406950351,0.24159021406727832,0.6778662596238799,0.4817652006729152
"frozenset({'ALARM CLOCK BAKELIKE IVORY', 'ALARM CLOCK BAKELIKE GREEN'})",frozenset({'ALARM CLOCK BAKELIKE RED'}),0.016391686308120847,0.04981787015213199,0.01269552174844654,0.7745098039215688,15.546826902804137,1.0,0.011878922848374097,4.213851184542722,0.9512711309404811,0.23723723723723728,0.7626873954001492,0.5146742567994941
"frozenset({'ALARM CLOCK BAKELIKE RED', 'ALARM CLOCK BAKELIKE GREEN'})",frozenset({'ALARM CLOCK BAKELIKE IVORY'}),0.030158560102849796,0.0280694236125991,0.01269552174844654,0.42095914742451157,14.997071305574012,1.0,0.01184898834937362,1.678518142656769,0.9623431995963537,0.27882352941176475,0.40423640675268857,0.43662461188019475
frozenset({'ALARM CLOCK BAKELIKE IVORY'}),"frozenset({'ALARM CLOCK BAKELIKE RED', 'ALARM CLOCK BAKELIKE GREEN'})",0.0280694236125991,0.030158560102849796,0.01269552174844654,0.4522900763358779,14.997071305574012,1.0,0.01184898834937362,1.770720956467271,0.9602746708935177,0.27882352941176475,0.4352582792067478,0.43662461188019475
frozenset({'ALARM CLOCK BAKELIKE RED'}),"frozenset({'ALARM CLOCK BAKELIKE IVORY', 'ALARM CLOCK BAKELIKE GREEN'})",0.04981787015213199,0.016391686308120847,0.01269552174844654,0.2548387096774194,15.546826902804137,1.0,0.011878922848374097,1.3199938408852059,0.9847356244406988,0.23723723723723728,0.24242070756225167,0.5146742567994941
frozenset({'ALARM CLOCK BAKELIKE GREEN'}),"frozenset({'ALARM CLOCK BAKELIKE IVORY', 'ALARM CLOCK BAKELIKE RED'})",0.04692521962716949,0.018320119991429185,0.01269552174844654,0.2705479452054795,14.767804213730674,1.0,0.011835846094252627,1.3457771125000129,0.9781867543939532,0.24159021406727832,0.2569349034757116,0.4817652006729152
"frozenset({'ALARM CLOCK BAKELIKE RED', 'ALARM CLOCK BAKELIKE GREEN'})",frozenset({'ALARM CLOCK BAKELIKE PINK'}),0.030158560102849796,0.03514034711806299,0.013713306192414827,0.4547069271758437,12.93973920201014,1.0,0.01265352392181972,1.7694331745033567,0.9514119027892847,0.26583592938733125,0.43484726385291195,0.42247541480743406
"frozenset({'ALARM CLOCK BAKELIKE RED', 'ALARM CLOCK BAKELIKE PINK'})",frozenset({'ALARM CLOCK BAKELIKE GREEN'}),0.021052067709449326,0.04692521962716949,0.013713306192414827,0.6513994910941475,13.88165034217528,1.0,0.012725433291542874,2.7340028371279,0.9479180916552667,0.2527147087857848,0.6342359318651948,0.47181846700826097
"frozenset({'ALARM CLOCK BAKELIKE GREEN', 'ALARM CLOCK BAKELIKE PINK'})",frozenset({'ALARM CLOCK BAKELIKE RED'}),0.01874866080994215,0.04981787015213199,0.013713306192414827,0.7314285714285713,14.682052227342549,1.0,0.012779287842658762,3.537912185603762,0.9496951427557594,0.25000000000000006,0.7173474219995811,0.5033486943164363
frozenset({'ALARM CLOCK BAKELIKE RED'}),"frozenset({'ALARM CLOCK BAKELIKE GREEN', 'ALARM CLOCK BAKELIKE PINK'})",0.04981787015213199,0.01874866080994215,0.013713306192414827,0.2752688172043011,14.682052227342549,1.0,0.012779287842658762,1.3539521445797533,0.9807484285150524,0.25000000000000006,0.26142145865104777,0.5033486943164363
frozenset({'ALARM CLOCK BAKELIKE GREEN'}),"frozenset({'ALARM CLOCK BAKELIKE RED', 'ALARM CLOCK BAKELIKE PINK'})",0.04692521962716949,0.021052067709449326,0.013713306192414827,0.2922374429223744,13.88165034217528,1.0,0.012725433291542874,1.3831586914298748,0.973651254777428,0.2527147087857848,0.2770171592051921,0.47181846700826097
frozenset({'ALARM CLOCK BAKELIKE PINK'}),"frozenset({'ALARM CLOCK BAKELIKE RED', 'ALARM CLOCK BAKELIKE GREEN'})",0.03514034711806299,0.030158560102849796,0.013713306192414827,0.3902439024390244,12.939739202010138,1.0,0.01265352392181972,1.5905399614313265,0.9563242560515213,0.26583592938733125,0.3712826937714282,0.42247541480743406
"frozenset({'CHARLOTTE BAG APPLES DESIGN', 'CHARLOTTE BAG PINK POLKADOT'})",frozenset({'RED RETROSPOT CHARLOTTE BAG'}),0.012213413327619455,0.04847868009427898,0.010606385258195843,0.868421052631579,17.91346321605118,1.0,0.010014295100626975,7.231562031283481,0.9558502596463552,0.21176470588235294,0.8617172893388683,0.5436027915091597
"frozenset({'CHARLOTTE BAG APPLES DESIGN', 'RED RETROSPOT CHARLOTTE BAG'})",frozenset({'CHARLOTTE BAG PINK POLKADOT'}),0.015641739875723162,0.036104563959717166,0.010606385258195843,0.6780821917808219,18.78106581033291,1.0,0.010041647060411538,2.994228375784708,0.9617990967577384,0.25781249999999994,0.666024138944336,0.48592536888744353
"frozenset({'CHARLOTTE BAG PINK POLKADOT', 'RED RETROSPOT CHARLOTTE BAG'})",frozenset({'CHARLOTTE BAG APPLES DESIGN'}),0.025658881508463682,0.026515963145489607,0.010606385258195843,0.4133611691022964,15.589144050104384,1.0,0.009926015301762934,1.659426525456621,0.9604981032492166,0.2551546391752577,0.3973821771199951,0.4066805845511482
frozenset({'CHARLOTTE BAG APPLES DESIGN'}),"frozenset({'CHARLOTTE BAG PINK POLKADOT', 'RED RETROSPOT CHARLOTTE BAG'})",0.026515963145489607,0.025658881508463682,0.010606385258195843,0.4,15.589144050104384,1.0,0.009926015301762934,1.6239018641525604,0.961343751719584,0.2551546391752577,0.3841992412996867,0.4066805845511482
frozenset({'CHARLOTTE BAG PINK POLKADOT'}),"frozenset({'CHARLOTTE BAG APPLES DESIGN', 'RED RETROSPOT CHARLOTTE BAG'})",0.036104563959717166,0.015641739875723162,0.010606385258195843,0.29376854599406527,18.781065810332912,1.0,0.010041647060411538,1.3938182086633668,0.982217417029021,0.25781249999999994,0.28254632219292614,0.48592536888744353
frozenset({'RED RETROSPOT CHARLOTTE BAG'}),"frozenset({'CHARLOTTE BAG APPLES DESIGN', 'CHARLOTTE BAG PINK POLKADOT'})",0.04847868009427898,0.012213413327619455,0.010606385258195843,0.21878453038674034,17.91346321605118,1.0,0.010014295100626975,1.2644227170275877,0.9922805149962725,0.21176470588235294,0.2091252501767716,0.5436027915091597
"frozenset({'CHARLOTTE BAG SUKI DESIGN', 'CHARLOTTE BAG APPLES DESIGN'})",frozenset({'RED RETROSPOT CHARLOTTE BAG'}),0.014945361045639597,0.04847868009427898,0.011409899292907649,0.7634408602150538,15.747971246955386,1.0,0.010685367915882588,4.022340125056002,0.9507084379133575,0.21936148300720906,0.7513885029834275,0.4993999881185766
"frozenset({'CHARLOTTE BAG SUKI DESIGN', 'RED RETROSPOT CHARLOTTE BAG'})",frozenset({'CHARLOTTE BAG APPLES DESIGN'}),0.0254446110992072,0.026515963145489607,0.011409899292907649,0.4484210526315789,16.911362041467303,1.0,0.010735210922749755,1.7649042652896654,0.9654332303942934,0.2813738441215324,0.4333970291380793,0.4393620414673046
"frozenset({'CHARLOTTE BAG APPLES DESIGN', 'RED RETROSPOT CHARLOTTE BAG'})",frozenset({'CHARLOTTE BAG SUKI DESIGN'}),0.015641739875723162,0.04306835226055282,0.011409899292907649,0.7294520547945206,16.937078307094662,1.0,0.010736235329972067,3.5370131789863115,0.955910035747791,0.24122310305775763,0.7172755798759578,0.49718871396442443
frozenset({'CHARLOTTE BAG SUKI DESIGN'}),"frozenset({'CHARLOTTE BAG APPLES DESIGN', 'RED RETROSPOT CHARLOTTE BAG'})",0.04306835226055282,0.015641739875723162,0.011409899292907649,0.26492537313432835,16.937078307094662,1.0,0.010736235329972067,1.339126973163991,0.9833073677172753,0.24122310305775763,0.2532448229033327,0.49718871396442443
frozenset({'CHARLOTTE BAG APPLES DESIGN'}),"frozenset({'CHARLOTTE BAG SUKI DESIGN', 'RED RETROSPOT CHARLOTTE BAG'})",0.026515963145489607,0.0254446110992072,0.011409899292907649,0.4303030303030303,16.911362041467303,1.0,0.010735210922749755,1.710655735836498,0.9664957222562802,0.2813738441215324,0.41542884459390805,0.4393620414673046
frozenset({'RED RETROSPOT CHARLOTTE BAG'}),"frozenset({'CHARLOTTE BAG SUKI DESIGN', 'CHARLOTTE BAG APPLES DESIGN'})",0.04847868009427898,0.014945361045639597,0.011409899292907649,0.23535911602209944,15.747971246955386,1.0,0.010685367915882588,1.2882578731989829,0.9842131095416727,0.21936148300720906,0.22375789754203884,0.4993999881185766
"frozenset({'CHARLOTTE BAG SUKI DESIGN', 'CHARLOTTE BAG APPLES DESIGN'})",frozenset({'WOODLAND CHARLOTTE BAG'}),0.014945361045639597,0.03658667238054425,0.01039211484893936,0.6953405017921146,19.00529500359472,1.0,0.009845313820753597,3.16226256948033,0.9617568885029318,0.25260416666666663,0.6837707249071557,0.489690748699864
"frozenset({'CHARLOTTE BAG SUKI DESIGN', 'WOODLAND CHARLOTTE BAG'})",frozenset({'CHARLOTTE BAG APPLES DESIGN'}),0.022123419755731732,0.026515963145489607,0.01039211484893936,0.4697336561743341,17.715127057499938,1.0,0.009805491066044182,1.8358397589996018,0.9648979096250992,0.2717086834733893,0.45529014986311944,0.43082642404676297
"frozenset({'CHARLOTTE BAG APPLES DESIGN', 'WOODLAND CHARLOTTE BAG'})",frozenset({'CHARLOTTE BAG SUKI DESIGN'}),0.013552603385472466,0.04306835226055282,0.01039211484893936,0.7667984189723319,17.804220006685934,1.0,0.009808426552286273,4.103452658950509,0.9568006807538678,0.22479721900347618,0.7563027813130033,0.5040459756553202
frozenset({'CHARLOTTE BAG SUKI DESIGN'}),"frozenset({'CHARLOTTE BAG APPLES DESIGN', 'WOODLAND CHARLOTTE BAG'})",0.04306835226055282,0.013552603385472466,0.01039211484893936,0.24129353233830844,17.804220006685938,1.0,0.009808426552286273,1.3001700112755412,0.9863123900628344,0.22479721900347618,0.23086981600279893,0.5040459756553202
frozenset({'CHARLOTTE BAG APPLES DESIGN'}),"frozenset({'CHARLOTTE BAG SUKI DESIGN', 'WOODLAND CHARLOTTE BAG'})",0.026515963145489607,0.022123419755731732,0.01039211484893936,0.3919191919191919,17.715127057499938,1.0,0.009805491066044182,1.6081359043884145,0.969251710791074,0.2717086834733893,0.3781620090247863,0.43082642404676297
frozenset({'WOODLAND CHARLOTTE BAG'}),"frozenset({'CHARLOTTE BAG SUKI DESIGN', 'CHARLOTTE BAG APPLES DESIGN'})",0.03658667238054425,0.014945361045639597,0.01039211484893936,0.2840409956076134,19.00529500359472,1.0,0.009845313820753597,1.3758534118728591,0.9833609909747241,0.25260416666666663,0.27317838414285317,0.489690748699864
"frozenset({'STRAWBERRY CHARLOTTE BAG', 'CHARLOTTE BAG APPLES DESIGN'})",frozenset({'RED RETROSPOT CHARLOTTE BAG'}),0.012963359760017142,0.04847868009427898,0.010767088065138205,0.8305785123966942,17.132861513172916,1.0,0.010138641494385285,5.6162965711508415,0.9539996749131796,0.21247357293868924,0.8219467246197989,0.5263389799552532
"frozenset({'STRAWBERRY CHARLOTTE BAG', 'RED RETROSPOT CHARLOTTE BAG'})",frozenset({'CHARLOTTE BAG APPLES DESIGN'}),0.024533961859867153,0.026515963145489607,0.010767088065138205,0.4388646288209607,16.550959375413527,1.0,0.01011654643664912,1.734847038441112,0.9632119468555084,0.26728723404255317,0.42358030544377345,0.4224626174407834
"frozenset({'CHARLOTTE BAG APPLES DESIGN', 'RED RETROSPOT CHARLOTTE BAG'})",frozenset({'STRAWBERRY CHARLOTTE BAG'}),0.015641739875723162,0.03605099635740304,0.010767088065138205,0.6883561643835617,19.093956726169882,1.0,0.010203187757855062,3.093111088611411,0.962685484202843,0.26308900523560214,0.676700910070149,0.49350943434631284
frozenset({'STRAWBERRY CHARLOTTE BAG'}),"frozenset({'CHARLOTTE BAG APPLES DESIGN', 'RED RETROSPOT CHARLOTTE BAG'})",0.03605099635740304,0.015641739875723162,0.010767088065138205,0.29866270430906394,19.093956726169882,1.0,0.010203187757855062,1.4035447225924542,0.9830679887586241,0.26308900523560214,0.28751825011110177,0.49350943434631284
frozenset({'CHARLOTTE BAG APPLES DESIGN'}),"frozenset({'STRAWBERRY CHARLOTTE BAG', 'RED RETROSPOT CHARLOTTE BAG'})",0.026515963145489607,0.024533961859867153,0.010767088065138205,0.4060606060606061,16.550959375413527,1.0,0.01011654643664912,1.6423662887053259,0.9651730342947673,0.26728723404255317,0.391122426904964,0.4224626174407834
frozenset({'RED RETROSPOT CHARLOTTE BAG'}),"frozenset({'STRAWBERRY CHARLOTTE BAG', 'CHARLOTTE BAG APPLES DESIGN'})",0.04847868009427898,0.012963359760017142,0.010767088065138205,0.2220994475138122,17.132861513172916,1.0,0.010138641494385285,1.2688468173539553,0.9896074992934893,0.21247357293868924,0.21188280072657364,0.5263389799552532
"frozenset({'CHARLOTTE BAG APPLES DESIGN', 'WOODLAND CHARLOTTE BAG'})",frozenset({'RED RETROSPOT CHARLOTTE BAG'}),0.013552603385472466,0.04847868009427898,0.010499250053567602,0.7747035573122529,15.980293931386894,1.0,0.00984223772959864,4.223419191862234,0.9503019942704206,0.20374220374220375,0.7632250187414928,0.49563907147380604
"frozenset({'RED RETROSPOT CHARLOTTE BAG', 'WOODLAND CHARLOTTE BAG'})",frozenset({'CHARLOTTE BAG APPLES DESIGN'}),0.0230876365973859,0.026515963145489607,0.010499250053567602,0.4547563805104408,17.150287093674564,1.0,0.00988705913243486,1.7854111484438042,0.963947200857642,0.2684931506849315,0.4399049200114956,0.42535798823501836
"frozenset({'CHARLOTTE BAG APPLES DESIGN', 'RED RETROSPOT CHARLOTTE BAG'})",frozenset({'WOODLAND CHARLOTTE BAG'}),0.015641739875723162,0.03658667238054425,0.010499250053567602,0.6712328767123288,18.346376782526725,1.0,0.009926970841272822,2.930382204842511,0.9605174895382619,0.25160462130937095,0.6587475864590355,0.4791010650033093
frozenset({'WOODLAND CHARLOTTE BAG'}),"frozenset({'CHARLOTTE BAG APPLES DESIGN', 'RED RETROSPOT CHARLOTTE BAG'})",0.03658667238054425,0.015641739875723162,0.010499250053567602,0.28696925329428985,18.346376782526722,1.0,0.009926970841272822,1.3805270876075586,0.981399465541012,0.25160462130937095,0.2756389867489009,0.4791010650033093
frozenset({'CHARLOTTE BAG APPLES DESIGN'}),"frozenset({'RED RETROSPOT CHARLOTTE BAG', 'WOODLAND CHARLOTTE BAG'})",0.026515963145489607,0.0230876365973859,0.010499250053567602,0.39595959595959596,17.150287093674567,1.0,0.00988705913243486,1.6172963875728896,0.96734194145385,0.2684931506849315,0.3816841441779754,0.42535798823501836
frozenset({'RED RETROSPOT CHARLOTTE BAG'}),"frozenset({'CHARLOTTE BAG APPLES DESIGN', 'WOODLAND CHARLOTTE BAG'})",0.04847868009427898,0.013552603385472466,0.010499250053567602,0.2165745856353591,15.980293931386893,1.0,0.00984223772959864,1.2591465358760894,0.9851833150081516,0.20374220374220375,0.20581126063757177,0.49563907147380604
"frozenset({'CHARLOTTE BAG SUKI DESIGN', 'CHARLOTTE BAG PINK POLKADOT'})",frozenset({'LUNCH BAG RED RETROSPOT'}),0.020569959288622243,0.07456610242125562,0.010231412041997,0.4973958333333333,6.670535500478927,1.0,0.008697590350880535,1.841277806581543,0.8679404990029332,0.12050473186119873,0.45689890117311105,0.3173042385057471
"frozenset({'CHARLOTTE BAG SUKI DESIGN', 'LUNCH BAG RED RETROSPOT'})",frozenset({'CHARLOTTE BAG PINK POLKADOT'}),0.017195200342832655,0.036104563959717166,0.010231412041997,0.5950155763239875,16.480342401804446,1.0,0.009610586831419047,2.380080268991775,0.9557560660872413,0.23756218905472634,0.5798461030797043,0.43919918282074744
"frozenset({'CHARLOTTE BAG PINK POLKADOT', 'LUNCH BAG RED RETROSPOT'})",frozenset({'CHARLOTTE BAG SUKI DESIGN'}),0.01542746946646668,0.04306835226055282,0.010231412041997,0.6631944444444444,15.398649115533443,1.0,0.00956697635252629,2.8411991190614514,0.9497108739866347,0.21198668146503882,0.6480359319798975,0.4503783167495854
frozenset({'CHARLOTTE BAG SUKI DESIGN'}),"frozenset({'CHARLOTTE BAG PINK POLKADOT', 'LUNCH BAG RED RETROSPOT'})",0.04306835226055282,0.01542746946646668,0.010231412041997,0.23756218905472634,15.398649115533443,1.0,0.00956697635252629,1.2913479845823177,0.9771431853937722,0.21198668146503882,0.2256153941933423,0.4503783167495854
frozenset({'CHARLOTTE BAG PINK POLKADOT'}),"frozenset({'CHARLOTTE BAG SUKI DESIGN', 'LUNCH BAG RED RETROSPOT'})",0.036104563959717166,0.017195200342832655,0.010231412041997,0.2833827893175074,16.480342401804446,1.0,0.009610586831419047,1.3714501759191113,0.9745057543904977,0.23756218905472634,0.27084481991493037,0.43919918282074744
"frozenset({'CHARLOTTE BAG SUKI DESIGN', 'CHARLOTTE BAG PINK POLKADOT'})",frozenset({'RED RETROSPOT CHARLOTTE BAG'}),0.020569959288622243,0.04847868009427898,0.01676665952431969,0.8151041666666666,16.81366252302026,1.0,0.015769455048414233,5.146256152729532,0.9602774261684478,0.3206967213114754,0.8056839826230554,0.5804802601289134
"frozenset({'CHARLOTTE BAG SUKI DESIGN', 'RED RETROSPOT CHARLOTTE BAG'})",frozenset({'CHARLOTTE BAG PINK POLKADOT'}),0.0254446110992072,0.036104563959717166,0.01676665952431969,0.6589473684210526,18.25108230516945,1.0,0.015847992935458237,2.8262366180193474,0.9698871296389141,0.37440191387559807,0.6461725838437373,0.5616695299078557
"frozenset({'CHARLOTTE BAG PINK POLKADOT', 'RED RETROSPOT CHARLOTTE BAG'})",frozenset({'CHARLOTTE BAG SUKI DESIGN'}),0.025658881508463682,0.04306835226055282,0.01676665952431969,0.6534446764091858,15.172270173142637,1.0,0.015661573776901392,2.7612666220915374,0.9586891771999261,0.322680412371134,0.6378473588897604,0.5213740794981252
frozenset({'CHARLOTTE BAG SUKI DESIGN'}),"frozenset({'CHARLOTTE BAG PINK POLKADOT', 'RED RETROSPOT CHARLOTTE BAG'})",0.04306835226055282,0.025658881508463682,0.01676665952431969,0.38930348258706465,15.172270173142635,1.0,0.015661573776901392,1.5954587765115993,0.9761306227098889,0.322680412371134,0.3732210354024588,0.5213740794981252
frozenset({'CHARLOTTE BAG PINK POLKADOT'}),"frozenset({'CHARLOTTE BAG SUKI DESIGN', 'RED RETROSPOT CHARLOTTE BAG'})",0.036104563959717166,0.0254446110992072,0.01676665952431969,0.46439169139465875,18.25108230516945,1.0,0.015847992935458237,1.8195300058701782,0.9806133460887388,0.37440191387559807,0.450407524594926,0.5616695299078557
frozenset({'RED RETROSPOT CHARLOTTE BAG'}),"frozenset({'CHARLOTTE BAG SUKI DESIGN', 'CHARLOTTE BAG PINK POLKADOT'})",0.04847868009427898,0.020569959288622243,0.01676665952431969,0.34585635359116024,16.81366252302026,1.0,0.015769455048414233,1.4972705858847921,0.9884429690966561,0.3206967213114754,0.3321180490505239,0.5804802601289134
"frozenset({'STRAWBERRY CHARLOTTE BAG', 'CHARLOTTE BAG SUKI DESIGN'})",frozenset({'CHARLOTTE BAG PINK POLKADOT'}),0.021052067709449326,0.036104563959717166,0.013927576601671309,0.6615776081424936,18.323932921074285,1.0,0.0131675008765712,2.8482023034874517,0.9657577607071451,0.32218091697645596,0.6489013442705385,0.5236671423501785
"frozenset({'STRAWBERRY CHARLOTTE BAG', 'CHARLOTTE BAG PINK POLKADOT'})",frozenset({'CHARLOTTE BAG SUKI DESIGN'}),0.01939147203771159,0.04306835226055282,0.013927576601671309,0.7182320441988951,16.67656194167285,1.0,0.013092417853100486,3.3961691811929406,0.9586247468253368,0.28697571743929357,0.7055505934339998,0.5208075643880048
"frozenset({'CHARLOTTE BAG SUKI DESIGN', 'CHARLOTTE BAG PINK POLKADOT'})",frozenset({'STRAWBERRY CHARLOTTE BAG'}),0.020569959288622243,0.03605099635740304,0.013927576601671309,0.6770833333333333,18.781265477959387,1.0,0.013186009074285259,2.9851323983770737,0.9666391801154435,0.3262233375156838,0.6650064832823932,0.5317065998018821
frozenset({'STRAWBERRY CHARLOTTE BAG'}),"frozenset({'CHARLOTTE BAG SUKI DESIGN', 'CHARLOTTE BAG PINK POLKADOT'})",0.03605099635740304,0.020569959288622243,0.013927576601671309,0.3863298662704309,18.781265477959384,1.0,0.013186009074285259,1.5960203811107923,0.9821634214632269,0.3262233375156838,0.37344158518575826,0.5317065998018821
frozenset({'CHARLOTTE BAG SUKI DESIGN'}),"frozenset({'STRAWBERRY CHARLOTTE BAG', 'CHARLOTTE BAG PINK POLKADOT'})",0.04306835226055282,0.01939147203771159,0.013927576601671309,0.3233830845771144,16.67656194167285,1.0,0.013092417853100486,1.4492817214736762,0.9823435185504151,0.28697571743929357,0.31000302758033277,0.5208075643880048
frozenset({'CHARLOTTE BAG PINK POLKADOT'}),"frozenset({'STRAWBERRY CHARLOTTE BAG', 'CHARLOTTE BAG SUKI DESIGN'})",0.036104563959717166,0.021052067709449326,0.013927576601671309,0.38575667655786344,18.323932921074285,1.0,0.0131675008765712,1.5937461506372732,0.9808393396089296,0.32218091697645596,0.37254750413035265,0.5236671423501785
"frozenset({'CHARLOTTE BAG SUKI DESIGN', 'CHARLOTTE BAG PINK POLKADOT'})",frozenset({'WOODLAND CHARLOTTE BAG'}),0.020569959288622243,0.03658667238054425,0.014731090636383115,0.7161458333333333,19.573953757930695,1.0,0.01397850427500916,3.3940432826226687,0.9688407151806846,0.34722222222222215,0.7053661616161615,0.559390632625671
"frozenset({'CHARLOTTE BAG SUKI DESIGN', 'WOODLAND CHARLOTTE BAG'})",frozenset({'CHARLOTTE BAG PINK POLKADOT'}),0.022123419755731732,0.036104563959717166,0.014731090636383115,0.665859564164649,18.44253166739713,1.0,0.01393233421280463,2.884701558584325,0.9671747217449765,0.3386699507389162,0.6533436892200548,0.5369357168004254
"frozenset({'CHARLOTTE BAG PINK POLKADOT', 'WOODLAND CHARLOTTE BAG'})",frozenset({'CHARLOTTE BAG SUKI DESIGN'}),0.01912363402614099,0.04306835226055282,0.014731090636383115,0.7703081232492998,17.88571149852976,1.0,0.01390746722964338,4.166153637109545,0.9624958668659177,0.3103837471783295,0.7599704458585943,0.5561739621221623
frozenset({'CHARLOTTE BAG SUKI DESIGN'}),"frozenset({'CHARLOTTE BAG PINK POLKADOT', 'WOODLAND CHARLOTTE BAG'})",0.04306835226055282,0.01912363402614099,0.014731090636383115,0.34203980099502485,17.88571149852976,1.0,0.01390746722964338,1.4907837395897592,0.9865798151691568,0.3103837471783295,0.32921189476135243,0.5561739621221623
frozenset({'CHARLOTTE BAG PINK POLKADOT'}),"frozenset({'CHARLOTTE BAG SUKI DESIGN', 'WOODLAND CHARLOTTE BAG'})",0.036104563959717166,0.022123419755731732,0.014731090636383115,0.4080118694362017,18.442531667397127,1.0,0.01393233421280463,1.6518516668787888,0.981203431446846,0.3386699507389162,0.39461876629060605,0.5369357168004254
frozenset({'WOODLAND CHARLOTTE BAG'}),"frozenset({'CHARLOTTE BAG SUKI DESIGN', 'CHARLOTTE BAG PINK POLKADOT'})",0.03658667238054425,0.020569959288622243,0.014731090636383115,0.40263543191800877,19.573953757930695,1.0,0.01397850427500916,1.6395850926614484,0.9849476584022039,0.34722222222222215,0.3900895998165274,0.559390632625671
"frozenset({'CHARLOTTE BAG PINK POLKADOT', 'RED RETROSPOT CHARLOTTE BAG'})",frozenset({'JUMBO BAG RED RETROSPOT'}),0.025658881508463682,0.10381401328476537,0.010659952860509964,0.4154488517745303,4.001857154245062,1.0,0.007996201394718095,1.533118170130705,0.7698700219443471,0.08972046889089272,0.34773455857303837,0.259066015154551
"frozenset({'CHARLOTTE BAG PINK POLKADOT', 'JUMBO BAG RED RETROSPOT'})",frozenset({'RED RETROSPOT CHARLOTTE BAG'}),0.01403471180629955,0.04847868009427898,0.010659952860509964,0.7595419847328244,15.66754670827886,1.0,0.009979568556636969,3.957120409766649,0.949499753466889,0.20557851239669422,0.7472909852498095,0.4897157437476277
"frozenset({'JUMBO BAG RED RETROSPOT', 'RED RETROSPOT CHARLOTTE BAG'})",frozenset({'CHARLOTTE BAG PINK POLKADOT'}),0.020677094493250482,0.036104563959717166,0.010659952860509964,0.5155440414507773,14.279193124336958,1.0,0.009913415379877286,1.989645124660691,0.9496030640017723,0.2311265969802555,0.49739780848077747,0.4053981334850325
frozenset({'CHARLOTTE BAG PINK POLKADOT'}),"frozenset({'JUMBO BAG RED RETROSPOT', 'RED RETROSPOT CHARLOTTE BAG'})",0.036104563959717166,0.020677094493250482,0.010659952860509964,0.2952522255192878,14.279193124336956,1.0,0.009913415379877286,1.3896076596032612,0.9648017792642215,0.2311265969802555,0.28037241800645796,0.4053981334850325
frozenset({'RED RETROSPOT CHARLOTTE BAG'}),"frozenset({'CHARLOTTE BAG PINK POLKADOT', 'JUMBO BAG RED RETROSPOT'})",0.04847868009427898,0.01403471180629955,0.010659952860509964,0.21988950276243097,15.66754670827886,1.0,0.009979568556636969,1.263879016735551,0.9838705433942216,0.20557851239669422,0.20878502866288498,0.4897157437476277
"frozenset({'CHARLOTTE BAG PINK POLKADOT', 'LUNCH BAG BLACK SKULL.'})",frozenset({'RED RETROSPOT CHARLOTTE BAG'}),0.014195414613241912,0.04847868009427898,0.011945575316048854,0.8415094339622641,17.358340456582926,1.0,0.011257400352207847,6.003646423214665,0.955961069907446,0.235480464625132,0.8334345613470442,0.5439591368706348
"frozenset({'RED RETROSPOT CHARLOTTE BAG', 'LUNCH BAG BLACK SKULL.'})",frozenset({'CHARLOTTE BAG PINK POLKADOT'}),0.018320119991429185,0.036104563959717166,0.011945575316048854,0.652046783625731,18.05995453520051,1.0,0.011284135372068606,2.7701868834098886,0.962257548759414,0.2812105926860025,0.6390135243261724,0.49145365887518
"frozenset({'CHARLOTTE BAG PINK POLKADOT', 'RED RETROSPOT CHARLOTTE BAG'})",frozenset({'LUNCH BAG BLACK SKULL.'}),0.025658881508463682,0.06513820441397043,0.011945575316048854,0.46555323590814196,7.14716102626085,1.0,0.0102742018473167,1.7492140628347976,0.8827342796008133,0.1514945652173913,0.4283146807204443,0.32447069690143937
frozenset({'CHARLOTTE BAG PINK POLKADOT'}),"frozenset({'RED RETROSPOT CHARLOTTE BAG', 'LUNCH BAG BLACK SKULL.'})",0.036104563959717166,0.018320119991429185,0.011945575316048854,0.33086053412462907,18.05995453520051,1.0,0.011284135372068606,1.4670781355338731,0.9800117727334124,0.2812105926860025,0.31837304654799603,0.49145365887518
frozenset({'RED RETROSPOT CHARLOTTE BAG'}),"frozenset({'CHARLOTTE BAG PINK POLKADOT', 'LUNCH BAG BLACK SKULL.'})",0.04847868009427898,0.014195414613241912,0.011945575316048854,0.24640883977900555,17.358340456582926,1.0,0.011257400352207847,1.3081424483504633,0.9904042993585954,0.235480464625132,0.23555725810979056,0.5439591368706348
"frozenset({'LUNCH BAG CARS BLUE', 'CHARLOTTE BAG PINK POLKADOT'})",frozenset({'RED RETROSPOT CHARLOTTE BAG'}),0.01280265695307478,0.04847868009427898,0.010820655667452325,0.8451882845188284,17.43422640375413,1.0,0.010199999756667416,6.1463133907423595,0.9548663884783399,0.21443736730360932,0.8373008441928441,0.5341963522041656
"frozenset({'LUNCH BAG CARS BLUE', 'RED RETROSPOT CHARLOTTE BAG'})",frozenset({'CHARLOTTE BAG PINK POLKADOT'}),0.015106063852581958,0.036104563959717166,0.010820655667452325,0.7163120567375887,19.83993097207315,1.0,0.010275257818907207,3.3977314120419972,0.9641612806989389,0.2679045092838196,0.7056859772800548,0.5080076604162721
"frozenset({'CHARLOTTE BAG PINK POLKADOT', 'RED RETROSPOT CHARLOTTE BAG'})",frozenset({'LUNCH BAG CARS BLUE'}),0.025658881508463682,0.057049496464538246,0.010820655667452325,0.4217118997912317,7.392035441598792,1.0,0.00935682939755122,1.6305894988934517,0.8874912973731812,0.15052160953800298,0.3867248619725452,0.30569163064678956
frozenset({'CHARLOTTE BAG PINK POLKADOT'}),"frozenset({'LUNCH BAG CARS BLUE', 'RED RETROSPOT CHARLOTTE BAG'})",0.036104563959717166,0.015106063852581958,0.010820655667452325,0.29970326409495546,19.83993097207315,1.0,0.010275257818907207,1.4063951545833895,0.9851655722424526,0.2679045092838196,0.2889622829394446,0.5080076604162721
frozenset({'RED RETROSPOT CHARLOTTE BAG'}),"frozenset({'LUNCH BAG CARS BLUE', 'CHARLOTTE BAG PINK POLKADOT'})",0.04847868009427898,0.01280265695307478,0.010820655667452325,0.22320441988950276,17.434226403754135,1.0,0.010199999756667416,1.2708585995127557,0.9906678305053948,0.21443736730360932,0.21313039831229247,0.5341963522041656
"frozenset({'CHARLOTTE BAG PINK POLKADOT', 'RED RETROSPOT CHARLOTTE BAG'})",frozenset({'LUNCH BAG RED RETROSPOT'}),0.025658881508463682,0.07456610242125562,0.012374116134561818,0.4822546972860125,6.467478943200633,1.0,0.010460833347986852,1.7874307941137844,0.8676429953025697,0.14085365853658535,0.44053778009581396,0.32410148657404075
"frozenset({'CHARLOTTE BAG PINK POLKADOT', 'LUNCH BAG RED RETROSPOT'})",frozenset({'RED RETROSPOT CHARLOTTE BAG'}),0.01542746946646668,0.04847868009427898,0.012374116134561818,0.8020833333333334,16.545073664825047,1.0,0.011626212777632722,4.807686668997328,0.9542811921484391,0.24012474012474017,0.7919997560472143,0.5286659760589318
"frozenset({'RED RETROSPOT CHARLOTTE BAG', 'LUNCH BAG RED RETROSPOT'})",frozenset({'CHARLOTTE BAG PINK POLKADOT'}),0.01933790443539747,0.036104563959717166,0.012374116134561818,0.6398891966759003,17.7232218450233,1.0,0.011675929527027111,2.676663480081093,0.9621834621015263,0.2873134328358209,0.6264005514919254,0.4913095835011549
frozenset({'CHARLOTTE BAG PINK POLKADOT'}),"frozenset({'RED RETROSPOT CHARLOTTE BAG', 'LUNCH BAG RED RETROSPOT'})",0.036104563959717166,0.01933790443539747,0.012374116134561818,0.3427299703264095,17.723221845023303,1.0,0.011675929527027111,1.4920231431389213,0.9789203423748273,0.2873134328358209,0.32976910941461807,0.4913095835011549
frozenset({'RED RETROSPOT CHARLOTTE BAG'}),"frozenset({'CHARLOTTE BAG PINK POLKADOT', 'LUNCH BAG RED RETROSPOT'})",0.04847868009427898,0.01542746946646668,0.012374116134561818,0.2552486187845304,16.54507366482505,1.0,0.011626212777632722,1.3220150447074892,0.9874282672796438,0.24012474012474017,0.24357895622794418,0.5286659760589318
"frozenset({'LUNCH BAG SUKI DESIGN', 'CHARLOTTE BAG PINK POLKADOT'})",frozenset({'RED RETROSPOT CHARLOTTE BAG'}),0.01274908935076066,0.04847868009427898,0.010552817655881723,0.8277310924369748,17.07412600399276,1.0,0.009934758631752819,5.523465222867357,0.9535892428753606,0.20824524312896406,0.8189542325966023,0.5227053252240123
"frozenset({'LUNCH BAG SUKI DESIGN', 'RED RETROSPOT CHARLOTTE BAG'})",frozenset({'CHARLOTTE BAG PINK POLKADOT'}),0.016284551103492608,0.036104563959717166,0.010552817655881723,0.6480263157894737,17.948598313290642,1.0,0.009964871039010392,2.7385440425817382,0.9599171630214489,0.25224071702944945,0.6348424621072521,0.47015559112915817
"frozenset({'CHARLOTTE BAG PINK POLKADOT', 'RED RETROSPOT CHARLOTTE BAG'})",frozenset({'LUNCH BAG SUKI DESIGN'}),0.025658881508463682,0.06433469037925862,0.010552817655881723,0.4112734864300626,6.39271727283631,1.0,0.008902061458556628,1.589303841518919,0.8657871257604517,0.13283884018880648,0.37079369351785707,0.2876517307254393
frozenset({'CHARLOTTE BAG PINK POLKADOT'}),"frozenset({'LUNCH BAG SUKI DESIGN', 'RED RETROSPOT CHARLOTTE BAG'})",0.036104563959717166,0.016284551103492608,0.010552817655881723,0.2922848664688427,17.948598313290645,1.0,0.009964871039010392,1.3899878669942263,0.9796553729979932,0.25224071702944945,0.28056925981487457,0.47015559112915817
frozenset({'RED RETROSPOT CHARLOTTE BAG'}),"frozenset({'LUNCH BAG SUKI DESIGN', 'CHARLOTTE BAG PINK POLKADOT'})",0.04847868009427898,0.01274908935076066,0.010552817655881723,0.21767955801104974,17.07412600399276,1.0,0.009934758631752819,1.2619520821152,0.9893964840507176,0.20824524312896406,0.20757688491320003,0.5227053252240123
"frozenset({'CHARLOTTE BAG PINK POLKADOT', 'RED RETROSPOT CHARLOTTE BAG'})",frozenset({'PACK OF 72 RETROSPOT CAKE CASES'}),0.025658881508463682,0.06047782301264196,0.011034926076708806,0.430062630480167,7.111079881137075,1.0,0.009483132782137589,1.648465651197599,0.8820056611618994,0.1469329529243937,0.3933752885457414,0.3062624932737416
"frozenset({'CHARLOTTE BAG PINK POLKADOT', 'PACK OF 72 RETROSPOT CAKE CASES'})",frozenset({'RED RETROSPOT CHARLOTTE BAG'}),0.013177630169273624,0.04847868009427898,0.011034926076708806,0.8373983739837398,17.273539055832547,1.0,0.01039609195933187,5.851856117420184,0.9546885161578652,0.21798941798941798,0.8291140486138859,0.5325113416880025
"frozenset({'PACK OF 72 RETROSPOT CAKE CASES', 'RED RETROSPOT CHARLOTTE BAG'})",frozenset({'CHARLOTTE BAG PINK POLKADOT'}),0.015856010284979644,0.036104563959717166,0.011034926076708806,0.6959459459459459,19.27584409335151,1.0,0.010462451739228825,3.170144989643597,0.9633972338658024,0.2696335078534031,0.6845570145003289,0.5007919640708958
frozenset({'CHARLOTTE BAG PINK POLKADOT'}),"frozenset({'PACK OF 72 RETROSPOT CAKE CASES', 'RED RETROSPOT CHARLOTTE BAG'})",0.036104563959717166,0.015856010284979644,0.011034926076708806,0.30563798219584565,19.27584409335151,1.0,0.010462451739228825,1.417335574931461,0.9836353218062979,0.2696335078534031,0.29445078661180313,0.5007919640708958
frozenset({'RED RETROSPOT CHARLOTTE BAG'}),"frozenset({'CHARLOTTE BAG PINK POLKADOT', 'PACK OF 72 RETROSPOT CAKE CASES'})",0.04847868009427898,0.013177630169273624,0.011034926076708806,0.22762430939226522,17.273539055832547,1.0,0.01039609195933187,1.277645557506162,0.9901070677622132,0.21798941798941798,0.21731031417516053,0.5325113416880025
"frozenset({'CHARLOTTE BAG PINK POLKADOT', 'WOODLAND CHARLOTTE BAG'})",frozenset({'PACK OF 72 RETROSPOT CAKE CASES'}),0.01912363402614099,0.06047782301264196,0.010017141632740518,0.5238095238095238,8.661183516807963,1.0,0.008860585878749026,1.972996571673452,0.9017877976973603,0.14395688991531946,0.4931567472761384,0.34472141380910204
"frozenset({'CHARLOTTE BAG PINK POLKADOT', 'PACK OF 72 RETROSPOT CAKE CASES'})",frozenset({'WOODLAND CHARLOTTE BAG'}),0.013177630169273624,0.03658667238054425,0.010017141632740518,0.7601626016260162,20.777035793784,1.0,0.009535015994985328,4.016943704989595,0.9645808284328722,0.252021563342318,0.751054514715289,0.5169773476651311
"frozenset({'PACK OF 72 RETROSPOT CAKE CASES', 'WOODLAND CHARLOTTE BAG'})",frozenset({'CHARLOTTE BAG PINK POLKADOT'}),0.013659738590100707,0.036104563959717166,0.010017141632740518,0.7333333333333333,20.311374876360038,1.0,0.00952396272714121,3.61460788515106,0.9639335844734205,0.252021563342318,0.7233448186432514,0.5053907022749753
frozenset({'CHARLOTTE BAG PINK POLKADOT'}),"frozenset({'PACK OF 72 RETROSPOT CAKE CASES', 'WOODLAND CHARLOTTE BAG'})",0.036104563959717166,0.013659738590100707,0.010017141632740518,0.2774480712166172,20.311374876360038,1.0,0.00952396272714121,1.365078719076534,0.9863792981498883,0.252021563342318,0.26744151379307063,0.5053907022749753
frozenset({'WOODLAND CHARLOTTE BAG'}),"frozenset({'CHARLOTTE BAG PINK POLKADOT', 'PACK OF 72 RETROSPOT CAKE CASES'})",0.03658667238054425,0.013177630169273624,0.010017141632740518,0.27379209370424595,20.777035793784,1.0,0.009535015994985328,1.3588703197467462,0.9880182386094174,0.252021563342318,0.26409460456361217,0.5169773476651311
"frozenset({'STRAWBERRY CHARLOTTE BAG', 'CHARLOTTE BAG PINK POLKADOT'})",frozenset({'RED RETROSPOT CHARLOTTE BAG'}),0.01939147203771159,0.04847868009427898,0.01687379472894793,0.8701657458563535,17.94945209242697,1.0,0.015933721759474554,7.328738676720656,0.9629612287757159,0.3308823529411764,0.8635508722426621,0.6091160220994475
"frozenset({'STRAWBERRY CHARLOTTE BAG', 'RED RETROSPOT CHARLOTTE BAG'})",frozenset({'CHARLOTTE BAG PINK POLKADOT'}),0.024533961859867153,0.036104563959717166,0.01687379472894793,0.687772925764192,19.04947326137379,1.0,0.015988006733793095,3.0871616063388068,0.9713358262946401,0.3855569155446756,0.6760778580730208,0.5775659881046479
"frozenset({'CHARLOTTE BAG PINK POLKADOT', 'RED RETROSPOT CHARLOTTE BAG'})",frozenset({'STRAWBERRY CHARLOTTE BAG'}),0.025658881508463682,0.03605099635740304,0.01687379472894793,0.6576200417536534,18.241383268138488,1.0,0.01594876648515127,2.8154364191756334,0.9700705205570784,0.3763440860215053,0.6448152786583607,0.5628367667906454
frozenset({'STRAWBERRY CHARLOTTE BAG'}),"frozenset({'CHARLOTTE BAG PINK POLKADOT', 'RED RETROSPOT CHARLOTTE BAG'})",0.03605099635740304,0.025658881508463682,0.01687379472894793,0.46805349182763745,18.241383268138488,1.0,0.01594876648515127,1.8316524378346477,0.9805286300868405,0.3763440860215053,0.4540448944657945,0.5628367667906454
frozenset({'CHARLOTTE BAG PINK POLKADOT'}),"frozenset({'STRAWBERRY CHARLOTTE BAG', 'RED RETROSPOT CHARLOTTE BAG'})",0.036104563959717166,0.024533961859867153,0.01687379472894793,0.4673590504451038,19.049473261373794,1.0,0.015988006733793095,1.8313763501572407,0.9829957428490272,0.3855569155446756,0.45396258944037327,0.5775659881046479
frozenset({'RED RETROSPOT CHARLOTTE BAG'}),"frozenset({'STRAWBERRY CHARLOTTE BAG', 'CHARLOTTE BAG PINK POLKADOT'})",0.04847868009427898,0.01939147203771159,0.01687379472894793,0.34806629834254144,17.949452092426974,1.0,0.015933721759474554,1.5041537589930016,0.9923981452439483,0.3308823529411764,0.33517435034734866,0.6091160220994475
"frozenset({'CHARLOTTE BAG PINK POLKADOT', 'RED RETROSPOT CHARLOTTE BAG'})",frozenset({'WOODLAND CHARLOTTE BAG'}),0.025658881508463682,0.03658667238054425,0.016070280694236126,0.6263048016701461,17.118386585034095,1.0,0.01513150760283476,2.5780725359202195,0.9663794967654443,0.34802784222737815,0.61211331874219,0.5327717273358051
"frozenset({'WOODLAND CHARLOTTE BAG', 'RED RETROSPOT CHARLOTTE BAG'})",frozenset({'CHARLOTTE BAG PINK POLKADOT'}),0.0230876365973859,0.036104563959717166,0.016070280694236126,0.6960556844547564,19.27888355697536,1.0,0.0152367116420271,3.1712895643768086,0.9705371863062273,0.37267080745341613,0.6846708634767918,0.570579771010761
"frozenset({'CHARLOTTE BAG PINK POLKADOT', 'WOODLAND CHARLOTTE BAG'})",frozenset({'RED RETROSPOT CHARLOTTE BAG'}),0.01912363402614099,0.04847868009427898,0.016070280694236126,0.8403361344537815,17.33413807511955,1.0,0.01514319215804277,5.959528266777937,0.9606821036535417,0.3118503118503119,0.8322014838700216,0.585913923580482
frozenset({'RED RETROSPOT CHARLOTTE BAG'}),"frozenset({'CHARLOTTE BAG PINK POLKADOT', 'WOODLAND CHARLOTTE BAG'})",0.04847868009427898,0.01912363402614099,0.016070280694236126,0.33149171270718236,17.334138075119554,1.0,0.01514319215804277,1.4672613408369297,0.9903197658053258,0.3118503118503119,0.3184581559072514,0.585913923580482
frozenset({'CHARLOTTE BAG PINK POLKADOT'}),"frozenset({'WOODLAND CHARLOTTE BAG', 'RED RETROSPOT CHARLOTTE BAG'})",0.036104563959717166,0.0230876365973859,0.016070280694236126,0.44510385756676557,19.27888355697536,1.0,0.0152367116420271,1.7605319062389357,0.9836438071949909,0.37267080745341613,0.4319898455368964,0.570579771010761
frozenset({'WOODLAND CHARLOTTE BAG'}),"frozenset({'CHARLOTTE BAG PINK POLKADOT', 'RED RETROSPOT CHARLOTTE BAG'})",0.03658667238054425,0.025658881508463682,0.016070280694236126,0.4392386530014641,17.118386585034095,1.0,0.01513150760283476,1.7375325951167602,0.9773409322583634,0.34802784222737815,0.4244712284474865,0.5327717273358051
"frozenset({'STRAWBERRY CHARLOTTE BAG', 'CHARLOTTE BAG PINK POLKADOT'})",frozenset({'WOODLAND CHARLOTTE BAG'}),0.01939147203771159,0.03658667238054425,0.013391900578530106,0.69060773480663,18.875937325578576,1.0,0.012682431144109867,3.1138895053414566,0.9657498088058561,0.31446540880503143,0.678858225931063,0.5283199728205917
"frozenset({'STRAWBERRY CHARLOTTE BAG', 'WOODLAND CHARLOTTE BAG'})",frozenset({'CHARLOTTE BAG PINK POLKADOT'}),0.020034283265481036,0.036104563959717166,0.013391900578530106,0.6684491978609626,18.51425760484933,1.0,0.012668571516984455,2.9072330087021436,0.9653272111074671,0.31328320802005016,0.6560303226446843,0.5196845395833003
"frozenset({'CHARLOTTE BAG PINK POLKADOT', 'WOODLAND CHARLOTTE BAG'})",frozenset({'STRAWBERRY CHARLOTTE BAG'}),0.01912363402614099,0.03605099635740304,0.013391900578530106,0.700280112044818,19.424708962336794,1.0,0.012702474517913388,3.2161663018729643,0.9670119600240292,0.32051282051282054,0.6890708047598034,0.5358755686524239
frozenset({'STRAWBERRY CHARLOTTE BAG'}),"frozenset({'CHARLOTTE BAG PINK POLKADOT', 'WOODLAND CHARLOTTE BAG'})",0.03605099635740304,0.01912363402614099,0.013391900578530106,0.3714710252600298,19.424708962336798,1.0,0.012702474517913388,1.5605905302610097,0.9839931091969991,0.32051282051282054,0.3592169242288371,0.5358755686524239
frozenset({'CHARLOTTE BAG PINK POLKADOT'}),"frozenset({'STRAWBERRY CHARLOTTE BAG', 'WOODLAND CHARLOTTE BAG'})",0.036104563959717166,0.020034283265481036,0.013391900578530106,0.37091988130563797,18.51425760484933,1.0,0.012668571516984455,1.5577756912242118,0.9814213626764478,0.31328320802005016,0.3580590545650842,0.5196845395833003
frozenset({'WOODLAND CHARLOTTE BAG'}),"frozenset({'STRAWBERRY CHARLOTTE BAG', 'CHARLOTTE BAG PINK POLKADOT'})",0.03658667238054425,0.01939147203771159,0.013391900578530106,0.36603221083455345,18.875937325578576,1.0,0.012682431144109867,1.5467797334832403,0.982986711148179,0.31446540880503143,0.3534955376302548,0.5283199728205917
"frozenset({'CHARLOTTE BAG SUKI DESIGN', 'JUMBO BAG RED RETROSPOT'})",frozenset({'RED RETROSPOT CHARLOTTE BAG'}),0.01644525391043497,0.04847868009427898,0.010713520462824084,0.6514657980456026,13.438191732503105,1.0,0.009916276259430916,2.730065843093984,0.9410612167093295,0.19762845849802374,0.6337084680468,0.43623013659186205
"frozenset({'CHARLOTTE BAG SUKI DESIGN', 'RED RETROSPOT CHARLOTTE BAG'})",frozenset({'JUMBO BAG RED RETROSPOT'}),0.0254446110992072,0.10381401328476537,0.010713520462824084,0.42105263157894735,4.055836184889468,1.0,0.008072013268145299,1.5479576134172235,0.7731132853295223,0.09037505648441031,0.3539874791581464,0.26212590299277605
"frozenset({'JUMBO BAG RED RETROSPOT', 'RED RETROSPOT CHARLOTTE BAG'})",frozenset({'CHARLOTTE BAG SUKI DESIGN'}),0.020677094493250482,0.04306835226055282,0.010713520462824084,0.5181347150259067,12.030520970278141,1.0,0.009822992073464034,1.9858904087496052,0.936236735586916,0.20202020202020196,0.4964475403103239,0.38344546696568965
frozenset({'CHARLOTTE BAG SUKI DESIGN'}),"frozenset({'JUMBO BAG RED RETROSPOT', 'RED RETROSPOT CHARLOTTE BAG'})",0.04306835226055282,0.020677094493250482,0.010713520462824084,0.24875621890547261,12.030520970278141,1.0,0.009822992073464034,1.3036020132904413,0.9581437527989252,0.20202020202020196,0.232894710345004,0.38344546696568965
frozenset({'RED RETROSPOT CHARLOTTE BAG'}),"frozenset({'CHARLOTTE BAG SUKI DESIGN', 'JUMBO BAG RED RETROSPOT'})",0.04847868009427898,0.01644525391043497,0.010713520462824084,0.22099447513812157,13.438191732503105,1.0,0.009916276259430916,1.262577369093697,0.9727424984518381,0.19762845849802374,0.20796932965952036,0.43623013659186205
"frozenset({'CHARLOTTE BAG SUKI DESIGN', 'LUNCH BAG BLACK SKULL.'})",frozenset({'LUNCH BAG RED RETROSPOT'}),0.016016713091922007,0.07456610242125562,0.010338547246625241,0.6454849498327759,8.656546726636682,1.0,0.009144243377761119,2.610422031849477,0.898877558129728,0.12883845126835783,0.6169201807986954,0.39206718756006614
"frozenset({'CHARLOTTE BAG SUKI DESIGN', 'LUNCH BAG RED RETROSPOT'})",frozenset({'LUNCH BAG BLACK SKULL.'}),0.017195200342832655,0.06513820441397043,0.010338547246625241,0.6012461059190031,9.230314395802589,1.0,0.009218482771754632,2.3444580967430895,0.9072618781684458,0.14360119047619047,0.5734621994783377,0.37998160559108046
"frozenset({'LUNCH BAG BLACK SKULL.', 'LUNCH BAG RED RETROSPOT'})",frozenset({'CHARLOTTE BAG SUKI DESIGN'}),0.0325155346046711,0.04306835226055282,0.010338547246625241,0.31795716639209226,7.3826173908054455,1.0,0.008938156748331072,1.403037464197692,0.8936026528405607,0.15845648604269294,0.28726065731121686,0.27900345881793664
frozenset({'CHARLOTTE BAG SUKI DESIGN'}),"frozenset({'LUNCH BAG BLACK SKULL.', 'LUNCH BAG RED RETROSPOT'})",0.04306835226055282,0.0325155346046711,0.010338547246625241,0.24004975124378108,7.382617390805445,1.0,0.008938156748331072,1.2730892146936899,0.9034570932015993,0.15845648604269294,0.21450909452515945,0.27900345881793664
"frozenset({'CHARLOTTE BAG SUKI DESIGN', 'LUNCH BAG SUKI DESIGN'})",frozenset({'LUNCH BAG BLACK SKULL.'}),0.016338118705806728,0.06513820441397043,0.01012427683736876,0.6196721311475409,9.513190250215702,1.0,0.009060041121370207,2.4580417901184397,0.909746335439305,0.14189189189189189,0.5931720916950661,0.38754988136324414
"frozenset({'CHARLOTTE BAG SUKI DESIGN', 'LUNCH BAG BLACK SKULL.'})",frozenset({'LUNCH BAG SUKI DESIGN'}),0.016016713091922007,0.06433469037925862,0.01012427683736876,0.6321070234113711,9.825290518770588,1.0,0.009093846559706539,2.54330843251456,0.912842576678387,0.14416475972540044,0.6068113535835276,0.3947379413476506
"frozenset({'LUNCH BAG SUKI DESIGN', 'LUNCH BAG BLACK SKULL.'})",frozenset({'CHARLOTTE BAG SUKI DESIGN'}),0.03026569530747804,0.04306835226055282,0.01012427683736876,0.3345132743362832,7.767032096156386,1.0,0.008820783210455735,1.4379425025872012,0.8984426855497948,0.16016949152542373,0.3045619013272355,0.2847939506009774
frozenset({'CHARLOTTE BAG SUKI DESIGN'}),"frozenset({'LUNCH BAG SUKI DESIGN', 'LUNCH BAG BLACK SKULL.'})",0.04306835226055282,0.03026569530747804,0.01012427683736876,0.23507462686567163,7.7670320961563855,1.0,0.008820783210455735,1.2677502129638822,0.9104628267189845,0.16016949152542373,0.21120107906580995,0.2847939506009774
"frozenset({'CHARLOTTE BAG SUKI DESIGN', 'LUNCH BAG BLACK SKULL.'})",frozenset({'RED RETROSPOT CHARLOTTE BAG'}),0.016016713091922007,0.04847868009427898,0.011945575316048854,0.745819397993311,15.384482344463127,1.0,0.011169106205903718,3.7434851927869803,0.9502188201168522,0.2273190621814475,0.7328692519134791,0.49611411888615825
"frozenset({'CHARLOTTE BAG SUKI DESIGN', 'RED RETROSPOT CHARLOTTE BAG'})",frozenset({'LUNCH BAG BLACK SKULL.'}),0.0254446110992072,0.06513820441397043,0.011945575316048854,0.4694736842105263,7.207347645429363,1.0,0.010288159037034714,1.7621402892990634,0.8837391013495308,0.15190735694822888,0.43250829342436997,0.3264309210526316
"frozenset({'RED RETROSPOT CHARLOTTE BAG', 'LUNCH BAG BLACK SKULL.'})",frozenset({'CHARLOTTE BAG SUKI DESIGN'}),0.018320119991429185,0.04306835226055282,0.011945575316048854,0.652046783625731,15.139812632742718,1.0,0.011156557934802386,2.750173306948663,0.9513783499539237,0.24160346695557963,0.6363865515408165,0.46470498385266645
frozenset({'CHARLOTTE BAG SUKI DESIGN'}),"frozenset({'RED RETROSPOT CHARLOTTE BAG', 'LUNCH BAG BLACK SKULL.'})",0.04306835226055282,0.018320119991429185,0.011945575316048854,0.277363184079602,15.139812632742718,1.0,0.011156557934802386,1.3584692315437024,0.9759829624527321,0.24160346695557963,0.26387732840761813,0.46470498385266645
frozenset({'RED RETROSPOT CHARLOTTE BAG'}),"frozenset({'CHARLOTTE BAG SUKI DESIGN', 'LUNCH BAG BLACK SKULL.'})",0.04847868009427898,0.016016713091922007,0.011945575316048854,0.24640883977900555,15.384482344463128,1.0,0.011169106205903718,1.3057256226566138,0.9826363512203153,0.2273190621814475,0.2341423170011691,0.49611411888615825
"frozenset({'STRAWBERRY CHARLOTTE BAG', 'CHARLOTTE BAG SUKI DESIGN'})",frozenset({'LUNCH BAG BLACK SKULL.'}),0.021052067709449326,0.06513820441397043,0.010338547246625241,0.49109414758269715,7.539264430159367,1.0,0.008967253356830384,1.8370034283265477,0.8860134814258273,0.13629943502824857,0.455635202101409,0.32490562642292753
"frozenset({'STRAWBERRY CHARLOTTE BAG', 'LUNCH BAG BLACK SKULL.'})",frozenset({'CHARLOTTE BAG SUKI DESIGN'}),0.014891793443325477,0.04306835226055282,0.010338547246625241,0.6942446043165468,16.11959984251405,1.0,0.009697182240816709,3.129729389077251,0.9521428350055081,0.2170978627671541,0.6804835576232252,0.4671471777801639
"frozenset({'CHARLOTTE BAG SUKI DESIGN', 'LUNCH BAG BLACK SKULL.'})",frozenset({'STRAWBERRY CHARLOTTE BAG'}),0.016016713091922007,0.03605099635740304,0.010338547246625241,0.6454849498327759,17.9047742102203,1.0,0.009761128781290792,2.719063698954118,0.9595172876582732,0.24775353016688065,0.6322263430663106,0.4661302906667595
frozenset({'STRAWBERRY CHARLOTTE BAG'}),"frozenset({'CHARLOTTE BAG SUKI DESIGN', 'LUNCH BAG BLACK SKULL.'})",0.03605099635740304,0.016016713091922007,0.010338547246625241,0.286775631500743,17.9047742102203,1.0,0.009761128781290792,1.379626566852368,0.9794594641286368,0.24775353016688065,0.27516617610408134,0.4661302906667595
frozenset({'CHARLOTTE BAG SUKI DESIGN'}),"frozenset({'STRAWBERRY CHARLOTTE BAG', 'LUNCH BAG BLACK SKULL.'})",0.04306835226055282,0.014891793443325477,0.010338547246625241,0.24004975124378108,16.11959984251405,1.0,0.009697182240816709,1.2962798659109105,0.9801783887008115,0.2170978627671541,0.22856165069162074,0.4671471777801639
"frozenset({'CHARLOTTE BAG SUKI DESIGN', 'LUNCH BAG BLACK SKULL.'})",frozenset({'WOODLAND CHARLOTTE BAG'}),0.016016713091922007,0.03658667238054425,0.01039211484893936,0.648829431438127,17.73403781271882,1.0,0.009806116614432037,2.7434341424592112,0.9589708232101035,0.24619289340101522,0.6354933459041954,0.4664352135228702
"frozenset({'CHARLOTTE BAG SUKI DESIGN', 'WOODLAND CHARLOTTE BAG'})",frozenset({'LUNCH BAG BLACK SKULL.'}),0.022123419755731732,0.06513820441397043,0.01039211484893936,0.4697336561743341,7.211338728176372,1.0,0.008951035010554435,1.7630042081142931,0.8808161582619647,0.135191637630662,0.43278637940995124,0.3146365649292723
"frozenset({'WOODLAND CHARLOTTE BAG', 'LUNCH BAG BLACK SKULL.'})",frozenset({'CHARLOTTE BAG SUKI DESIGN'}),0.014623955431754874,0.04306835226055282,0.01039211484893936,0.7106227106227105,16.49988154465766,1.0,0.009762285184961916,3.306865061175557,0.953335033332119,0.21970554926387312,0.6975987887317936,0.4759581214805095
frozenset({'CHARLOTTE BAG SUKI DESIGN'}),"frozenset({'WOODLAND CHARLOTTE BAG', 'LUNCH BAG BLACK SKULL.'})",0.04306835226055282,0.014623955431754874,0.01039211484893936,0.24129353233830844,16.499881544657665,1.0,0.009762285184961916,1.2987579341522444,0.981672522287524,0.21970554926387312,0.23003357769456603,0.4759581214805095
frozenset({'WOODLAND CHARLOTTE BAG'}),"frozenset({'CHARLOTTE BAG SUKI DESIGN', 'LUNCH BAG BLACK SKULL.'})",0.03658667238054425,0.016016713091922007,0.01039211484893936,0.2840409956076134,17.73403781271882,1.0,0.009806116614432037,1.374357024454432,0.9794459300276004,0.24619289340101522,0.27238702738325044,0.4664352135228702
"frozenset({'CHARLOTTE BAG SUKI DESIGN', 'LUNCH BAG CARS BLUE'})",frozenset({'RED RETROSPOT CHARLOTTE BAG'}),0.013766873794728948,0.04847868009427898,0.010820655667452325,0.7859922178988327,16.213152180923103,1.0,0.010153255796859348,4.446199622104914,0.9514197549785939,0.21041666666666667,0.7750888207924004,0.5045983188941677
"frozenset({'CHARLOTTE BAG SUKI DESIGN', 'RED RETROSPOT CHARLOTTE BAG'})",frozenset({'LUNCH BAG CARS BLUE'}),0.0254446110992072,0.057049496464538246,0.010820655667452325,0.4252631578947368,7.454284161106992,1.0,0.009369053416506554,1.6406647955287337,0.8884553573809533,0.15097159940209268,0.3904909749235327,0.3074672596985421
"frozenset({'LUNCH BAG CARS BLUE', 'RED RETROSPOT CHARLOTTE BAG'})",frozenset({'CHARLOTTE BAG SUKI DESIGN'}),0.015106063852581958,0.04306835226055282,0.010820655667452325,0.7163120567375887,16.631981934300132,1.0,0.010170062388178922,3.3731840582815518,0.9542904469931384,0.2285067873303167,0.7035441936395715,0.48377791891605804
frozenset({'CHARLOTTE BAG SUKI DESIGN'}),"frozenset({'LUNCH BAG CARS BLUE', 'RED RETROSPOT CHARLOTTE BAG'})",0.04306835226055282,0.015106063852581958,0.010820655667452325,0.25124378109452733,16.63198193430013,1.0,0.010170062388178922,1.3153732967816016,0.9821755574572237,0.2285067873303167,0.2397595401649427,0.48377791891605804
frozenset({'RED RETROSPOT CHARLOTTE BAG'}),"frozenset({'CHARLOTTE BAG SUKI DESIGN', 'LUNCH BAG CARS BLUE'})",0.04847868009427898,0.013766873794728948,0.010820655667452325,0.22320441988950276,16.213152180923103,1.0,0.010153255796859348,1.2696173246312523,0.9861278561566679,0.21041666666666667,0.2123610944814099,0.5045983188941677
"frozenset({'CHARLOTTE BAG SUKI DESIGN', 'LUNCH BAG SUKI DESIGN'})",frozenset({'LUNCH BAG RED RETROSPOT'}),0.016338118705806728,0.07456610242125562,0.010552817655881723,0.6459016393442624,8.662134916148485,1.0,0.009334547823093906,2.6134938774214547,0.8992470237132658,0.13133333333333333,0.6173704447371319,0.3937123139250047
"frozenset({'CHARLOTTE BAG SUKI DESIGN', 'LUNCH BAG RED RETROSPOT'})",frozenset({'LUNCH BAG SUKI DESIGN'}),0.017195200342832655,0.06433469037925862,0.010552817655881723,0.6137071651090342,9.539288391553248,1.0,0.009446569765816263,2.4221658418407896,0.9108323218584541,0.14867924528301885,0.5871463535956633,0.3888685700649251
"frozenset({'LUNCH BAG SUKI DESIGN', 'LUNCH BAG RED RETROSPOT'})",frozenset({'CHARLOTTE BAG SUKI DESIGN'}),0.03224769659310049,0.04306835226055282,0.010552817655881723,0.32724252491694356,7.59821325267351,1.0,0.009163962499418641,1.4224021035534498,0.8973268348823631,0.16294458229942102,0.29696391934334426,0.28613370026941704
frozenset({'CHARLOTTE BAG SUKI DESIGN'}),"frozenset({'LUNCH BAG SUKI DESIGN', 'LUNCH BAG RED RETROSPOT'})",0.04306835226055282,0.03224769659310049,0.010552817655881723,0.24502487562189054,7.59821325267351,1.0,0.009163962499418641,1.2818333639854156,0.907473499719255,0.16294458229942102,0.21986739610923572,0.28613370026941704
"frozenset({'CHARLOTTE BAG SUKI DESIGN', 'RED RETROSPOT CHARLOTTE BAG'})",frozenset({'LUNCH BAG RED RETROSPOT'}),0.0254446110992072,0.07456610242125562,0.013124062566959502,0.5157894736842105,6.917211131276466,1.0,0.011226757089667,1.9112221797821893,0.8777675199140283,0.15104808877928483,0.4767745945089628,0.34589761040532363
"frozenset({'CHARLOTTE BAG SUKI DESIGN', 'LUNCH BAG RED RETROSPOT'})",frozenset({'RED RETROSPOT CHARLOTTE BAG'}),0.017195200342832655,0.04847868009427898,0.013124062566959502,0.7632398753894081,15.74382540748008,1.0,0.012290461950382282,4.018925574864952,0.9528677879829099,0.24974515800203875,0.751177278262088,0.5169790537168035
"frozenset({'RED RETROSPOT CHARLOTTE BAG', 'LUNCH BAG RED RETROSPOT'})",frozenset({'CHARLOTTE BAG SUKI DESIGN'}),0.01933790443539747,0.04306835226055282,0.013124062566959502,0.6786703601108033,15.757982938493129,1.0,0.012291210886754897,2.97803728305121,0.9550079539107935,0.2663043478260869,0.6642083678094758,0.4916983641350036
frozenset({'CHARLOTTE BAG SUKI DESIGN'}),"frozenset({'RED RETROSPOT CHARLOTTE BAG', 'LUNCH BAG RED RETROSPOT'})",0.04306835226055282,0.01933790443539747,0.013124062566959502,0.30472636815920395,15.757982938493129,1.0,0.012291210886754897,1.4104692751948844,0.978690697058044,0.2663043478260869,0.29101610535838857,0.4916983641350036
frozenset({'RED RETROSPOT CHARLOTTE BAG'}),"frozenset({'CHARLOTTE BAG SUKI DESIGN', 'LUNCH BAG RED RETROSPOT'})",0.04847868009427898,0.017195200342832655,0.013124062566959502,0.2707182320441989,15.74382540748008,1.0,0.012290461950382282,1.3476338540753585,0.984195536008695,0.24974515800203875,0.25795868293459995,0.5169790537168035
"frozenset({'STRAWBERRY CHARLOTTE BAG', 'CHARLOTTE BAG SUKI DESIGN'})",frozenset({'LUNCH BAG RED RETROSPOT'}),0.021052067709449326,0.07456610242125562,0.010231412041997,0.48600508905852413,6.517775145506127,1.0,0.008661641404994994,1.8004728799428045,0.8647787940209567,0.11982434127979924,0.44459035671130637,0.3116088663683425
"frozenset({'STRAWBERRY CHARLOTTE BAG', 'LUNCH BAG RED RETROSPOT'})",frozenset({'CHARLOTTE BAG SUKI DESIGN'}),0.01532033426183844,0.04306835226055282,0.010231412041997,0.6678321678321678,15.50633197648123,1.0,0.009571590489258725,2.880867907931388,0.9500655375934003,0.21245828698553948,0.6528823840736067,0.4526971784434471
"frozenset({'CHARLOTTE BAG SUKI DESIGN', 'LUNCH BAG RED RETROSPOT'})",frozenset({'STRAWBERRY CHARLOTTE BAG'}),0.017195200342832655,0.03605099635740304,0.010231412041997,0.5950155763239875,16.504830280558988,1.0,0.009611507937072725,2.380212539763643,0.9558476684348869,0.2378580323785803,0.5798694514485245,0.43940971981132515
frozenset({'STRAWBERRY CHARLOTTE BAG'}),"frozenset({'CHARLOTTE BAG SUKI DESIGN', 'LUNCH BAG RED RETROSPOT'})",0.03605099635740304,0.017195200342832655,0.010231412041997,0.28380386329866275,16.50483028055899,1.0,0.009611507937072725,1.372256494127124,0.9745449943192481,0.2378580323785803,0.27127326102684013,0.43940971981132515
frozenset({'CHARLOTTE BAG SUKI DESIGN'}),"frozenset({'STRAWBERRY CHARLOTTE BAG', 'LUNCH BAG RED RETROSPOT'})",0.04306835226055282,0.01532033426183844,0.010231412041997,0.23756218905472634,15.50633197648123,1.0,0.009571590489258725,1.291488501229171,0.9776144599217355,0.21245828698553948,0.2256996488561436,0.4526971784434471
"frozenset({'CHARLOTTE BAG SUKI DESIGN', 'WOODLAND CHARLOTTE BAG'})",frozenset({'LUNCH BAG RED RETROSPOT'}),0.022123419755731732,0.07456610242125562,0.010713520462824084,0.48426150121065376,6.494392029167015,1.0,0.009063863279409761,1.7943859140846075,0.8651613256642016,0.12461059190031153,0.4427062806552723,0.313969831065097
"frozenset({'CHARLOTTE BAG SUKI DESIGN', 'LUNCH BAG RED RETROSPOT'})",frozenset({'WOODLAND CHARLOTTE BAG'}),0.017195200342832655,0.03658667238054425,0.010713520462824084,0.6230529595015576,17.02950607316995,1.0,0.010084405301363043,2.555832050957399,0.9577470431133156,0.2487562189054726,0.6087379843188812,0.4579393640846001
"frozenset({'WOODLAND CHARLOTTE BAG', 'LUNCH BAG RED RETROSPOT'})",frozenset({'CHARLOTTE BAG SUKI DESIGN'}),0.01537390186415256,0.04306835226055282,0.010713520462824084,0.6968641114982578,16.180421932151088,1.0,0.010051391841719591,3.1567745161059917,0.9528458734562864,0.22446689113355775,0.6832209602244445,0.4728101652018652
frozenset({'CHARLOTTE BAG SUKI DESIGN'}),"frozenset({'WOODLAND CHARLOTTE BAG', 'LUNCH BAG RED RETROSPOT'})",0.04306835226055282,0.01537390186415256,0.010713520462824084,0.24875621890547261,16.180421932151088,1.0,0.010051391841719591,1.3106612299689095,0.9804220779220779,0.22446689113355775,0.23702633668066825,0.4728101652018652
frozenset({'WOODLAND CHARLOTTE BAG'}),"frozenset({'CHARLOTTE BAG SUKI DESIGN', 'LUNCH BAG RED RETROSPOT'})",0.03658667238054425,0.017195200342832655,0.010713520462824084,0.2928257686676427,17.029506073169948,1.0,0.010084405301363043,1.3897633088319779,0.9770244648318044,0.2487562189054726,0.2804530140888185,0.4579393640846001
"frozenset({'CHARLOTTE BAG SUKI DESIGN', 'LUNCH BAG SUKI DESIGN'})",frozenset({'RED RETROSPOT CHARLOTTE BAG'}),0.016338118705806728,0.04847868009427898,0.01135633169059353,0.6950819672131148,14.337889683905445,1.0,0.01056428126051237,3.1205806728090852,0.9457057824439835,0.21242484969939884,0.6795468200154493,0.4646680554297618
"frozenset({'CHARLOTTE BAG SUKI DESIGN', 'RED RETROSPOT CHARLOTTE BAG'})",frozenset({'LUNCH BAG SUKI DESIGN'}),0.0254446110992072,0.06433469037925862,0.01135633169059353,0.4463157894736842,6.937404794250406,1.0,0.009719360513705387,1.689889817756092,0.8781993177969133,0.1448087431693989,0.40824544328704054,0.31141767825058064
"frozenset({'LUNCH BAG SUKI DESIGN', 'RED RETROSPOT CHARLOTTE BAG'})",frozenset({'CHARLOTTE BAG SUKI DESIGN'}),0.016284551103492608,0.04306835226055282,0.01135633169059353,0.6973684210526315,16.19213144802304,1.0,0.010654982907263336,3.162035009921651,0.9537733794174822,0.23660714285714285,0.6837479670964244,0.48052500654621627
frozenset({'CHARLOTTE BAG SUKI DESIGN'}),"frozenset({'LUNCH BAG SUKI DESIGN', 'RED RETROSPOT CHARLOTTE BAG'})",0.04306835226055282,0.016284551103492608,0.01135633169059353,0.263681592039801,16.192131448023044,1.0,0.010654982907263336,1.335991927217554,0.9804687830061937,0.23660714285714285,0.25149248312998285,0.48052500654621627
frozenset({'RED RETROSPOT CHARLOTTE BAG'}),"frozenset({'CHARLOTTE BAG SUKI DESIGN', 'LUNCH BAG SUKI DESIGN'})",0.04847868009427898,0.016338118705806728,0.01135633169059353,0.23425414364640887,14.337889683905445,1.0,0.01056428126051237,1.2845800902903968,0.9776499061543021,0.21242484969939884,0.22153549820787238,0.4646680554297618
"frozenset({'CHARLOTTE BAG SUKI DESIGN', 'RED RETROSPOT CHARLOTTE BAG'})",frozenset({'PACK OF 72 RETROSPOT CAKE CASES'}),0.0254446110992072,0.06047782301264196,0.010874223269766446,0.42736842105263156,7.066531164048295,1.0,0.009335388583083087,1.640709684077188,0.8809020629652664,0.14489650249821556,0.3905076506192215,0.3035867791711342
"frozenset({'CHARLOTTE BAG SUKI DESIGN', 'PACK OF 72 RETROSPOT CAKE CASES'})",frozenset({'RED RETROSPOT CHARLOTTE BAG'}),0.014088279408613671,0.04847868009427898,0.010874223269766446,0.7718631178707225,15.921702413713424,1.0,0.010191242079237446,4.170835118920078,0.9505847495393065,0.21036269430051815,0.7602398628841214,0.49808625506795795
"frozenset({'PACK OF 72 RETROSPOT CAKE CASES', 'RED RETROSPOT CHARLOTTE BAG'})",frozenset({'CHARLOTTE BAG SUKI DESIGN'}),0.015856010284979644,0.04306835226055282,0.010874223269766446,0.6858108108108109,15.923776388328628,1.0,0.010191331033365994,3.045717932590069,0.9523005129888167,0.2263099219620959,0.6716701867563937,0.46914918649993276
frozenset({'CHARLOTTE BAG SUKI DESIGN'}),"frozenset({'PACK OF 72 RETROSPOT CAKE CASES', 'RED RETROSPOT CHARLOTTE BAG'})",0.04306835226055282,0.015856010284979644,0.010874223269766446,0.2524875621890547,15.923776388328626,1.0,0.010191331033365994,1.3165586817485464,0.9793811590142488,0.2263099219620959,0.24044403499593256,0.46914918649993276
frozenset({'RED RETROSPOT CHARLOTTE BAG'}),"frozenset({'CHARLOTTE BAG SUKI DESIGN', 'PACK OF 72 RETROSPOT CAKE CASES'})",0.04847868009427898,0.014088279408613671,0.010874223269766446,0.2243093922651934,15.921702413713422,1.0,0.010191242079237446,1.2710115486256477,0.984941300189773,0.21036269430051815,0.2132250874657229,0.49808625506795795
"frozenset({'CHARLOTTE BAG SUKI DESIGN', 'WOODLAND CHARLOTTE BAG'})",frozenset({'PACK OF 72 RETROSPOT CAKE CASES'}),0.022123419755731732,0.06047782301264196,0.010445682451253482,0.47215496368038745,7.807076051360029,1.0,0.009107706186831951,1.7799204545677931,0.8916371348910379,0.14476614699331847,0.4381771402010077,0.322437092114773
"frozenset({'CHARLOTTE BAG SUKI DESIGN', 'PACK OF 72 RETROSPOT CAKE CASES'})",frozenset({'WOODLAND CHARLOTTE BAG'}),0.014088279408613671,0.03658667238054425,0.010445682451253482,0.7414448669201521,20.265435981940556,1.0,0.009930239188124966,3.7261427229987776,0.9642393719655333,0.2596537949400799,0.731625953609419,0.5134749956855519
"frozenset({'PACK OF 72 RETROSPOT CAKE CASES', 'WOODLAND CHARLOTTE BAG'})",frozenset({'CHARLOTTE BAG SUKI DESIGN'}),0.013659738590100707,0.04306835226055282,0.010445682451253482,0.7647058823529411,17.75563359672227,1.0,0.009857380017867958,4.06695950289265,0.9567487853481444,0.22569444444444445,0.7541160664892916,0.5036215978928884
frozenset({'CHARLOTTE BAG SUKI DESIGN'}),"frozenset({'PACK OF 72 RETROSPOT CAKE CASES', 'WOODLAND CHARLOTTE BAG'})",0.04306835226055282,0.013659738590100707,0.010445682451253482,0.2425373134328358,17.75563359672227,1.0,0.009857380017867958,1.3021634978219359,0.9861517792552277,0.22569444444444445,0.2320472800284679,0.5036215978928884
frozenset({'WOODLAND CHARLOTTE BAG'}),"frozenset({'CHARLOTTE BAG SUKI DESIGN', 'PACK OF 72 RETROSPOT CAKE CASES'})",0.03658667238054425,0.014088279408613671,0.010445682451253482,0.28550512445095166,20.265435981940552,1.0,0.009930239188124966,1.3798723466473706,0.9867570553809085,0.2596537949400799,0.27529528189352703,0.5134749956855519
"frozenset({'STRAWBERRY CHARLOTTE BAG', 'CHARLOTTE BAG SUKI DESIGN'})",frozenset({'RED RETROSPOT CHARLOTTE BAG'}),0.021052067709449326,0.04847868009427898,0.017248767945146775,0.8193384223918574,16.901005159349385,1.0,0.016228191489337282,5.266871531309128,0.961064312479289,0.32991803278688525,0.810133967753825,0.5875697636821166
"frozenset({'STRAWBERRY CHARLOTTE BAG', 'RED RETROSPOT CHARLOTTE BAG'})",frozenset({'CHARLOTTE BAG SUKI DESIGN'}),0.024533961859867153,0.04306835226055282,0.017248767945146775,0.7030567685589519,16.324208651067803,1.0,0.01619213063341905,3.2226080490049025,0.9623515848571359,0.3425531914893617,0.6896923284515514,0.5517771404983814
"frozenset({'CHARLOTTE BAG SUKI DESIGN', 'RED RETROSPOT CHARLOTTE BAG'})",frozenset({'STRAWBERRY CHARLOTTE BAG'}),0.0254446110992072,0.03605099635740304,0.017248767945146775,0.6778947368421052,18.803772581528115,1.0,0.01633146436309372,2.992652135491722,0.9715396304564617,0.3898305084745763,0.6658482326962167,0.5781747086885117
frozenset({'STRAWBERRY CHARLOTTE BAG'}),"frozenset({'CHARLOTTE BAG SUKI DESIGN', 'RED RETROSPOT CHARLOTTE BAG'})",0.03605099635740304,0.0254446110992072,0.017248767945146775,0.4784546805349183,18.803772581528115,1.0,0.01633146436309372,1.8685919564963922,0.9822295358096365,0.3898305084745763,0.464837683517059,0.5781747086885117
frozenset({'CHARLOTTE BAG SUKI DESIGN'}),"frozenset({'STRAWBERRY CHARLOTTE BAG', 'RED RETROSPOT CHARLOTTE BAG'})",0.04306835226055282,0.024533961859867153,0.017248767945146775,0.4004975124378109,16.324208651067803,1.0,0.01619213063341905,1.6271259225408026,0.98099095164848,0.3425531914893617,0.3854194158258678,0.5517771404983814
frozenset({'RED RETROSPOT CHARLOTTE BAG'}),"frozenset({'STRAWBERRY CHARLOTTE BAG', 'CHARLOTTE BAG SUKI DESIGN'})",0.04847868009427898,0.021052067709449326,0.017248767945146775,0.3558011049723757,16.90100515934939,1.0,0.016228191489337282,1.5196361556139766,0.9887659916995445,0.32991803278688525,0.3419477443296476,0.5875697636821166
"frozenset({'CHARLOTTE BAG SUKI DESIGN', 'RED RETROSPOT CHARLOTTE BAG'})",frozenset({'WOODLAND CHARLOTTE BAG'}),0.0254446110992072,0.03658667238054425,0.01687379472894793,0.6631578947368421,18.1256684904061,1.0,0.015942861078810877,2.8601333163702587,0.969498123733269,0.3736654804270461,0.6503659482317136,0.5621792401941896
"frozenset({'CHARLOTTE BAG SUKI DESIGN', 'WOODLAND CHARLOTTE BAG'})",frozenset({'RED RETROSPOT CHARLOTTE BAG'}),0.022123419755731732,0.04847868009427898,0.01687379472894793,0.7627118644067796,15.732933795299186,1.0,0.01580128054001836,4.0099827053169665,0.9576250038041328,0.3140578265204387,0.750622365858569,0.5553890813746605
"frozenset({'WOODLAND CHARLOTTE BAG', 'RED RETROSPOT CHARLOTTE BAG'})",frozenset({'CHARLOTTE BAG SUKI DESIGN'}),0.0230876365973859,0.04306835226055282,0.01687379472894793,0.7308584686774942,16.969733698098832,1.0,0.015879448263108085,3.555496035997428,0.9633121571269293,0.342391304347826,0.7187452918311387,0.5613247567268067
frozenset({'CHARLOTTE BAG SUKI DESIGN'}),"frozenset({'WOODLAND CHARLOTTE BAG', 'RED RETROSPOT CHARLOTTE BAG'})",0.04306835226055282,0.0230876365973859,0.01687379472894793,0.39179104477611937,16.969733698098832,1.0,0.015879448263108085,1.606211738600617,0.983426097711812,0.342391304347826,0.3774170764862969,0.5613247567268067
frozenset({'RED RETROSPOT CHARLOTTE BAG'}),"frozenset({'CHARLOTTE BAG SUKI DESIGN', 'WOODLAND CHARLOTTE BAG'})",0.04847868009427898,0.022123419755731732,0.01687379472894793,0.34806629834254144,15.732933795299186,1.0,0.01580128054001836,1.4999632290187506,0.9841493241256795,0.3140578265204387,0.3333169902743667,0.5553890813746605
frozenset({'WOODLAND CHARLOTTE BAG'}),"frozenset({'CHARLOTTE BAG SUKI DESIGN', 'RED RETROSPOT CHARLOTTE BAG'})",0.03658667238054425,0.0254446110992072,0.01687379472894793,0.46120058565153726,18.1256684904061,1.0,0.015942861078810877,1.8087536158131563,0.9807105568573459,0.3736654804270461,0.44713310245385024,0.5621792401941896
"frozenset({'STRAWBERRY CHARLOTTE BAG', 'CHARLOTTE BAG SUKI DESIGN'})",frozenset({'WOODLAND CHARLOTTE BAG'}),0.021052067709449326,0.03658667238054425,0.01537390186415256,0.7302798982188294,19.96027106873954,1.0,0.014603676759933903,3.571900356174019,0.9703278883873458,0.3637515842839037,0.7200369830385938,0.5752424381284484
"frozenset({'STRAWBERRY CHARLOTTE BAG', 'WOODLAND CHARLOTTE BAG'})",frozenset({'CHARLOTTE BAG SUKI DESIGN'}),0.020034283265481036,0.04306835226055282,0.01537390186415256,0.7673796791443851,17.817716231675846,1.0,0.014511058295187125,4.113706163845441,0.9631725563378485,0.3221099887766554,0.7569102020973679,0.5621724266368692
"frozenset({'CHARLOTTE BAG SUKI DESIGN', 'WOODLAND CHARLOTTE BAG'})",frozenset({'STRAWBERRY CHARLOTTE BAG'}),0.022123419755731732,0.03605099635740304,0.01537390186415256,0.6949152542372882,19.27589593774398,1.0,0.014576330539125378,3.159610623050735,0.9695719849556754,0.35919899874843564,0.6835053051459681,0.5606819956179012
frozenset({'STRAWBERRY CHARLOTTE BAG'}),"frozenset({'CHARLOTTE BAG SUKI DESIGN', 'WOODLAND CHARLOTTE BAG'})",0.03605099635740304,0.022123419755731732,0.01537390186415256,0.42644873699851416,19.27589593774398,1.0,0.014576330539125378,1.7049506178870275,0.9835808049661492,0.35919899874843564,0.41347274841349013,0.5606819956179012
frozenset({'CHARLOTTE BAG SUKI DESIGN'}),"frozenset({'STRAWBERRY CHARLOTTE BAG', 'WOODLAND CHARLOTTE BAG'})",0.04306835226055282,0.020034283265481036,0.01537390186415256,0.35696517412935325,17.817716231675846,1.0,0.014511058295187125,1.5239698960436232,0.9863568487261867,0.3221099887766554,0.3438190592897544,0.5621724266368692
frozenset({'WOODLAND CHARLOTTE BAG'}),"frozenset({'STRAWBERRY CHARLOTTE BAG', 'CHARLOTTE BAG SUKI DESIGN'})",0.03658667238054425,0.021052067709449326,0.01537390186415256,0.42020497803806733,19.960271068739544,1.0,0.014603676759933903,1.6884379741273892,0.985973987227064,0.3637515842839037,0.4077366090295289,0.5752424381284484
"frozenset({'JAM MAKING SET PRINTED', 'ROSES REGENCY TEACUP AND SAUCER'})",frozenset({'GREEN REGENCY TEACUP AND SAUCER'}),0.011999142918362973,0.05003214056138847,0.010284979644311121,0.8571428571428573,17.131844600795354,1.0,0.009684636839203396,6.649775016070289,0.9530651340996169,0.19875776397515532,0.8496189724339044,0.531355154481493
"frozenset({'JAM MAKING SET PRINTED', 'GREEN REGENCY TEACUP AND SAUCER'})",frozenset({'ROSES REGENCY TEACUP AND SAUCER'}),0.013016927362331262,0.051264195414613245,0.010284979644311121,0.7901234567901235,15.412773972160945,1.0,0.009617677336310745,4.520447068906845,0.9474516621438264,0.19047619047619047,0.7787829423159633,0.49537520801888624
"frozenset({'ROSES REGENCY TEACUP AND SAUCER', 'GREEN REGENCY TEACUP AND SAUCER'})",frozenset({'JAM MAKING SET PRINTED'}),0.037550889222198416,0.05399614313263338,0.010284979644311121,0.2738944365192582,5.072481489029278,1.0,0.008257376455111636,1.302846176157218,0.8341821116491346,0.12656558998022413,0.23244967955501203,0.23218531349772437
frozenset({'ROSES REGENCY TEACUP AND SAUCER'}),"frozenset({'JAM MAKING SET PRINTED', 'GREEN REGENCY TEACUP AND SAUCER'})",0.051264195414613245,0.013016927362331262,0.010284979644311121,0.2006269592476489,15.412773972160945,1.0,0.009617677336310745,1.234696471260456,0.9856471613686408,0.19047619047619047,0.19008434601004667,0.49537520801888624
frozenset({'GREEN REGENCY TEACUP AND SAUCER'}),"frozenset({'JAM MAKING SET PRINTED', 'ROSES REGENCY TEACUP AND SAUCER'})",0.05003214056138847,0.011999142918362973,0.010284979644311121,0.2055674518201285,17.131844600795354,1.0,0.009684636839203396,1.2436560653830848,0.9912221345062217,0.19875776397515532,0.1959191710354673,0.531355154481493
"frozenset({'JAM MAKING SET WITH JARS', 'ROSES REGENCY TEACUP AND SAUCER'})",frozenset({'GREEN REGENCY TEACUP AND SAUCER'}),0.012374116134561818,0.05003214056138847,0.010445682451253482,0.8441558441558441,16.872271197752994,1.0,0.00982657893348614,6.095627098064422,0.9525177214714559,0.20103092783505155,0.8359479699278954,0.5264676437053311
"frozenset({'JAM MAKING SET WITH JARS', 'GREEN REGENCY TEACUP AND SAUCER'})",frozenset({'ROSES REGENCY TEACUP AND SAUCER'}),0.013070494964645383,0.051264195414613245,0.010445682451253482,0.7991803278688524,15.589444472994499,1.0,0.009775634043220183,4.724317067731312,0.9482481044791076,0.19383697813121273,0.7883291943230611,0.5014710416773729
"frozenset({'ROSES REGENCY TEACUP AND SAUCER', 'GREEN REGENCY TEACUP AND SAUCER'})",frozenset({'JAM MAKING SET WITH JARS'}),0.037550889222198416,0.053514034711806296,0.010445682451253482,0.2781740370898716,5.198151075469193,1.0,0.008436182861957563,1.311238461792537,0.8391341390840473,0.12956810631229235,0.23736221203201782,0.2366846161425334
frozenset({'ROSES REGENCY TEACUP AND SAUCER'}),"frozenset({'JAM MAKING SET WITH JARS', 'GREEN REGENCY TEACUP AND SAUCER'})",0.051264195414613245,0.013070494964645383,0.010445682451253482,0.2037617554858934,15.589444472994499,1.0,0.009775634043220183,1.2394902051428272,0.986422171358087,0.19383697813121273,0.1932166984048338,0.5014710416773729
frozenset({'GREEN REGENCY TEACUP AND SAUCER'}),"frozenset({'JAM MAKING SET WITH JARS', 'ROSES REGENCY TEACUP AND SAUCER'})",0.05003214056138847,0.012374116134561818,0.010445682451253482,0.20877944325481798,16.872271197752994,1.0,0.00982657893348614,1.248230819391501,0.9902768259145838,0.20103092783505155,0.19886611957915834,0.5264676437053311
"frozenset({'JUMBO BAG RED RETROSPOT', 'ROSES REGENCY TEACUP AND SAUCER'})",frozenset({'GREEN REGENCY TEACUP AND SAUCER'}),0.013016927362331262,0.05003214056138847,0.01007070923505464,0.7736625514403292,15.46331103885232,1.0,0.009419444495585098,4.197130724428775,0.9476665030745691,0.19009100101112233,0.7617419933623586,0.4874736740071025
"frozenset({'JUMBO BAG RED RETROSPOT', 'GREEN REGENCY TEACUP AND SAUCER'})",frozenset({'ROSES REGENCY TEACUP AND SAUCER'}),0.013927576601671309,0.051264195414613245,0.01007070923505464,0.7230769230769232,14.10491118077325,1.0,0.009356723226494567,3.425990405447231,0.9422256280802981,0.1827016520894072,0.7081136017164475,0.4597620770034564
"frozenset({'ROSES REGENCY TEACUP AND SAUCER', 'GREEN REGENCY TEACUP AND SAUCER'})",frozenset({'JUMBO BAG RED RETROSPOT'}),0.037550889222198416,0.10381401328476537,0.01007070923505464,0.268188302425107,2.583353575682094,1.0,0.006172400722486581,1.2246128200533715,0.6368193934743248,0.07670338637290901,0.18341537535396876,0.18259776318365772
frozenset({'GREEN REGENCY TEACUP AND SAUCER'}),"frozenset({'JUMBO BAG RED RETROSPOT', 'ROSES REGENCY TEACUP AND SAUCER'})",0.05003214056138847,0.013016927362331262,0.01007070923505464,0.20128479657387582,15.463311038852321,1.0,0.009419444495585098,1.2357133912112366,0.9845920446119848,0.19009100101112233,0.19075085929124092,0.4874736740071025
"frozenset({'REGENCY CAKESTAND 3 TIER', 'PINK REGENCY TEACUP AND SAUCER'})",frozenset({'GREEN REGENCY TEACUP AND SAUCER'}),0.018641525605313906,0.05003214056138847,0.016177415898864365,0.867816091954023,17.345172167663492,1.0,0.015244740469500577,7.186713371405148,0.9602475490904884,0.30816326530612237,0.8608543365624056,0.59557828152305
"frozenset({'REGENCY CAKESTAND 3 TIER', 'GREEN REGENCY TEACUP AND SAUCER'})",frozenset({'PINK REGENCY TEACUP AND SAUCER'}),0.02431969145061067,0.037658024426826656,0.016177415898864365,0.6651982378854625,17.66418307943928,1.0,0.01526158436416438,2.8743635323040833,0.9669030517969948,0.3532163742690058,0.6520968942302151,0.5473928600522618
"frozenset({'PINK REGENCY TEACUP AND SAUCER', 'GREEN REGENCY TEACUP AND SAUCER'})",frozenset({'REGENCY CAKESTAND 3 TIER'}),0.030908506535247484,0.0902614098992929,0.016177415898864365,0.5233968804159445,5.798678316679437,1.0,0.01338757052111142,1.9087969690476652,0.8539409482817002,0.1540816326530612,0.47610981355501686,0.35131268353141437
frozenset({'PINK REGENCY TEACUP AND SAUCER'}),"frozenset({'REGENCY CAKESTAND 3 TIER', 'GREEN REGENCY TEACUP AND SAUCER'})",0.037658024426826656,0.02431969145061067,0.016177415898864365,0.4295874822190611,17.66418307943928,1.0,0.01526158436416438,1.7104819374319715,0.9803046025844956,0.3532163742690058,0.41536944757139743,0.5473928600522618
frozenset({'GREEN REGENCY TEACUP AND SAUCER'}),"frozenset({'REGENCY CAKESTAND 3 TIER', 'PINK REGENCY TEACUP AND SAUCER'})",0.05003214056138847,0.018641525605313906,0.016177415898864365,0.32334047109207703,17.34517216766349,1.0,0.015244740469500577,1.4502987580453113,0.9919778447805204,0.30816326530612237,0.3104868948879309,0.59557828152305
"frozenset({'PINK REGENCY TEACUP AND SAUCER', 'ROSES REGENCY TEACUP AND SAUCER'})",frozenset({'GREEN REGENCY TEACUP AND SAUCER'}),0.02924791086350975,0.05003214056138847,0.026408827940861367,0.9029304029304029,18.047007239726724,1.0,0.024945492353411286,9.78646134440532,0.97304879503872,0.4994934143870315,0.8978180197307298,0.7153838310155227
"frozenset({'PINK REGENCY TEACUP AND SAUCER', 'GREEN REGENCY TEACUP AND SAUCER'})",frozenset({'ROSES REGENCY TEACUP AND SAUCER'}),0.030908506535247484,0.051264195414613245,0.026408827940861367,0.854419410745234,16.666981776167216,1.0,0.02482432822186459,6.516911419592478,0.9699818239163444,0.47358309317963493,0.8465530777365495,0.6847854629483745
"frozenset({'ROSES REGENCY TEACUP AND SAUCER', 'GREEN REGENCY TEACUP AND SAUCER'})",frozenset({'PINK REGENCY TEACUP AND SAUCER'}),0.037550889222198416,0.037658024426826656,0.026408827940861367,0.7032810271041369,18.675462608790934,1.0,0.02499473563728276,3.243277523446127,0.9833806197094945,0.5411635565312843,0.6916699256320639,0.702280627350077
frozenset({'PINK REGENCY TEACUP AND SAUCER'}),"frozenset({'ROSES REGENCY TEACUP AND SAUCER', 'GREEN REGENCY TEACUP AND SAUCER'})",0.037658024426826656,0.037550889222198416,0.026408827940861367,0.701280227596017,18.675462608790934,1.0,0.02499473563728276,3.221912975603783,0.9834900970954905,0.5411635565312843,0.6896253848033865,0.702280627350077
frozenset({'ROSES REGENCY TEACUP AND SAUCER'}),"frozenset({'PINK REGENCY TEACUP AND SAUCER', 'GREEN REGENCY TEACUP AND SAUCER'})",0.051264195414613245,0.030908506535247484,0.026408827940861367,0.5151515151515151,16.666981776167216,1.0,0.02482432822186459,1.998751205271052,0.9907933587302009,0.47358309317963493,0.499687606259935,0.6847854629483745
frozenset({'GREEN REGENCY TEACUP AND SAUCER'}),"frozenset({'PINK REGENCY TEACUP AND SAUCER', 'ROSES REGENCY TEACUP AND SAUCER'})",0.05003214056138847,0.02924791086350975,0.026408827940861367,0.5278372591006424,18.047007239726724,1.0,0.024945492353411286,2.0559692772187796,0.994338009681498,0.4994934143870315,0.5136114089444207,0.7153838310155227
"frozenset({'REGENCY CAKESTAND 3 TIER', 'ROSES REGENCY TEACUP AND SAUCER'})",frozenset({'GREEN REGENCY TEACUP AND SAUCER'}),0.02431969145061067,0.05003214056138847,0.019230769230769232,0.7907488986784141,15.804818458810102,1.0,0.01801400300970268,4.539846401948734,0.9600769312411739,0.3488824101068999,0.7797282305474589,0.5875586035147959
"frozenset({'REGENCY CAKESTAND 3 TIER', 'GREEN REGENCY TEACUP AND SAUCER'})",frozenset({'ROSES REGENCY TEACUP AND SAUCER'}),0.02431969145061067,0.051264195414613245,0.019230769230769232,0.7907488986784141,15.424974337020517,1.0,0.017984039815822028,4.533958476650165,0.9584800084908209,0.3412547528517111,0.7794421794663562,0.5829397575941705
"frozenset({'ROSES REGENCY TEACUP AND SAUCER', 'GREEN REGENCY TEACUP AND SAUCER'})",frozenset({'REGENCY CAKESTAND 3 TIER'}),0.037550889222198416,0.0902614098992929,0.019230769230769232,0.5121255349500713,5.673803849523995,1.0,0.015841373026601442,1.8646981042707476,0.8558908602633148,0.17710902812037493,0.4637201605398299,0.3625909573860149
frozenset({'REGENCY CAKESTAND 3 TIER'}),"frozenset({'ROSES REGENCY TEACUP AND SAUCER', 'GREEN REGENCY TEACUP AND SAUCER'})",0.0902614098992929,0.037550889222198416,0.019230769230769232,0.21305637982195846,5.673803849523995,1.0,0.015841373026601442,1.2230216830019576,0.9054814276836234,0.17710902812037493,0.18235300821040357,0.3625909573860149
frozenset({'ROSES REGENCY TEACUP AND SAUCER'}),"frozenset({'REGENCY CAKESTAND 3 TIER', 'GREEN REGENCY TEACUP AND SAUCER'})",0.051264195414613245,0.02431969145061067,0.019230769230769232,0.37513061650992685,15.424974337020515,1.0,0.017984039815822028,1.5614148081634875,0.9857012520270911,0.3412547528517111,0.3595551964976015,0.5829397575941705
frozenset({'GREEN REGENCY TEACUP AND SAUCER'}),"frozenset({'REGENCY CAKESTAND 3 TIER', 'ROSES REGENCY TEACUP AND SAUCER'})",0.05003214056138847,0.02431969145061067,0.019230769230769232,0.38436830835117775,15.804818458810102,1.0,0.01801400300970268,1.5848441881480517,0.9860629990767307,0.3488824101068999,0.36902314594815994,0.5875586035147959
"frozenset({'WHITE HANGING HEART T-LIGHT HOLDER', 'ROSES REGENCY TEACUP AND SAUCER'})",frozenset({'GREEN REGENCY TEACUP AND SAUCER'}),0.013284765373901865,0.05003214056138847,0.010231412041997,0.7701612903225806,15.39333080058023,1.0,0.009566746793484876,4.133193493697818,0.9476257880405432,0.19273461150353177,0.7580563306497088,0.48732903916557296
"frozenset({'WHITE HANGING HEART T-LIGHT HOLDER', 'GREEN REGENCY TEACUP AND SAUCER'})",frozenset({'ROSES REGENCY TEACUP AND SAUCER'}),0.013927576601671309,0.051264195414613245,0.010231412041997,0.7346153846153847,14.329989550679207,1.0,0.009517426033436928,3.574946510031893,0.943354926494513,0.1861598440545809,0.7202755349782621,0.46709870589180935
"frozenset({'ROSES REGENCY TEACUP AND SAUCER', 'GREEN REGENCY TEACUP AND SAUCER'})",frozenset({'WHITE HANGING HEART T-LIGHT HOLDER'}),0.037550889222198416,0.11602742661238483,0.010231412041997,0.2724679029957204,2.348306007905867,1.0,0.005874478998538581,1.2150289685190554,0.5965625753089506,0.07137518684603886,0.17697435541898607,0.1803244408792083
frozenset({'GREEN REGENCY TEACUP AND SAUCER'}),"frozenset({'WHITE HANGING HEART T-LIGHT HOLDER', 'ROSES REGENCY TEACUP AND SAUCER'})",0.05003214056138847,0.013284765373901865,0.010231412041997,0.2044967880085653,15.393330800580229,1.0,0.009566746793484876,1.240366122665916,0.9842825654509307,0.19273461150353177,0.1937864298883766,0.48732903916557296
"frozenset({'HAND WARMER OWL DESIGN', 'HAND WARMER SCOTTY DOG DESIGN'})",frozenset({'HAND WARMER BIRD DESIGN'}),0.01773087636597386,0.028819370044996784,0.010606385258195843,0.5981873111782477,20.756432574489832,1.0,0.010095392570982754,2.4169984098880155,0.9690034444901652,0.29508196721311475,0.5862636913996431,0.48310852547759975
"frozenset({'HAND WARMER OWL DESIGN', 'HAND WARMER BIRD DESIGN'})",frozenset({'HAND WARMER SCOTTY DOG DESIGN'}),0.016177415898864365,0.028712234840368545,0.010606385258195843,0.6556291390728477,22.83448650785806,1.0,0.010141895493797338,2.820470241136622,0.971929905611709,0.30937499999999996,0.6454491930405869,0.5125160620737372
"frozenset({'HAND WARMER BIRD DESIGN', 'HAND WARMER SCOTTY DOG DESIGN'})",frozenset({'HAND WARMER OWL DESIGN'}),0.015052496250267838,0.03369402185558174,0.010606385258195843,0.7046263345195729,20.912503041035592,1.0,0.010099206120558256,3.2714696368503793,0.9667334683650558,0.2780898876404494,0.6943269811414927,0.509705854064238
frozenset({'HAND WARMER OWL DESIGN'}),"frozenset({'HAND WARMER BIRD DESIGN', 'HAND WARMER SCOTTY DOG DESIGN'})",0.03369402185558174,0.015052496250267838,0.010606385258195843,0.314785373608903,20.912503041035592,1.0,0.010099206120558256,1.4374291876069176,0.9853832409129266,0.2780898876404494,0.30431355601952476,0.509705854064238
frozenset({'HAND WARMER SCOTTY DOG DESIGN'}),"frozenset({'HAND WARMER OWL DESIGN', 'HAND WARMER BIRD DESIGN'})",0.028712234840368545,0.016177415898864365,0.010606385258195843,0.3694029850746268,22.83448650785806,1.0,0.010141895493797338,1.560144689580499,0.9844730116073598,0.30937499999999996,0.3590338084162656,0.5125160620737372
frozenset({'HAND WARMER BIRD DESIGN'}),"frozenset({'HAND WARMER OWL DESIGN', 'HAND WARMER SCOTTY DOG DESIGN'})",0.028819370044996784,0.01773087636597386,0.010606385258195843,0.3680297397769517,20.756432574489832,1.0,0.010095392570982754,1.5542964368091354,0.98006708006708,0.29508196721311475,0.35662208551868535,0.48310852547759975
"frozenset({'WHITE HANGING HEART T-LIGHT HOLDER', 'HEART OF WICKER LARGE'})",frozenset({'HEART OF WICKER SMALL'}),0.018909363616884507,0.06235268909363617,0.010659952860509964,0.5637393767705383,9.041139764220283,1.0,0.009480903189947848,2.14928247240225,0.9065365045264543,0.15098634294385435,0.5347284441014859,0.3673507880416266
"frozenset({'WHITE HANGING HEART T-LIGHT HOLDER', 'HEART OF WICKER SMALL'})",frozenset({'HEART OF WICKER LARGE'}),0.020087850867795156,0.04901435611742019,0.010659952860509964,0.5306666666666667,10.826759927140255,1.0,0.009675359784442224,2.0262478207725425,0.9262424844937529,0.18240146654445463,0.5064769522522016,0.37407650273224047
"frozenset({'HEART OF WICKER LARGE', 'HEART OF WICKER SMALL'})",frozenset({'WHITE HANGING HEART T-LIGHT HOLDER'}),0.025873151917720164,0.11602742661238483,0.010659952860509964,0.41200828157349895,3.5509559558698425,1.0,0.007657957625145604,1.5033758906556973,0.7374662700359095,0.08122448979591838,0.3348303599814616,0.25194135223642633
frozenset({'HEART OF WICKER LARGE'}),"frozenset({'WHITE HANGING HEART T-LIGHT HOLDER', 'HEART OF WICKER SMALL'})",0.04901435611742019,0.020087850867795156,0.010659952860509964,0.2174863387978142,10.826759927140255,1.0,0.009675359784442224,1.252262034156379,0.9544163673094251,0.18240146654445463,0.2014450867915375,0.37407650273224047
"frozenset({'HERB MARKER BASIL', 'HERB MARKER MINT'})",frozenset({'HERB MARKER ROSEMARY'}),0.010820655667452325,0.012374116134561818,0.010017141632740518,0.9257425742574258,74.81282413955681,1.0,0.009883245582859359,13.300028569387909,0.9974261122189588,0.7601626016260162,0.9248121915841853,0.8676331918906176
"frozenset({'HERB MARKER BASIL', 'HERB MARKER ROSEMARY'})",frozenset({'HERB MARKER MINT'}),0.011034926076708806,0.012481251339190058,0.010017141632740518,0.9077669902912621,72.73044710196257,1.0,0.009879411946867733,10.706782222322458,0.9972552379595144,0.7420634920634921,0.9066012571064432,0.8551710487936997
"frozenset({'HERB MARKER MINT', 'HERB MARKER ROSEMARY'})",frozenset({'HERB MARKER BASIL'}),0.010981358474394687,0.012427683736875937,0.010017141632740518,0.9121951219512194,73.40025231286795,1.0,0.009880668782619478,11.247351379663346,0.997328085858087,0.7479999999999999,0.9110901788123977,0.85911480235492
frozenset({'HERB MARKER BASIL'}),"frozenset({'HERB MARKER MINT', 'HERB MARKER ROSEMARY'})",0.012427683736875937,0.010981358474394687,0.010017141632740518,0.8060344827586207,73.40025231286795,1.0,0.009880668782619478,5.098940551865342,0.9987886986980832,0.7479999999999999,0.8038808278252685,0.85911480235492
frozenset({'HERB MARKER MINT'}),"frozenset({'HERB MARKER BASIL', 'HERB MARKER ROSEMARY'})",0.012481251339190058,0.011034926076708806,0.010017141632740518,0.8025751072961372,72.73044710196257,1.0,0.009879411946867733,5.009323091828842,0.9987158233365098,0.7420634920634921,0.8003722296069923,0.8551710487936997
frozenset({'HERB MARKER ROSEMARY'}),"frozenset({'HERB MARKER BASIL', 'HERB MARKER MINT'})",0.012374116134561818,0.010820655667452325,0.010017141632740518,0.8095238095238094,74.81282413955681,1.0,0.009883245582859359,5.193191557745873,0.9989949877005637,0.7601626016260162,0.8074401860820142,0.8676331918906176
"frozenset({'HERB MARKER BASIL', 'HERB MARKER ROSEMARY'})",frozenset({'HERB MARKER PARSLEY'}),0.011034926076708806,0.012213413327619455,0.010017141632740518,0.9077669902912621,74.32541304718106,1.0,0.009882367519525948,10.709686150237381,0.9975535816595673,0.757085020242915,0.9066265821451888,0.8639712144438767
"frozenset({'HERB MARKER BASIL', 'HERB MARKER PARSLEY'})",frozenset({'HERB MARKER ROSEMARY'}),0.010874223269766446,0.012374116134561818,0.010017141632740518,0.9211822660098521,74.44428806005159,1.0,0.009882582731127274,12.530503401542726,0.9974132301173921,0.7570850202429148,0.9201947465353322,0.8653530377668308
"frozenset({'HERB MARKER ROSEMARY', 'HERB MARKER PARSLEY'})",frozenset({'HERB MARKER BASIL'}),0.011088493679022928,0.012427683736875937,0.010017141632740518,0.9033816425120772,72.69107113110111,1.0,0.009879337340179274,10.221373473323323,0.9973017261131794,0.7420634920634921,0.9021657898901854,0.8547080626353489
frozenset({'HERB MARKER BASIL'}),"frozenset({'HERB MARKER ROSEMARY', 'HERB MARKER PARSLEY'})",0.012427683736875937,0.011088493679022928,0.010017141632740518,0.8060344827586207,72.69107113110111,1.0,0.009879337340179274,5.0983882103659255,0.9986541096645369,0.7420634920634921,0.8038595809619159,0.8547080626353489
frozenset({'HERB MARKER ROSEMARY'}),"frozenset({'HERB MARKER BASIL', 'HERB MARKER PARSLEY'})",0.012374116134561818,0.010874223269766446,0.010017141632740518,0.8095238095238094,74.44428806005159,1.0,0.009882582731127274,5.192910327833724,0.9989279868806014,0.7570850202429148,0.8074297577140793,0.8653530377668308
frozenset({'HERB MARKER PARSLEY'}),"frozenset({'HERB MARKER BASIL', 'HERB MARKER ROSEMARY'})",0.012213413327619455,0.011034926076708806,0.010017141632740518,0.8201754385964912,74.32541304718106,1.0,0.009882367519525948,5.499610654988058,0.9987437215075342,0.757085020242915,0.8181689463611362,0.8639712144438767
"frozenset({'HERB MARKER BASIL', 'HERB MARKER PARSLEY'})",frozenset({'HERB MARKER THYME'}),0.010874223269766446,0.012320548532247696,0.010017141632740518,0.9211822660098521,74.767958877704,1.0,0.009883165237194864,12.531183040497087,0.9974720203419968,0.7601626016260162,0.9201990748384813,0.8671128721353608
"frozenset({'HERB MARKER BASIL', 'HERB MARKER THYME'})",frozenset({'HERB MARKER PARSLEY'}),0.010874223269766446,0.012213413327619455,0.010017141632740518,0.9211822660098521,75.42381816610491,1.0,0.009884330249330043,12.532542318405808,0.9975896007912062,0.7663934426229508,0.9202077300364381,0.8706788523031717
"frozenset({'HERB MARKER PARSLEY', 'HERB MARKER THYME'})",frozenset({'HERB MARKER BASIL'}),0.011088493679022928,0.012427683736875937,0.010017141632740518,0.9033816425120772,72.69107113110111,1.0,0.009879337340179274,10.221373473323323,0.9973017261131794,0.7420634920634921,0.9021657898901854,0.8547080626353489
frozenset({'HERB MARKER BASIL'}),"frozenset({'HERB MARKER PARSLEY', 'HERB MARKER THYME'})",0.012427683736875937,0.011088493679022928,0.010017141632740518,0.8060344827586207,72.69107113110111,1.0,0.009879337340179274,5.0983882103659255,0.9986541096645369,0.7420634920634921,0.8038595809619159,0.8547080626353489
frozenset({'HERB MARKER PARSLEY'}),"frozenset({'HERB MARKER BASIL', 'HERB MARKER THYME'})",0.012213413327619455,0.010874223269766446,0.010017141632740518,0.8201754385964912,75.42381816610491,1.0,0.009884330249330043,5.500504319377884,0.9989420812695025,0.7663934426229508,0.8181984883682263,0.8706788523031717
frozenset({'HERB MARKER THYME'}),"frozenset({'HERB MARKER BASIL', 'HERB MARKER PARSLEY'})",0.012320548532247696,0.010874223269766446,0.010017141632740518,0.8130434782608695,74.767958877704,1.0,0.009883165237194864,5.290672759254737,0.9989326855198489,0.7601626016260162,0.810988120886754,0.8671128721353608
"frozenset({'HERB MARKER BASIL', 'HERB MARKER ROSEMARY'})",frozenset({'HERB MARKER THYME'}),0.011034926076708806,0.012320548532247696,0.010338547246625241,0.9368932038834952,76.04314056563952,1.0,0.010202590904347384,15.65092053864285,0.9978608911288445,0.794238683127572,0.9361059946901555,0.888011819333052
"frozenset({'HERB MARKER BASIL', 'HERB MARKER THYME'})",frozenset({'HERB MARKER ROSEMARY'}),0.010874223269766446,0.012374116134561818,0.010338547246625241,0.9507389162561576,76.83287484272705,1.0,0.010203988345011997,20.048805442468375,0.9978354231293204,0.800829875518672,0.9501217165845827,0.8931183758769965
"frozenset({'HERB MARKER ROSEMARY', 'HERB MARKER THYME'})",frozenset({'HERB MARKER BASIL'}),0.01146346689522177,0.012427683736875937,0.010338547246625241,0.9018691588785046,72.56936835320657,1.0,0.010196082905523278,10.06383217525278,0.9976566856336805,0.7628458498023716,0.9006342730496812,0.8668828553013213
frozenset({'HERB MARKER BASIL'}),"frozenset({'HERB MARKER ROSEMARY', 'HERB MARKER THYME'})",0.012427683736875937,0.01146346689522177,0.010338547246625241,0.8318965517241379,72.56936835320657,1.0,0.010196082905523278,5.880525017443808,0.9986307483556053,0.7628458498023716,0.829947156583191,0.8668828553013213
frozenset({'HERB MARKER ROSEMARY'}),"frozenset({'HERB MARKER BASIL', 'HERB MARKER THYME'})",0.012374116134561818,0.010874223269766446,0.010338547246625241,0.8354978354978355,76.83287484272705,1.0,0.010203988345011997,6.012843537491684,0.9993508210708305,0.800829875518672,0.8336893362076141,0.8931183758769965
frozenset({'HERB MARKER THYME'}),"frozenset({'HERB MARKER BASIL', 'HERB MARKER ROSEMARY'})",0.012320548532247696,0.011034926076708806,0.010338547246625241,0.8391304347826087,76.04314056563952,1.0,0.010202590904347384,6.147620729793433,0.999159766353223,0.794238683127572,0.8373354434255086,0.888011819333052
"frozenset({'HERB MARKER MINT', 'HERB MARKER PARSLEY'})",frozenset({'HERB MARKER ROSEMARY'}),0.010981358474394687,0.012374116134561818,0.01012427683736876,0.921951219512195,74.50643015521064,1.0,0.009988392232291345,12.653956637025916,0.9975326027430236,0.7651821862348177,0.9209733343740119,0.8700665188470066
"frozenset({'HERB MARKER MINT', 'HERB MARKER ROSEMARY'})",frozenset({'HERB MARKER PARSLEY'}),0.010981358474394687,0.012213413327619455,0.01012427683736876,0.921951219512195,75.48677792041079,1.0,0.00999015696742222,12.656015641739865,0.9977088454042362,0.7745901639344261,0.9209861912068144,0.8754492939666239
"frozenset({'HERB MARKER ROSEMARY', 'HERB MARKER PARSLEY'})",frozenset({'HERB MARKER MINT'}),0.011088493679022928,0.012481251339190058,0.01012427683736876,0.9130434782608695,73.15320022392237,1.0,0.009985878560787854,11.356465609599306,0.9973896064032026,0.7529880478087648,0.9119444346175163,0.8621011382720656
frozenset({'HERB MARKER MINT'}),"frozenset({'HERB MARKER ROSEMARY', 'HERB MARKER PARSLEY'})",0.012481251339190058,0.011088493679022928,0.01012427683736876,0.8111587982832618,73.15320022392237,1.0,0.009985878560787854,5.236735931199718,0.9987962855334702,0.7529880478087648,0.8090413545502373,0.8621011382720656
frozenset({'HERB MARKER PARSLEY'}),"frozenset({'HERB MARKER MINT', 'HERB MARKER ROSEMARY'})",0.012213413327619455,0.010981358474394687,0.01012427683736876,0.8289473684210527,75.48677792041077,1.0,0.00999015696742222,5.78195513507277,0.9989532761767035,0.7745901639344261,0.8270481218482484,0.8754492939666239
frozenset({'HERB MARKER ROSEMARY'}),"frozenset({'HERB MARKER MINT', 'HERB MARKER PARSLEY'})",0.012374116134561818,0.010981358474394687,0.01012427683736876,0.8181818181818181,74.50643015521064,1.0,0.009988392232291345,5.439602528390827,0.9989393309347749,0.7651821862348177,0.8161630386079283,0.8700665188470066
"frozenset({'HERB MARKER MINT', 'HERB MARKER PARSLEY'})",frozenset({'HERB MARKER THYME'}),0.010981358474394687,0.012320548532247696,0.01007070923505464,0.9170731707317074,74.4344432661718,1.0,0.00993541287502085,11.910252208875841,0.997519478289529,0.7611336032388664,0.9160387217279267,0.8672322375397667
"frozenset({'HERB MARKER MINT', 'HERB MARKER THYME'})",frozenset({'HERB MARKER PARSLEY'}),0.010713520462824084,0.012213413327619455,0.01007070923505464,0.9400000000000001,76.96456140350878,1.0,0.00993986058144826,16.463109777873026,0.997695841916322,0.7833333333333333,0.9392581344902386,0.8822807017543861
"frozenset({'HERB MARKER PARSLEY', 'HERB MARKER THYME'})",frozenset({'HERB MARKER MINT'}),0.011088493679022928,0.012481251339190058,0.01007070923505464,0.9082125603864735,72.76614625448363,1.0,0.009932310958473734,10.758756893304618,0.9973160786338539,0.746031746031746,0.9070524587629339,0.8575397565880865
frozenset({'HERB MARKER MINT'}),"frozenset({'HERB MARKER PARSLEY', 'HERB MARKER THYME'})",0.012481251339190058,0.011088493679022928,0.01007070923505464,0.8068669527896996,72.76614625448363,1.0,0.009932310958473734,5.120364021617503,0.9987226540634432,0.746031746031746,0.80470138533547,0.8575397565880865
frozenset({'HERB MARKER PARSLEY'}),"frozenset({'HERB MARKER MINT', 'HERB MARKER THYME'})",0.012213413327619455,0.010713520462824084,0.01007070923505464,0.824561403508772,76.96456140350878,1.0,0.00993986058144826,5.6389329333619065,0.9992107813725941,0.7833333333333333,0.8226614836853886,0.8822807017543861
frozenset({'HERB MARKER THYME'}),"frozenset({'HERB MARKER MINT', 'HERB MARKER PARSLEY'})",0.012320548532247696,0.010981358474394687,0.01007070923505464,0.8173913043478261,74.4344432661718,1.0,0.00993541287502085,5.416054465497364,0.9988720103948138,0.7611336032388664,0.8153637474714412,0.8672322375397667
"frozenset({'HERB MARKER MINT', 'HERB MARKER ROSEMARY'})",frozenset({'HERB MARKER THYME'}),0.010981358474394687,0.012320548532247696,0.010231412041997,0.9317073170731707,75.62222693531282,1.0,0.01009611568196321,14.462449110777788,0.9977328365518359,0.7827868852459015,0.9308554178935866,0.8810710498409331
"frozenset({'HERB MARKER MINT', 'HERB MARKER THYME'})",frozenset({'HERB MARKER ROSEMARY'}),0.010713520462824084,0.012374116134561818,0.010231412041997,0.9550000000000001,77.17722943722944,1.0,0.010098841695580011,21.94724186367644,0.9977320328809873,0.7958333333333334,0.9544361881000163,0.8909199134199135
"frozenset({'HERB MARKER ROSEMARY', 'HERB MARKER THYME'})",frozenset({'HERB MARKER MINT'}),0.01146346689522177,0.012481251339190058,0.010231412041997,0.8925233644859812,71.509125185512,1.0,0.010088333630459252,9.188217922322313,0.997450005872817,0.74609375,0.8911649670856684,0.8561329268781837
frozenset({'HERB MARKER MINT'}),"frozenset({'HERB MARKER ROSEMARY', 'HERB MARKER THYME'})",0.012481251339190058,0.01146346689522177,0.010231412041997,0.8197424892703862,71.509125185512,1.0,0.010088333630459252,5.484024100319362,0.9984780259493877,0.74609375,0.8176521507369442,0.8561329268781837
frozenset({'HERB MARKER ROSEMARY'}),"frozenset({'HERB MARKER MINT', 'HERB MARKER THYME'})",0.012374116134561818,0.010713520462824084,0.010231412041997,0.8268398268398268,77.17722943722944,1.0,0.010098841695580011,5.71312941932719,0.9994096210471376,0.7958333333333334,0.8249645812998639,0.8909199134199135
frozenset({'HERB MARKER THYME'}),"frozenset({'HERB MARKER MINT', 'HERB MARKER ROSEMARY'})",0.012320548532247696,0.010981358474394687,0.010231412041997,0.8304347826086956,75.62222693531282,1.0,0.01009611568196321,5.832674039766389,0.9990856579486139,0.7827868852459015,0.8285520512234811,0.8810710498409331
"frozenset({'HERB MARKER ROSEMARY', 'HERB MARKER PARSLEY'})",frozenset({'HERB MARKER THYME'}),0.011088493679022928,0.012320548532247696,0.010552817655881723,0.9516908212560385,77.24419239655533,1.0,0.010416201331359799,20.444964645382427,0.9981217091759085,0.8208333333333333,0.9510882010634412,0.9041062801932367
"frozenset({'HERB MARKER ROSEMARY', 'HERB MARKER THYME'})",frozenset({'HERB MARKER PARSLEY'}),0.01146346689522177,0.012213413327619455,0.010552817655881723,0.9205607476635514,75.37292998852271,1.0,0.010412809596522897,12.434489973405269,0.9981751854934674,0.8040816326530613,0.9195785269730574,0.8922979176914249
"frozenset({'HERB MARKER PARSLEY', 'HERB MARKER THYME'})",frozenset({'HERB MARKER ROSEMARY'}),0.011088493679022928,0.012374116134561818,0.010552817655881723,0.9516908212560385,76.90980195328021,1.0,0.010415607347340138,20.443855796014525,0.9980647912721481,0.8174273858921163,0.9510855481481655,0.9022523370349457
frozenset({'HERB MARKER ROSEMARY'}),"frozenset({'HERB MARKER PARSLEY', 'HERB MARKER THYME'})",0.012374116134561818,0.011088493679022928,0.010552817655881723,0.8528138528138528,76.90980195328021,1.0,0.010415607347340138,6.718781116474872,0.9993640023688847,0.8174273858921163,0.8511634800026544,0.9022523370349457
frozenset({'HERB MARKER PARSLEY'}),"frozenset({'HERB MARKER ROSEMARY', 'HERB MARKER THYME'})",0.012213413327619455,0.01146346689522177,0.010552817655881723,0.8640350877192983,75.37292998852271,1.0,0.010412809596522897,7.2705267596093375,0.9989330191483973,0.8040816326530613,0.8624583839570749,0.8922979176914249
frozenset({'HERB MARKER THYME'}),"frozenset({'HERB MARKER ROSEMARY', 'HERB MARKER PARSLEY'})",0.012320548532247696,0.011088493679022928,0.010552817655881723,0.8565217391304348,77.24419239655535,1.0,0.010416201331359799,6.892413528903782,0.9993667899499104,0.8208333333333333,0.8549129422071913,0.9041062801932367
"frozenset({'SET OF 3 CAKE TINS PANTRY DESIGN', 'JAM MAKING SET PRINTED'})",frozenset({'JAM MAKING SET WITH JARS'}),0.01682022712663381,0.053514034711806296,0.01012427683736876,0.6019108280254777,11.247719056636255,1.0,0.009224158619053612,2.3775727448039423,0.9266800541726988,0.16814946619217083,0.5794029847518036,0.39555000860733347
"frozenset({'JAM MAKING SET WITH JARS', 'JAM MAKING SET PRINTED'})",frozenset({'SET OF 3 CAKE TINS PANTRY DESIGN'}),0.022498392971930577,0.06647739447182344,0.01012427683736876,0.45,6.769218372280419,1.0,0.00862864229279163,1.6973138282330482,0.8718885479078377,0.1283967391304348,0.41083376370000574,0.30114826752618856
"frozenset({'JAM MAKING SET WITH JARS', 'SET OF 3 CAKE TINS PANTRY DESIGN'})",frozenset({'JAM MAKING SET PRINTED'}),0.01826655238911506,0.05399614313263338,0.01012427683736876,0.5542521994134898,10.264662756598243,1.0,0.009137953460026356,2.1222849683669214,0.9193721467416016,0.16293103448275864,0.5288097428454716,0.3708760997067449
"frozenset({'JUMBO BAG APPLES', 'JUMBO BAG RED RETROSPOT'})",frozenset({'JUMBO BAG ALPHABET'}),0.027212341975573172,0.04542532676237412,0.012106278122991214,0.4448818897637795,9.793697073243203,1.0,0.010870148596781334,1.7195884184564325,0.9230107987992672,0.19999999999999998,0.4184654948434476,0.3556956618630218
"frozenset({'JUMBO BAG APPLES', 'JUMBO BAG ALPHABET'})",frozenset({'JUMBO BAG RED RETROSPOT'}),0.019659310049282196,0.10381401328476537,0.012106278122991214,0.6158038147138963,5.931798561960277,1.0,0.010065366248365711,2.3326259370531277,0.8480899298021821,0.10870610870610871,0.5712986020967733,0.36620944089667984
"frozenset({'JUMBO BAG RED RETROSPOT', 'JUMBO BAG ALPHABET'})",frozenset({'JUMBO BAG APPLES'}),0.02126633811870581,0.04740732804799657,0.012106278122991214,0.5692695214105793,12.008049068579316,1.0,0.011098097855418114,2.211574799795002,0.9366414594819491,0.2140151515151515,0.5478335165997129,0.41231837652449865
frozenset({'JUMBO BAG APPLES'}),"frozenset({'JUMBO BAG RED RETROSPOT', 'JUMBO BAG ALPHABET'})",0.04740732804799657,0.02126633811870581,0.012106278122991214,0.25536723163841807,12.008049068579314,1.0,0.011098097855418114,1.3143843562442268,0.96234471721277,0.2140151515151515,0.23918753654567285,0.41231837652449865
frozenset({'JUMBO BAG ALPHABET'}),"frozenset({'JUMBO BAG APPLES', 'JUMBO BAG RED RETROSPOT'})",0.04542532676237412,0.027212341975573172,0.012106278122991214,0.2665094339622641,9.793697073243202,1.0,0.010870148596781334,1.3262442668886076,0.9406215547808469,0.19999999999999998,0.2459910855290499,0.3556956618630218
"frozenset({'JUMBO BAG PINK POLKADOT', 'JUMBO BAG RED RETROSPOT'})",frozenset({'JUMBO BAG ALPHABET'}),0.04205056781658453,0.04542532676237412,0.010713520462824084,0.2547770700636942,5.6087008772984,1.0,0.008803359679212358,1.280924988874421,0.857775541016608,0.1395673412421493,0.21931416071543453,0.24531306333373387
"frozenset({'JUMBO BAG PINK POLKADOT', 'JUMBO BAG ALPHABET'})",frozenset({'JUMBO BAG RED RETROSPOT'}),0.014195414613241912,0.10381401328476537,0.010713520462824084,0.7547169811320754,7.269895048386782,1.0,0.009239837501582235,3.6536813304544173,0.8748655110579796,0.0998502246630055,0.7263034431424736,0.4289580777693401
"frozenset({'JUMBO BAG RED RETROSPOT', 'JUMBO BAG ALPHABET'})",frozenset({'JUMBO BAG PINK POLKADOT'}),0.02126633811870581,0.062084851082065566,0.010713520462824084,0.503778337531486,8.11435203195667,1.0,0.00939320302766338,1.8901132696468015,0.895812216080127,0.14749262536873156,0.4709311785389103,0.3381704457286421
frozenset({'JUMBO BAG ALPHABET'}),"frozenset({'JUMBO BAG PINK POLKADOT', 'JUMBO BAG RED RETROSPOT'})",0.04542532676237412,0.04205056781658453,0.010713520462824084,0.23584905660377356,5.608700877298401,1.0,0.008803359679212358,1.2536128371782966,0.8608080808080808,0.1395673412421493,0.20230555212655846,0.24531306333373387
"frozenset({'JUMBO STORAGE BAG SUKI', 'JUMBO BAG ALPHABET'})",frozenset({'JUMBO BAG RED RETROSPOT'}),0.015106063852581958,0.10381401328476537,0.010874223269766446,0.7198581560283689,6.9341135483682095,1.0,0.009306002156293989,3.199043648780965,0.8689112887884818,0.1006445215666832,0.6874065784063115,0.41230265902553637
"frozenset({'JUMBO STORAGE BAG SUKI', 'JUMBO BAG RED RETROSPOT'})",frozenset({'JUMBO BAG ALPHABET'}),0.03739018641525605,0.04542532676237412,0.010874223269766446,0.2908309455587393,6.402396334540737,1.0,0.009175761834147358,1.3460467109492178,0.8765841262531148,0.1511541325390916,0.25708373129576567,0.26510886900578473
"frozenset({'JUMBO BAG RED RETROSPOT', 'JUMBO BAG ALPHABET'})",frozenset({'JUMBO STORAGE BAG SUKI'}),0.02126633811870581,0.06053139061495608,0.010874223269766446,0.5113350125944585,8.447435411604735,1.0,0.009586942250153335,1.9225208140508374,0.900777107009331,0.15332326283987915,0.479849584622725,0.34549051514678675
frozenset({'JUMBO BAG ALPHABET'}),"frozenset({'JUMBO STORAGE BAG SUKI', 'JUMBO BAG RED RETROSPOT'})",0.04542532676237412,0.03739018641525605,0.010874223269766446,0.2393867924528302,6.402396334540737,1.0,0.009175761834147358,1.2655707316587022,0.8839627805145046,0.1511541325390916,0.20984266229879991,0.26510886900578473
"frozenset({'JUMBO BAG APPLES', 'JUMBO BAG RED RETROSPOT'})",frozenset({'JUMBO BAG BAROQUE BLACK WHITE'}),0.027212341975573172,0.04874651810584958,0.010874223269766446,0.3996062992125985,8.197637795275591,1.0,0.009547716348951598,1.5843828485318965,0.9025748139146287,0.16707818930041157,0.36883941849874924,0.3113416111447608
"frozenset({'JUMBO BAG APPLES', 'JUMBO BAG BAROQUE BLACK WHITE'})",frozenset({'JUMBO BAG RED RETROSPOT'}),0.014838225841011356,0.10381401328476537,0.010874223269766446,0.7328519855595669,7.05927805285139,1.0,0.009333807495185344,3.354642139461082,0.871270564178827,0.10089463220675945,0.7019056106650325,0.41879957379113536
"frozenset({'JUMBO BAG RED RETROSPOT', 'JUMBO BAG BAROQUE BLACK WHITE'})",frozenset({'JUMBO BAG APPLES'}),0.03053353331904864,0.04740732804799657,0.010874223269766446,0.356140350877193,7.512348101893151,1.0,0.009426710039245874,1.479503604939079,0.894188563959657,0.1621405750798722,0.32409762526994534,0.2927594409753197
frozenset({'JUMBO BAG APPLES'}),"frozenset({'JUMBO BAG RED RETROSPOT', 'JUMBO BAG BAROQUE BLACK WHITE'})",0.04740732804799657,0.03053353331904864,0.010874223269766446,0.22937853107344636,7.512348101893152,1.0,0.009426710039245874,1.258031998552261,0.9100278147973836,0.1621405750798722,0.20510765930374053,0.2927594409753197
frozenset({'JUMBO BAG BAROQUE BLACK WHITE'}),"frozenset({'JUMBO BAG APPLES', 'JUMBO BAG RED RETROSPOT'})",0.04874651810584958,0.027212341975573172,0.010874223269766446,0.2230769230769231,8.197637795275591,1.0,0.009547716348951598,1.2521029261700543,0.9230070177210079,0.16707818930041157,0.20134361233480177,0.3113416111447608
"frozenset({'JUMBO BAG APPLES', 'JUMBO BAG PEARS'})",frozenset({'JUMBO BAG RED RETROSPOT'}),0.019927148060852797,0.10381401328476537,0.011409899292907649,0.5725806451612903,5.51544658610473,1.0,0.009341182079390789,2.0967370255224353,0.8353369011621103,0.10157367668097281,0.5230684688506256,0.3412438829521621
"frozenset({'JUMBO BAG APPLES', 'JUMBO BAG RED RETROSPOT'})",frozenset({'JUMBO BAG PEARS'}),0.027212341975573172,0.02935504606813799,0.011409899292907649,0.41929133858267714,14.283450198287257,1.0,0.010611079740592774,1.6714835138894435,0.956004012326529,0.2526690391459075,0.40172906780692147,0.4039887349847692
"frozenset({'JUMBO BAG PEARS', 'JUMBO BAG RED RETROSPOT'})",frozenset({'JUMBO BAG APPLES'}),0.014516820227126633,0.04740732804799657,0.011409899292907649,0.7859778597785978,16.5792482331603,1.0,0.010721695634186465,4.45090713963781,0.9535257968422592,0.22587486744432664,0.7753266988892124,0.5133279129401463
frozenset({'JUMBO BAG APPLES'}),"frozenset({'JUMBO BAG PEARS', 'JUMBO BAG RED RETROSPOT'})",0.04740732804799657,0.014516820227126633,0.011409899292907649,0.2406779661016949,16.579248233160296,1.0,0.010721695634186465,1.297846151933025,0.9864485229998899,0.22587486744432664,0.22949264940949288,0.5133279129401463
frozenset({'JUMBO BAG PEARS'}),"frozenset({'JUMBO BAG APPLES', 'JUMBO BAG RED RETROSPOT'})",0.02935504606813799,0.027212341975573172,0.011409899292907649,0.3886861313868613,14.283450198287259,1.0,0.010611079740592774,1.5913063779026442,0.9581143964597,0.2526690391459075,0.37158550114151584,0.4039887349847692
"frozenset({'JUMBO BAG APPLES', 'JUMBO BAG PEARS'})",frozenset({'JUMBO BAG VINTAGE LEAF'}),0.019927148060852797,0.04371116348832226,0.012427683736875937,0.6236559139784946,14.26765760067468,1.0,0.011556644910131997,2.540996051302458,0.9488186601932965,0.24267782426778242,0.6064535403400481,0.45398481973434535
"frozenset({'JUMBO BAG APPLES', 'JUMBO BAG VINTAGE LEAF'})",frozenset({'JUMBO BAG PEARS'}),0.018159417184486822,0.02935504606813799,0.012427683736875937,0.6843657817109144,23.313394914195896,1.0,0.01189461320885479,3.075220928812161,0.9748081521463066,0.3541984732824427,0.6748201110915757,0.5538617229722456
"frozenset({'JUMBO BAG PEARS', 'JUMBO BAG VINTAGE LEAF'})",frozenset({'JUMBO BAG APPLES'}),0.016016713091922007,0.04740732804799657,0.012427683736875937,0.7759197324414715,16.367084254482926,1.0,0.011668374165076548,4.251122521099238,0.9541846645679283,0.24369747899159663,0.764768012439824,0.5190333125484193
frozenset({'JUMBO BAG APPLES'}),"frozenset({'JUMBO BAG PEARS', 'JUMBO BAG VINTAGE LEAF'})",0.04740732804799657,0.016016713091922007,0.012427683736875937,0.2621468926553672,16.367084254482926,1.0,0.011668374165076548,1.3335761239106416,0.9856277401702904,0.24369747899159663,0.25013654483588627,0.5190333125484193
frozenset({'JUMBO BAG PEARS'}),"frozenset({'JUMBO BAG APPLES', 'JUMBO BAG VINTAGE LEAF'})",0.02935504606813799,0.018159417184486822,0.012427683736875937,0.4233576642335766,23.313394914195896,1.0,0.01189461320885479,1.7026855676674089,0.986051800258811,0.3541984732824427,0.41269250236850935,0.5538617229722456
frozenset({'JUMBO BAG VINTAGE LEAF'}),"frozenset({'JUMBO BAG APPLES', 'JUMBO BAG PEARS'})",0.04371116348832226,0.019927148060852797,0.012427683736875937,0.28431372549019607,14.267657600674678,1.0,0.011556644910131997,1.3694168616136029,0.9724168836486978,0.24267782426778242,0.2697621680941725,0.45398481973434535
"frozenset({'JUMBO BAG APPLES', 'JUMBO BAG PINK POLKADOT'})",frozenset({'JUMBO BAG RED RETROSPOT'}),0.018695093207628025,0.10381401328476537,0.014731090636383115,0.7879656160458453,7.590166212767719,1.0,0.012790277981766492,4.22660688329212,0.88479184552551,0.13667992047713717,0.763403593565083,0.4649322404274634
"frozenset({'JUMBO BAG APPLES', 'JUMBO BAG RED RETROSPOT'})",frozenset({'JUMBO BAG PINK POLKADOT'}),0.027212341975573172,0.062084851082065566,0.014731090636383115,0.5413385826771654,8.719334479221159,1.0,0.013041616437235413,2.044896547855411,0.9100776932318784,0.19755747126436782,0.510977706403411,0.3893060471625689
"frozenset({'JUMBO BAG PINK POLKADOT', 'JUMBO BAG RED RETROSPOT'})",frozenset({'JUMBO BAG APPLES'}),0.04205056781658453,0.04740732804799657,0.014731090636383115,0.3503184713375796,7.389542624779589,1.0,0.012737585573297766,1.4662455832986718,0.9026297194389796,0.19713261648745517,0.3179860103992541,0.3305264673072079
frozenset({'JUMBO BAG APPLES'}),"frozenset({'JUMBO BAG PINK POLKADOT', 'JUMBO BAG RED RETROSPOT'})",0.04740732804799657,0.04205056781658453,0.014731090636383115,0.3107344632768362,7.389542624779589,1.0,0.012737585573297766,1.3898118811185618,0.9077055205942346,0.19713261648745517,0.2804781614075925,0.3305264673072079
frozenset({'JUMBO BAG PINK POLKADOT'}),"frozenset({'JUMBO BAG APPLES', 'JUMBO BAG RED RETROSPOT'})",0.062084851082065566,0.027212341975573172,0.014731090636383115,0.2372735116479724,8.719334479221159,1.0,0.013041616437235413,1.275408252998089,0.9439151812833919,0.19755747126436782,0.21593733014561392,0.3893060471625689
"frozenset({'JUMBO BAG APPLES', 'JUMBO BAG PINK POLKADOT'})",frozenset({'JUMBO SHOPPER VINTAGE RED PAISLEY'}),0.018695093207628025,0.060692093421898435,0.010017141632740518,0.5358166189111748,8.828441872757116,1.0,0.00888249728925206,2.0235707370108487,0.9036230464673451,0.1444015444015444,0.5058240457276197,0.35043258130024757
"frozenset({'JUMBO BAG APPLES', 'JUMBO SHOPPER VINTAGE RED PAISLEY'})",frozenset({'JUMBO BAG PINK POLKADOT'}),0.017516605956717377,0.062084851082065566,0.010017141632740518,0.5718654434250765,9.211030282881215,1.0,0.008929625760454498,2.1907018121154613,0.9073278155629814,0.1439568899153195,0.5435252783059757,0.36660571567284883
"frozenset({'JUMBO BAG PINK POLKADOT', 'JUMBO SHOPPER VINTAGE RED PAISLEY'})",frozenset({'JUMBO BAG APPLES'}),0.02431969145061067,0.04740732804799657,0.010017141632740518,0.4118942731277533,8.688409368077851,1.0,0.00886421004211536,1.619764318600036,0.9069611493538788,0.1623263888888889,0.38262623239885835,0.3115968540780009
frozenset({'JUMBO BAG APPLES'}),"frozenset({'JUMBO BAG PINK POLKADOT', 'JUMBO SHOPPER VINTAGE RED PAISLEY'})",0.04740732804799657,0.02431969145061067,0.010017141632740518,0.21129943502824858,8.688409368077851,1.0,0.00886421004211536,1.2370731705819622,0.9289428315993674,0.1623263888888889,0.1916403784510456,0.3115968540780009
"frozenset({'JUMBO BAG APPLES', 'JUMBO BAG PINK POLKADOT'})",frozenset({'JUMBO STORAGE BAG SUKI'}),0.018695093207628025,0.06053139061495608,0.011195628883651167,0.5988538681948424,9.893277886248955,1.0,0.010063988894117222,2.341961033395574,0.9160468475875833,0.16456692913385826,0.5730074131292804,0.3919048102036159
"frozenset({'JUMBO BAG APPLES', 'JUMBO STORAGE BAG SUKI'})",frozenset({'JUMBO BAG PINK POLKADOT'}),0.01933790443539747,0.062084851082065566,0.011195628883651167,0.5789473684210527,9.325098769356524,1.0,0.0099950379665403,2.2275484786800943,0.910367122362534,0.15942028985507248,0.5510759879881325,0.3796376186367558
"frozenset({'JUMBO BAG PINK POLKADOT', 'JUMBO STORAGE BAG SUKI'})",frozenset({'JUMBO BAG APPLES'}),0.027051639168630813,0.04740732804799657,0.011195628883651167,0.41386138613861384,8.729903227610896,1.0,0.009913182951347852,1.6252003355937894,0.9100700804279798,0.17696867061812022,0.38469124199716825,0.3250097891145046
frozenset({'JUMBO BAG APPLES'}),"frozenset({'JUMBO BAG PINK POLKADOT', 'JUMBO STORAGE BAG SUKI'})",0.04740732804799657,0.027051639168630813,0.011195628883651167,0.23615819209039546,8.729903227610896,1.0,0.009913182951347852,1.2737563599641444,0.9295171158304784,0.17696867061812022,0.21492050486943248,0.3250097891145046
"frozenset({'JUMBO BAG APPLES', 'JUMBO BAG RED RETROSPOT'})",frozenset({'JUMBO BAG PINK VINTAGE PAISLEY'}),0.027212341975573172,0.04365759588600814,0.010499250053567602,0.3858267716535433,8.837563402734167,1.0,0.009311224624486171,1.5571216066984226,0.9116549042524498,0.17391304347826086,0.3577894008417827,0.31315878459977775
"frozenset({'JUMBO BAG APPLES', 'JUMBO BAG PINK VINTAGE PAISLEY'})",frozenset({'JUMBO BAG RED RETROSPOT'}),0.013016927362331262,0.10381401328476537,0.010499250053567602,0.8065843621399177,7.769513350066039,1.0,0.009147910583447718,4.6334722291872765,0.8827829313543599,0.09874055415617128,0.7841791316454264,0.4538597765291952
"frozenset({'JUMBO BAG RED RETROSPOT', 'JUMBO BAG PINK VINTAGE PAISLEY'})",frozenset({'JUMBO BAG APPLES'}),0.026140989929290766,0.04740732804799657,0.010499250053567602,0.40163934426229503,8.47209410021302,1.0,0.00925997556849034,1.5920041914814302,0.9056397476482343,0.1665250637213254,0.371860950272087,0.31155413540798366
frozenset({'JUMBO BAG APPLES'}),"frozenset({'JUMBO BAG RED RETROSPOT', 'JUMBO BAG PINK VINTAGE PAISLEY'})",0.04740732804799657,0.026140989929290766,0.010499250053567602,0.2214689265536723,8.472094100213022,1.0,0.00925997556849034,1.25089292295004,0.9258578761876454,0.1665250637213254,0.20057106275599312,0.31155413540798366
frozenset({'JUMBO BAG PINK VINTAGE PAISLEY'}),"frozenset({'JUMBO BAG APPLES', 'JUMBO BAG RED RETROSPOT'})",0.04365759588600814,0.027212341975573172,0.010499250053567602,0.24049079754601224,8.837563402734167,1.0,0.009311224624486171,1.2808108906137443,0.9273317123858448,0.17391304347826086,0.2192446150104051,0.31315878459977775
"frozenset({'JUMBO BAG APPLES', 'JUMBO BAG SCANDINAVIAN BLUE PAISLEY'})",frozenset({'JUMBO BAG RED RETROSPOT'}),0.013016927362331262,0.10381401328476537,0.010499250053567602,0.8065843621399177,7.769513350066039,1.0,0.009147910583447718,4.6334722291872765,0.8827829313543599,0.09874055415617128,0.7841791316454264,0.4538597765291952
"frozenset({'JUMBO BAG APPLES', 'JUMBO BAG RED RETROSPOT'})",frozenset({'JUMBO BAG SCANDINAVIAN BLUE PAISLEY'}),0.027212341975573172,0.03401542746946647,0.010499250053567602,0.3858267716535433,11.34269948539897,1.0,0.009573610608823174,1.5728210347612532,0.9373449159399442,0.20696937697993664,0.3641997545182913,0.34724409448818894
"frozenset({'JUMBO BAG SCANDINAVIAN BLUE PAISLEY', 'JUMBO BAG RED RETROSPOT'})",frozenset({'JUMBO BAG APPLES'}),0.02292693379044354,0.04740732804799657,0.010499250053567602,0.4579439252336448,9.659770843233538,1.0,0.009412345382229348,1.7573692396355924,0.917513650196921,0.1754700089525515,0.43096762055118265,0.33970642589365857
frozenset({'JUMBO BAG APPLES'}),"frozenset({'JUMBO BAG SCANDINAVIAN BLUE PAISLEY', 'JUMBO BAG RED RETROSPOT'})",0.04740732804799657,0.02292693379044354,0.010499250053567602,0.2214689265536723,9.659770843233538,1.0,0.009412345382229348,1.2550212824317235,0.9410925591627868,0.1754700089525515,0.20320076320745364,0.33970642589365857
frozenset({'JUMBO BAG SCANDINAVIAN BLUE PAISLEY'}),"frozenset({'JUMBO BAG APPLES', 'JUMBO BAG RED RETROSPOT'})",0.03401542746946647,0.027212341975573172,0.010499250053567602,0.30866141732283464,11.34269948539897,1.0,0.009573610608823174,1.407107432449911,0.9439463025269997,0.20696937697993664,0.28932221027437655,0.34724409448818894
"frozenset({'JUMBO BAG APPLES', 'JUMBO BAG RED RETROSPOT'})",frozenset({'JUMBO BAG VINTAGE LEAF'}),0.027212341975573172,0.04371116348832226,0.01146346689522177,0.42125984251968507,9.637351397251814,1.0,0.010273983766227356,1.652363023632423,0.9213079995059492,0.1927927927927928,0.3948061136095385,0.3417573722402347
"frozenset({'JUMBO BAG APPLES', 'JUMBO BAG VINTAGE LEAF'})",frozenset({'JUMBO BAG RED RETROSPOT'}),0.018159417184486822,0.10381401328476537,0.01146346689522177,0.6312684365781711,6.080763247699328,1.0,0.009578264918387858,2.4304563959717163,0.8510006358342302,0.1037324285021813,0.5885546427998385,0.3708457765966191
"frozenset({'JUMBO BAG RED RETROSPOT', 'JUMBO BAG VINTAGE LEAF'})",frozenset({'JUMBO BAG APPLES'}),0.02164131133490465,0.04740732804799657,0.01146346689522177,0.5297029702970297,11.173440733903899,1.0,0.010437510149379119,2.0255128393084707,0.9306423749698093,0.19906976744186047,0.50629787153489,0.38575543995077477
frozenset({'JUMBO BAG APPLES'}),"frozenset({'JUMBO BAG RED RETROSPOT', 'JUMBO BAG VINTAGE LEAF'})",0.04740732804799657,0.02164131133490465,0.01146346689522177,0.24180790960451978,11.173440733903899,1.0,0.010437510149379119,1.2903836653779575,0.9558146733649326,0.19906976744186047,0.22503668728083526,0.38575543995077477
frozenset({'JUMBO BAG VINTAGE LEAF'}),"frozenset({'JUMBO BAG APPLES', 'JUMBO BAG RED RETROSPOT'})",0.04371116348832226,0.027212341975573172,0.01146346689522177,0.2622549019607843,9.637351397251814,1.0,0.010273983766227356,1.3185958952623458,0.9372032977273156,0.1927927927927928,0.24161753908611905,0.3417573722402347
"frozenset({'JUMBO BAG APPLES', 'JUMBO BAG WOODLAND ANIMALS'})",frozenset({'JUMBO BAG RED RETROSPOT'}),0.014463252624812514,0.10381401328476537,0.011195628883651167,0.774074074074074,7.456354393609295,1.0,0.009694140583517964,3.9667248592313658,0.8785935230113946,0.10455227613806901,0.747902858028381,0.44095860566448797
"frozenset({'JUMBO BAG APPLES', 'JUMBO BAG RED RETROSPOT'})",frozenset({'JUMBO BAG WOODLAND ANIMALS'}),0.027212341975573172,0.03937218770087851,0.011195628883651167,0.41141732283464566,10.44944024854036,1.0,0.010124219447608405,1.6321034402941594,0.9295976224100501,0.20212765957446807,0.38729373683584256,0.3478855321656221
"frozenset({'JUMBO BAG WOODLAND ANIMALS', 'JUMBO BAG RED RETROSPOT'})",frozenset({'JUMBO BAG APPLES'}),0.02539104349689308,0.04740732804799657,0.011195628883651167,0.44092827004219404,9.30084626570359,1.0,0.009991907355113006,1.7038827415292437,0.9157343527205192,0.1817391304347826,0.4131051535257087,0.33854323106629475
frozenset({'JUMBO BAG APPLES'}),"frozenset({'JUMBO BAG WOODLAND ANIMALS', 'JUMBO BAG RED RETROSPOT'})",0.04740732804799657,0.02539104349689308,0.011195628883651167,0.23615819209039546,9.30084626570359,1.0,0.009991907355113006,1.2759303646527362,0.9368987692401242,0.1817391304347826,0.21625816917354634,0.33854323106629475
frozenset({'JUMBO BAG WOODLAND ANIMALS'}),"frozenset({'JUMBO BAG APPLES', 'JUMBO BAG RED RETROSPOT'})",0.03937218770087851,0.027212341975573172,0.011195628883651167,0.2843537414965986,10.449440248540359,1.0,0.010124219447608405,1.3593135525626496,0.9413646809215696,0.20212765957446807,0.26433456201864003,0.3478855321656221
"frozenset({'JUMBO BAG APPLES', 'JUMBO SHOPPER VINTAGE RED PAISLEY'})",frozenset({'JUMBO BAG RED RETROSPOT'}),0.017516605956717377,0.10381401328476537,0.012963359760017142,0.7400611620795108,7.128721245459395,1.0,0.011144890596522483,3.4476802077162567,0.8750502982749663,0.11962432031636185,0.7099498968141248,0.4324660815557513
"frozenset({'JUMBO BAG APPLES', 'JUMBO BAG RED RETROSPOT'})",frozenset({'JUMBO SHOPPER VINTAGE RED PAISLEY'}),0.027212341975573172,0.060692093421898435,0.012963359760017142,0.47637795275590555,7.849094105955203,1.0,0.011311785758607007,1.7938662276002844,0.897006407689227,0.17298070050035738,0.44254483159664926,0.34498509288280715
"frozenset({'JUMBO SHOPPER VINTAGE RED PAISLEY', 'JUMBO BAG RED RETROSPOT'})",frozenset({'JUMBO BAG APPLES'}),0.03519391472037712,0.04740732804799657,0.012963359760017142,0.3683409436834094,7.769704787211172,1.0,0.011294910299575009,1.5080804469216054,0.9030778252592194,0.18615384615384614,0.336905400476966,0.3208936356835126
frozenset({'JUMBO BAG APPLES'}),"frozenset({'JUMBO SHOPPER VINTAGE RED PAISLEY', 'JUMBO BAG RED RETROSPOT'})",0.04740732804799657,0.03519391472037712,0.012963359760017142,0.2734463276836158,7.769704787211172,1.0,0.011294910299575009,1.327921283782996,0.9146563971626722,0.18615384615384614,0.24694331492963967,0.3208936356835126
frozenset({'JUMBO SHOPPER VINTAGE RED PAISLEY'}),"frozenset({'JUMBO BAG APPLES', 'JUMBO BAG RED RETROSPOT'})",0.060692093421898435,0.027212341975573172,0.012963359760017142,0.21359223300970875,7.849094105955203,1.0,0.011311785758607007,1.2370015898335305,0.9289784068227182,0.17298070050035738,0.1915936016423592,0.34498509288280715
"frozenset({'JUMBO BAG APPLES', 'JUMBO STORAGE BAG SUKI'})",frozenset({'JUMBO BAG RED RETROSPOT'}),0.01933790443539747,0.10381401328476537,0.014570387829440755,0.7534626038781164,7.257812120328523,1.0,0.012562842361484878,3.6350914742044913,0.8792196973835146,0.13418845584607794,0.7249037590673447,0.4469067405355494
"frozenset({'JUMBO BAG APPLES', 'JUMBO BAG RED RETROSPOT'})",frozenset({'JUMBO STORAGE BAG SUKI'}),0.027212341975573172,0.06053139061495608,0.014570387829440755,0.5354330708661418,8.845543864539057,1.0,0.01292318692776957,2.0222459896932303,0.9117598471106505,0.19912152269399705,0.5055003174209793,0.38807051773395584
"frozenset({'JUMBO STORAGE BAG SUKI', 'JUMBO BAG RED RETROSPOT'})",frozenset({'JUMBO BAG APPLES'}),0.03739018641525605,0.04740732804799657,0.014570387829440755,0.3896848137535817,8.219927800171597,1.0,0.012797818996276966,1.5608208568603252,0.9124615372025271,0.2074752097635393,0.3593114830541451,0.34851472326097166
frozenset({'JUMBO BAG APPLES'}),"frozenset({'JUMBO STORAGE BAG SUKI', 'JUMBO BAG RED RETROSPOT'})",0.04740732804799657,0.03739018641525605,0.014570387829440755,0.3073446327683616,8.219927800171597,1.0,0.012797818996276966,1.389738474751221,0.9220566734257106,0.2074752097635393,0.2804401560667654,0.34851472326097166
frozenset({'JUMBO STORAGE BAG SUKI'}),"frozenset({'JUMBO BAG APPLES', 'JUMBO BAG RED RETROSPOT'})",0.06053139061495608,0.027212341975573172,0.014570387829440755,0.2407079646017699,8.845543864539057,1.0,0.01292318692776957,1.281177218610259,0.9440961810656524,0.19912152269399705,0.2194678570036256,0.38807051773395584
"frozenset({'JUMBO BAG APPLES', 'JUMBO STORAGE BAG SUKI'})",frozenset({'JUMBO SHOPPER VINTAGE RED PAISLEY'}),0.01933790443539747,0.060692093421898435,0.010874223269766446,0.5623268698060943,9.265240958111358,1.0,0.009700565367189558,2.1461402169284476,0.9096606563318939,0.15724244771494966,0.5340472201619714,0.37074860701249107
"frozenset({'JUMBO BAG APPLES', 'JUMBO SHOPPER VINTAGE RED PAISLEY'})",frozenset({'JUMBO STORAGE BAG SUKI'}),0.017516605956717377,0.06053139061495608,0.010874223269766446,0.6207951070336392,10.255754918676084,1.0,0.00981391875235212,2.477469639265398,0.9185842481097694,0.16188197767145138,0.5963623593399462,0.4002205623663771
"frozenset({'JUMBO SHOPPER VINTAGE RED PAISLEY', 'JUMBO STORAGE BAG SUKI'})",frozenset({'JUMBO BAG APPLES'}),0.027480179987143777,0.04740732804799657,0.010874223269766446,0.39571150097465885,8.347053446547946,1.0,0.009571461362297931,1.5763872281012186,0.9050686955377408,0.1698744769874477,0.3656380981946202,0.3125450160240526
frozenset({'JUMBO BAG APPLES'}),"frozenset({'JUMBO SHOPPER VINTAGE RED PAISLEY', 'JUMBO STORAGE BAG SUKI'})",0.04740732804799657,0.027480179987143777,0.010874223269766446,0.22937853107344636,8.347053446547946,1.0,0.009571461362297931,1.261994194591463,0.924001696422858,0.1698744769874477,0.20760332790300726,0.3125450160240526
"frozenset({'JUMBO BAG OWLS', 'JUMBO BAG RED RETROSPOT'})",frozenset({'JUMBO BAG BAROQUE BLACK WHITE'}),0.019820012856224554,0.04874651810584958,0.01017784443968288,0.5135135135135136,10.534362934362937,1.0,0.009211687824128758,1.9553543794490873,0.9233738516144991,0.17431192660550462,0.48858375212694405,0.3611523611523612
"frozenset({'JUMBO BAG OWLS', 'JUMBO BAG BAROQUE BLACK WHITE'})",frozenset({'JUMBO BAG RED RETROSPOT'}),0.013552603385472466,0.10381401328476537,0.01017784443968288,0.7509881422924901,7.2339765945904055,1.0,0.008770894291780285,3.5989691212532438,0.8736030409991855,0.09495252373813094,0.7221426563249376,0.4245136789893823
"frozenset({'JUMBO BAG RED RETROSPOT', 'JUMBO BAG BAROQUE BLACK WHITE'})",frozenset({'JUMBO BAG OWLS'}),0.03053353331904864,0.0330512106278123,0.01017784443968288,0.33333333333333337,10.08535926526202,1.0,0.00916867419874368,1.4504231840582817,0.9292186981986961,0.19057171514543633,0.31054604546377856,0.3206374932468936
frozenset({'JUMBO BAG OWLS'}),"frozenset({'JUMBO BAG RED RETROSPOT', 'JUMBO BAG BAROQUE BLACK WHITE'})",0.0330512106278123,0.03053353331904864,0.01017784443968288,0.3079416531604538,10.08535926526202,1.0,0.00916867419874368,1.4008449881549108,0.9316381363913355,0.19057171514543633,0.28614514207091124,0.3206374932468936
frozenset({'JUMBO BAG BAROQUE BLACK WHITE'}),"frozenset({'JUMBO BAG OWLS', 'JUMBO BAG RED RETROSPOT'})",0.04874651810584958,0.019820012856224554,0.01017784443968288,0.2087912087912088,10.534362934362935,1.0,0.009211687824128758,1.2388385948622718,0.9514525699314171,0.17431192660550462,0.19279234264478554,0.3611523611523612
"frozenset({'JUMBO BAG PINK POLKADOT', 'JUMBO BAG RED RETROSPOT'})",frozenset({'JUMBO BAG BAROQUE BLACK WHITE'}),0.04205056781658453,0.04874651810584958,0.017034497535890293,0.40509554140127385,8.31024567788899,1.0,0.0149846787704579,1.5990021055394175,0.9182808450596242,0.23093681917211328,0.3746099542110024,0.37727304542591167
"frozenset({'JUMBO BAG PINK POLKADOT', 'JUMBO BAG BAROQUE BLACK WHITE'})",frozenset({'JUMBO BAG RED RETROSPOT'}),0.02180201414184701,0.10381401328476537,0.017034497535890293,0.7813267813267812,7.526216900829903,1.0,0.014771142950133945,4.098288725765173,0.8864576843319044,0.15688209176122347,0.7559957175019936,0.4727067343166414
"frozenset({'JUMBO BAG RED RETROSPOT', 'JUMBO BAG BAROQUE BLACK WHITE'})",frozenset({'JUMBO BAG PINK POLKADOT'}),0.03053353331904864,0.062084851082065566,0.017034497535890293,0.5578947368421052,8.98600426865265,1.0,0.01513882766676787,2.12147474160009,0.916706109504438,0.22537207654145996,0.528629787387539,0.4161345987920621
frozenset({'JUMBO BAG PINK POLKADOT'}),"frozenset({'JUMBO BAG RED RETROSPOT', 'JUMBO BAG BAROQUE BLACK WHITE'})",0.062084851082065566,0.03053353331904864,0.017034497535890293,0.274374460742019,8.98600426865265,1.0,0.01513882766676787,1.3360423720371257,0.9475439585248341,0.22537207654145996,0.2515207444541944,0.4161345987920621
frozenset({'JUMBO BAG BAROQUE BLACK WHITE'}),"frozenset({'JUMBO BAG PINK POLKADOT', 'JUMBO BAG RED RETROSPOT'})",0.04874651810584958,0.04205056781658453,0.017034497535890293,0.34945054945054943,8.31024567788899,1.0,0.0149846787704579,1.4725236204170744,0.9247446982881664,0.23093681917211328,0.32089374585600045,0.37727304542591167
"frozenset({'JUMBO BAG PINK POLKADOT', 'JUMBO BAG WOODLAND ANIMALS'})",frozenset({'JUMBO BAG BAROQUE BLACK WHITE'}),0.02126633811870581,0.04874651810584958,0.010445682451253482,0.49118387909319894,10.076286433969052,1.0,0.00940902251510487,1.869542734217711,0.9203291190046157,0.17535971223021585,0.4651098465430701,0.3527347966894566
"frozenset({'JUMBO BAG PINK POLKADOT', 'JUMBO BAG BAROQUE BLACK WHITE'})",frozenset({'JUMBO BAG WOODLAND ANIMALS'}),0.02180201414184701,0.03937218770087851,0.010445682451253482,0.47911547911547914,12.168881311738454,1.0,0.009587289458203474,1.844224149083691,0.9382795617393941,0.20591341077085532,0.45776656243393543,0.37221080078222935
"frozenset({'JUMBO BAG WOODLAND ANIMALS', 'JUMBO BAG BAROQUE BLACK WHITE'})",frozenset({'JUMBO BAG PINK POLKADOT'}),0.015856010284979644,0.062084851082065566,0.010445682451253482,0.6587837837837838,10.611023016113611,1.0,0.00946126441395482,2.7487414265317685,0.9203514824677463,0.15476190476190474,0.6361971372251799,0.4135161369307185
frozenset({'JUMBO BAG WOODLAND ANIMALS'}),"frozenset({'JUMBO BAG PINK POLKADOT', 'JUMBO BAG BAROQUE BLACK WHITE'})",0.03937218770087851,0.02180201414184701,0.010445682451253482,0.26530612244897955,12.168881311738453,1.0,0.009587289458203474,1.3314361474180414,0.955440979028778,0.20591341077085532,0.2489313122982066,0.37221080078222935
frozenset({'JUMBO BAG BAROQUE BLACK WHITE'}),"frozenset({'JUMBO BAG PINK POLKADOT', 'JUMBO BAG WOODLAND ANIMALS'})",0.04874651810584958,0.02126633811870581,0.010445682451253482,0.2142857142857143,10.076286433969054,1.0,0.00940902251510487,1.2456610242125563,0.9469159439876862,0.17535971223021585,0.19721338264384622,0.3527347966894566
"frozenset({'JUMBO BAG PINK POLKADOT', 'JUMBO SHOPPER VINTAGE RED PAISLEY'})",frozenset({'JUMBO BAG BAROQUE BLACK WHITE'}),0.02431969145061067,0.04874651810584958,0.012641954146132419,0.5198237885462554,10.663813719320325,1.0,0.01145645386650655,1.9810508292657991,0.9288133732107728,0.20921985815602837,0.4952173941086551,0.38958222394345743
"frozenset({'JUMBO BAG PINK POLKADOT', 'JUMBO BAG BAROQUE BLACK WHITE'})",frozenset({'JUMBO SHOPPER VINTAGE RED PAISLEY'}),0.02180201414184701,0.060692093421898435,0.012641954146132419,0.5798525798525799,9.5540052609779,1.0,0.01131874426704989,2.2356626782297506,0.9152869549721134,0.18098159509202455,0.552705329950839,0.3940745688318504
"frozenset({'JUMBO SHOPPER VINTAGE RED PAISLEY', 'JUMBO BAG BAROQUE BLACK WHITE'})",frozenset({'JUMBO BAG PINK POLKADOT'}),0.022176987358045856,0.062084851082065566,0.012641954146132419,0.5700483091787439,9.181761721957542,1.0,0.011265099188559292,2.181443099168679,0.9112982898570641,0.17651458489154823,0.5415878597149347,0.38683606140559285
frozenset({'JUMBO BAG PINK POLKADOT'}),"frozenset({'JUMBO SHOPPER VINTAGE RED PAISLEY', 'JUMBO BAG BAROQUE BLACK WHITE'})",0.062084851082065566,0.022176987358045856,0.012641954146132419,0.20362381363244175,9.181761721957542,1.0,0.011265099188559292,1.227840597672833,0.9500736183134872,0.17651458489154823,0.1855620331374177,0.38683606140559285
frozenset({'JUMBO SHOPPER VINTAGE RED PAISLEY'}),"frozenset({'JUMBO BAG PINK POLKADOT', 'JUMBO BAG BAROQUE BLACK WHITE'})",0.060692093421898435,0.02180201414184701,0.012641954146132419,0.2082965578111209,9.554005260977899,1.0,0.01131874426704989,1.2355611125722266,0.9531824969914893,0.18098159509202455,0.19065112213011365,0.3940745688318504
frozenset({'JUMBO BAG BAROQUE BLACK WHITE'}),"frozenset({'JUMBO BAG PINK POLKADOT', 'JUMBO SHOPPER VINTAGE RED PAISLEY'})",0.04874651810584958,0.02431969145061067,0.012641954146132419,0.25934065934065936,10.663813719320327,1.0,0.01145645386650655,1.3173131762313712,0.9526639700225824,0.20921985815602837,0.24087907261290376,0.38958222394345743
"frozenset({'JUMBO BAG PINK POLKADOT', 'JUMBO STORAGE BAG SUKI'})",frozenset({'JUMBO BAG BAROQUE BLACK WHITE'}),0.027051639168630813,0.04874651810584958,0.012534818941504178,0.46336633663366333,9.505629420084865,1.0,0.011216145722977607,1.7726310271459258,0.919677977818153,0.19813717188823035,0.43586680776423176,0.3602545968882602
"frozenset({'JUMBO BAG PINK POLKADOT', 'JUMBO BAG BAROQUE BLACK WHITE'})",frozenset({'JUMBO STORAGE BAG SUKI'}),0.02180201414184701,0.06053139061495608,0.012534818941504178,0.5749385749385749,9.498188776064882,1.0,0.01121511270729124,2.210194936530132,0.9146581594421253,0.17958557175748271,0.5475512211742113,0.391009110478137
"frozenset({'JUMBO STORAGE BAG SUKI', 'JUMBO BAG BAROQUE BLACK WHITE'})",frozenset({'JUMBO BAG PINK POLKADOT'}),0.022444825369616457,0.062084851082065566,0.012534818941504178,0.558472553699284,8.995311158290106,1.0,0.011141335300868574,2.124251067008727,0.9092386750614599,0.17410714285714288,0.5292458525591542,0.38018537089623383
frozenset({'JUMBO BAG PINK POLKADOT'}),"frozenset({'JUMBO STORAGE BAG SUKI', 'JUMBO BAG BAROQUE BLACK WHITE'})",0.062084851082065566,0.022444825369616457,0.012534818941504178,0.20189818809318377,8.995311158290106,1.0,0.011141335300868574,1.2248502134017456,0.9476667188986567,0.17410714285714288,0.18357364103915583,0.38018537089623383
frozenset({'JUMBO STORAGE BAG SUKI'}),"frozenset({'JUMBO BAG PINK POLKADOT', 'JUMBO BAG BAROQUE BLACK WHITE'})",0.06053139061495608,0.02180201414184701,0.012534818941504178,0.2070796460176991,9.49818877606488,1.0,0.01121511270729124,1.2336648705577153,0.9523647308457435,0.17958557175748271,0.18940708788447547,0.391009110478137
frozenset({'JUMBO BAG BAROQUE BLACK WHITE'}),"frozenset({'JUMBO BAG PINK POLKADOT', 'JUMBO STORAGE BAG SUKI'})",0.04874651810584958,0.027051639168630813,0.012534818941504178,0.2571428571428571,9.505629420084864,1.0,0.011216145722977607,1.3097381780422277,0.9406527261578507,0.19813717188823035,0.236488622867525,0.3602545968882602
"frozenset({'JUMBO BAG RED RETROSPOT', 'JUMBO BAG BAROQUE BLACK WHITE'})",frozenset({'JUMBO BAG PINK VINTAGE PAISLEY'}),0.03053353331904864,0.04365759588600814,0.010713520462824084,0.3508771929824561,8.037025078032505,1.0,0.009380499804209092,1.473284244175609,0.9031522820201127,0.16877637130801687,0.3212443532513578,0.29813798299429556
"frozenset({'JUMBO BAG PINK VINTAGE PAISLEY', 'JUMBO BAG BAROQUE BLACK WHITE'})",frozenset({'JUMBO BAG RED RETROSPOT'}),0.014356117420184273,0.10381401328476537,0.010713520462824084,0.7462686567164178,7.188515626203348,1.0,0.009223154298247422,3.532027124112983,0.8734282608695653,0.09970089730807577,0.716876466442444,0.4247339155615113
"frozenset({'JUMBO BAG RED RETROSPOT', 'JUMBO BAG PINK VINTAGE PAISLEY'})",frozenset({'JUMBO BAG BAROQUE BLACK WHITE'}),0.026140989929290766,0.04874651810584958,0.010713520462824084,0.40983606557377045,8.407494145199063,1.0,0.00943923822393108,1.611846177653977,0.9047084708470847,0.1669449081803005,0.37959340421957133,0.3148081426769951
frozenset({'JUMBO BAG BAROQUE BLACK WHITE'}),"frozenset({'JUMBO BAG RED RETROSPOT', 'JUMBO BAG PINK VINTAGE PAISLEY'})",0.04874651810584958,0.026140989929290766,0.010713520462824084,0.21978021978021978,8.407494145199063,1.0,0.00943923822393108,1.2481854917807682,0.9262079062957541,0.1669449081803005,0.19883702655979885,0.3148081426769951
frozenset({'JUMBO BAG PINK VINTAGE PAISLEY'}),"frozenset({'JUMBO BAG RED RETROSPOT', 'JUMBO BAG BAROQUE BLACK WHITE'})",0.04365759588600814,0.03053353331904864,0.010713520462824084,0.24539877300613497,8.037025078032505,1.0,0.009380499804209092,1.2847401143820738,0.9155464067663697,0.16877637130801687,0.22163246184542643,0.29813798299429556
"frozenset({'JUMBO BAG SCANDINAVIAN BLUE PAISLEY', 'JUMBO BAG BAROQUE BLACK WHITE'})",frozenset({'JUMBO BAG RED RETROSPOT'}),0.013177630169273624,0.10381401328476537,0.010981358474394687,0.8333333333333334,8.027175782593739,1.0,0.00961333580093999,5.377115920291409,0.8871132341765281,0.10358767054067712,0.814026698545527,0.4695562435500516
"frozenset({'JUMBO BAG RED RETROSPOT', 'JUMBO BAG BAROQUE BLACK WHITE'})",frozenset({'JUMBO BAG SCANDINAVIAN BLUE PAISLEY'}),0.03053353331904864,0.03401542746946647,0.010981358474394687,0.35964912280701755,10.573117833954967,1.0,0.00994274728639405,1.508523852992888,0.9339369125816355,0.20500000000000002,0.3371003063584209,0.3412418842381545
"frozenset({'JUMBO BAG SCANDINAVIAN BLUE PAISLEY', 'JUMBO BAG RED RETROSPOT'})",frozenset({'JUMBO BAG BAROQUE BLACK WHITE'}),0.02292693379044354,0.04874651810584958,0.010981358474394687,0.47897196261682246,9.825767690253672,1.0,0.009863750281267215,1.8257241715277868,0.9193035943517328,0.18093556928508386,0.4522721363966011,0.3521233439457739
frozenset({'JUMBO BAG BAROQUE BLACK WHITE'}),"frozenset({'JUMBO BAG SCANDINAVIAN BLUE PAISLEY', 'JUMBO BAG RED RETROSPOT'})",0.04874651810584958,0.02292693379044354,0.010981358474394687,0.22527472527472528,9.825767690253672,1.0,0.009863750281267215,1.2611865109938956,0.944255972574367,0.18093556928508386,0.2070958646616541,0.3521233439457739
frozenset({'JUMBO BAG SCANDINAVIAN BLUE PAISLEY'}),"frozenset({'JUMBO BAG RED RETROSPOT', 'JUMBO BAG BAROQUE BLACK WHITE'})",0.03401542746946647,0.03053353331904864,0.010981358474394687,0.3228346456692914,10.573117833954967,1.0,0.00994274728639405,1.4316539682381493,0.9373032908502433,0.20500000000000002,0.3015071922507643,0.3412418842381545
"frozenset({'JUMBO BAG STRAWBERRY', 'JUMBO BAG BAROQUE BLACK WHITE'})",frozenset({'JUMBO BAG RED RETROSPOT'}),0.014248982215556032,0.10381401328476537,0.010552817655881723,0.7406015037593985,7.13392614663594,1.0,0.009073573626861604,3.4548619198007593,0.8722534573322146,0.09815645241654211,0.7105528315708578,0.4211263452749521
"frozenset({'JUMBO BAG RED RETROSPOT', 'JUMBO BAG BAROQUE BLACK WHITE'})",frozenset({'JUMBO BAG STRAWBERRY'}),0.03053353331904864,0.04242554103278337,0.010552817655881723,0.3456140350877193,8.146367180577707,1.0,0.009257415985178567,1.4633175378319394,0.9048749251817375,0.16909871244635194,0.31662132507370466,0.29717570441254654
"frozenset({'JUMBO BAG STRAWBERRY', 'JUMBO BAG RED RETROSPOT'})",frozenset({'JUMBO BAG BAROQUE BLACK WHITE'}),0.02769445039640026,0.04874651810584958,0.010552817655881723,0.38104448742746616,7.816855484940592,1.0,0.009202809628202045,1.5368689066852366,0.8969107713716883,0.16016260162601625,0.34932641577294393,0.29876400195549135
frozenset({'JUMBO BAG BAROQUE BLACK WHITE'}),"frozenset({'JUMBO BAG STRAWBERRY', 'JUMBO BAG RED RETROSPOT'})",0.04874651810584958,0.02769445039640026,0.010552817655881723,0.2164835164835165,7.816855484940591,1.0,0.009202809628202045,1.2409509819625186,0.9167601875868632,0.16016260162601625,0.19416639775848638,0.29876400195549135
frozenset({'JUMBO BAG STRAWBERRY'}),"frozenset({'JUMBO BAG RED RETROSPOT', 'JUMBO BAG BAROQUE BLACK WHITE'})",0.04242554103278337,0.03053353331904864,0.010552817655881723,0.24873737373737376,8.146367180577707,1.0,0.009257415985178567,1.2904494816996865,0.9161124634112265,0.16909871244635194,0.22507621245050796,0.29717570441254654
"frozenset({'JUMBO BAG WOODLAND ANIMALS', 'JUMBO BAG BAROQUE BLACK WHITE'})",frozenset({'JUMBO BAG RED RETROSPOT'}),0.015856010284979644,0.10381401328476537,0.012213413327619455,0.7702702702702703,7.419713831478537,1.0,0.010567337265251203,3.9010448833486686,0.8791639451338995,0.11365902293120637,0.7436584223195102,0.44395866454689986
"frozenset({'JUMBO BAG RED RETROSPOT', 'JUMBO BAG BAROQUE BLACK WHITE'})",frozenset({'JUMBO BAG WOODLAND ANIMALS'}),0.03053353331904864,0.03937218770087851,0.012213413327619455,0.39999999999999997,10.159455782312923,1.0,0.011011241322610844,1.6010463538318689,0.9299646369764615,0.21169916434540387,0.3754084648413539,0.35510204081632646
"frozenset({'JUMBO BAG WOODLAND ANIMALS', 'JUMBO BAG RED RETROSPOT'})",frozenset({'JUMBO BAG BAROQUE BLACK WHITE'}),0.02539104349689308,0.04874651810584958,0.012213413327619455,0.48101265822784806,9.86763110307414,1.0,0.010975688366071743,1.8329030504789723,0.9220708967097307,0.19723183391003457,0.4544174064532869,0.3657810543886493
frozenset({'JUMBO BAG BAROQUE BLACK WHITE'}),"frozenset({'JUMBO BAG WOODLAND ANIMALS', 'JUMBO BAG RED RETROSPOT'})",0.04874651810584958,0.02539104349689308,0.012213413327619455,0.25054945054945055,9.86763110307414,1.0,0.010975688366071743,1.3004313055979873,0.9447098713107807,0.19723183391003457,0.2310243565382622,0.3657810543886493
frozenset({'JUMBO BAG WOODLAND ANIMALS'}),"frozenset({'JUMBO BAG RED RETROSPOT', 'JUMBO BAG BAROQUE BLACK WHITE'})",0.03937218770087851,0.03053353331904864,0.012213413327619455,0.310204081632653,10.159455782312923,1.0,0.011011241322610844,1.4054395522889531,0.9385211621033848,0.21169916434540387,0.2884788261641268,0.35510204081632646
"frozenset({'JUMBO SHOPPER VINTAGE RED PAISLEY', 'JUMBO BAG BAROQUE BLACK WHITE'})",frozenset({'JUMBO BAG RED RETROSPOT'}),0.022176987358045856,0.10381401328476537,0.016338118705806728,0.7367149758454106,7.096488735336494,1.0,0.01403583664560248,3.4038623715606153,0.8785692603642228,0.14899853444064484,0.706216089006702,0.4470468584077414
"frozenset({'JUMBO BAG RED RETROSPOT', 'JUMBO BAG BAROQUE BLACK WHITE'})",frozenset({'JUMBO SHOPPER VINTAGE RED PAISLEY'}),0.03053353331904864,0.060692093421898435,0.016338118705806728,0.5350877192982456,8.816432077546027,1.0,0.01448497464910638,2.020398138677426,0.914498296161699,0.21816881258941345,0.5050480492648788,0.40214227094656324
"frozenset({'JUMBO SHOPPER VINTAGE RED PAISLEY', 'JUMBO BAG RED RETROSPOT'})",frozenset({'JUMBO BAG BAROQUE BLACK WHITE'}),0.03519391472037712,0.04874651810584958,0.016338118705806728,0.4642313546423135,9.523374646662317,1.0,0.014622537904674139,1.775493004558116,0.9276425790796334,0.24167987321711565,0.43677615319645846,0.39969809490357433
frozenset({'JUMBO BAG BAROQUE BLACK WHITE'}),"frozenset({'JUMBO SHOPPER VINTAGE RED PAISLEY', 'JUMBO BAG RED RETROSPOT'})",0.04874651810584958,0.03519391472037712,0.016338118705806728,0.33516483516483514,9.523374646662317,1.0,0.014622537904674139,1.451195929924722,0.9408587955740105,0.24167987321711565,0.3109131721091079,0.39969809490357433
frozenset({'JUMBO SHOPPER VINTAGE RED PAISLEY'}),"frozenset({'JUMBO BAG RED RETROSPOT', 'JUMBO BAG BAROQUE BLACK WHITE'})",0.060692093421898435,0.03053353331904864,0.016338118705806728,0.26919682259488087,8.816432077546027,1.0,0.01448497464910638,1.3265766989728478,0.9438602887901013,0.21816881258941345,0.24618003559516166,0.40214227094656324
"frozenset({'JUMBO STORAGE BAG SKULLS', 'JUMBO BAG RED RETROSPOT'})",frozenset({'JUMBO BAG BAROQUE BLACK WHITE'}),0.02169487893721877,0.04874651810584958,0.01012427683736876,0.4666666666666667,9.573333333333334,1.0,0.00906672702845141,1.783600278551532,0.9154027268247276,0.16785079928952046,0.43933626159102007,0.3371794871794872
"frozenset({'JUMBO STORAGE BAG SKULLS', 'JUMBO BAG BAROQUE BLACK WHITE'})",frozenset({'JUMBO BAG RED RETROSPOT'}),0.01398114420398543,0.10381401328476537,0.01012427683736876,0.7241379310344828,6.975338955909042,1.0,0.008672838147239995,3.2486742018427255,0.8687843910313623,0.09402985074626866,0.6921821217305274,0.41083057542436213
"frozenset({'JUMBO BAG RED RETROSPOT', 'JUMBO BAG BAROQUE BLACK WHITE'})",frozenset({'JUMBO STORAGE BAG SKULLS'}),0.03053353331904864,0.03664023998285837,0.01012427683736876,0.33157894736842103,9.049584487534625,1.0,0.009005520849034216,1.4412468850650149,0.9175125901836036,0.17746478873239435,0.30615634950365234,0.30394736842105263
frozenset({'JUMBO STORAGE BAG SKULLS'}),"frozenset({'JUMBO BAG RED RETROSPOT', 'JUMBO BAG BAROQUE BLACK WHITE'})",0.03664023998285837,0.03053353331904864,0.01012427683736876,0.2763157894736842,9.049584487534625,1.0,0.009005520849034216,1.3396263903227692,0.9233286731062533,0.17746478873239435,0.25352321570862724,0.30394736842105263
frozenset({'JUMBO BAG BAROQUE BLACK WHITE'}),"frozenset({'JUMBO STORAGE BAG SKULLS', 'JUMBO BAG RED RETROSPOT'})",0.04874651810584958,0.02169487893721877,0.01012427683736876,0.2076923076923077,9.573333333333334,1.0,0.00906672702845141,1.2347540362928306,0.9414348462664714,0.16785079928952046,0.19012210480205882,0.3371794871794872
"frozenset({'JUMBO STORAGE BAG SUKI', 'JUMBO BAG BAROQUE BLACK WHITE'})",frozenset({'JUMBO BAG RED RETROSPOT'}),0.022444825369616457,0.10381401328476537,0.01687379472894793,0.7517899761336514,7.241700348020126,1.0,0.014543707329852329,3.6105954657084913,0.8817004976136984,0.15426052889324188,0.7230373744448897,0.45716433791202693
"frozenset({'JUMBO BAG RED RETROSPOT', 'JUMBO BAG BAROQUE BLACK WHITE'})",frozenset({'JUMBO STORAGE BAG SUKI'}),0.03053353331904864,0.06053139061495608,0.01687379472894793,0.5526315789473684,9.129669306008383,1.0,0.01502555749675782,2.099988656272451,0.9185124375753175,0.2274368231046931,0.5238069515218082,0.4156963204471355
"frozenset({'JUMBO STORAGE BAG SUKI', 'JUMBO BAG RED RETROSPOT'})",frozenset({'JUMBO BAG BAROQUE BLACK WHITE'}),0.03739018641525605,0.04874651810584958,0.01687379472894793,0.4512893982808023,9.257879656160458,1.0,0.01505115332987556,1.733616006167407,0.9266308044271315,0.24361948955916468,0.42317099262901325,0.3987216222173242
frozenset({'JUMBO BAG BAROQUE BLACK WHITE'}),"frozenset({'JUMBO STORAGE BAG SUKI', 'JUMBO BAG RED RETROSPOT'})",0.04874651810584958,0.03739018641525605,0.01687379472894793,0.34615384615384615,9.257879656160458,1.0,0.01505115332987556,1.4722267737178436,0.9376931836668293,0.24361948955916468,0.320756816917084,0.3987216222173242
frozenset({'JUMBO STORAGE BAG SUKI'}),"frozenset({'JUMBO BAG RED RETROSPOT', 'JUMBO BAG BAROQUE BLACK WHITE'})",0.06053139061495608,0.03053353331904864,0.01687379472894793,0.27876106194690264,9.129669306008383,1.0,0.01502555749675782,1.3441682298766564,0.9478411503727959,0.2274368231046931,0.2560455025099336,0.4156963204471355
"frozenset({'JUMBO SHOPPER VINTAGE RED PAISLEY', 'JUMBO BAG WOODLAND ANIMALS'})",frozenset({'JUMBO BAG BAROQUE BLACK WHITE'}),0.020034283265481036,0.04874651810584958,0.010284979644311121,0.5133689839572193,10.531398013750955,1.0,0.009308378092372631,1.95477363861765,0.9235484767318975,0.1758241758241758,0.4884318162244268,0.36217899747311516
"frozenset({'JUMBO BAG WOODLAND ANIMALS', 'JUMBO BAG BAROQUE BLACK WHITE'})",frozenset({'JUMBO SHOPPER VINTAGE RED PAISLEY'}),0.015856010284979644,0.060692093421898435,0.010284979644311121,0.6486486486486487,10.687531308890533,1.0,0.009322645186796555,2.6734148110299816,0.9210369947020829,0.15521422797089734,0.6259465624735087,0.40905512750172945
"frozenset({'JUMBO SHOPPER VINTAGE RED PAISLEY', 'JUMBO BAG BAROQUE BLACK WHITE'})",frozenset({'JUMBO BAG WOODLAND ANIMALS'}),0.022176987358045856,0.03937218770087851,0.010284979644311121,0.463768115942029,11.779079167899043,1.0,0.00941182313541013,1.7914410553686322,0.9358582365508931,0.2006269592476489,0.44179017389203123,0.3624963028689737
frozenset({'JUMBO BAG WOODLAND ANIMALS'}),"frozenset({'JUMBO SHOPPER VINTAGE RED PAISLEY', 'JUMBO BAG BAROQUE BLACK WHITE'})",0.03937218770087851,0.022176987358045856,0.010284979644311121,0.2612244897959184,11.779079167899043,1.0,0.00941182313541013,1.323572586172811,0.9526100624546925,0.2006269592476489,0.2444690903643149,0.3624963028689737
frozenset({'JUMBO BAG BAROQUE BLACK WHITE'}),"frozenset({'JUMBO SHOPPER VINTAGE RED PAISLEY', 'JUMBO BAG WOODLAND ANIMALS'})",0.04874651810584958,0.020034283265481036,0.010284979644311121,0.21098901098901102,10.531398013750957,1.0,0.009308378092372631,1.2420178304016884,0.9514244753538312,0.1758241758241758,0.1948585797060707,0.36217899747311516
"frozenset({'JUMBO BAG WOODLAND ANIMALS', 'JUMBO STORAGE BAG SUKI'})",frozenset({'JUMBO BAG BAROQUE BLACK WHITE'}),0.022766230983501178,0.04874651810584958,0.010552817655881723,0.4635294117647059,9.508974789915968,1.0,0.00944304316504253,1.7731698675658507,0.915682838922154,0.17311072056239016,0.436038239600379,0.3400064641241112
"frozenset({'JUMBO STORAGE BAG SUKI', 'JUMBO BAG BAROQUE BLACK WHITE'})",frozenset({'JUMBO BAG WOODLAND ANIMALS'}),0.022444825369616457,0.03937218770087851,0.010552817655881723,0.4701670644391408,11.941603753673306,1.0,0.009669115778515744,1.8130768169069005,0.9372966128733011,0.2058516196447231,0.44845138900071824,0.36909713766174723
"frozenset({'JUMBO BAG WOODLAND ANIMALS', 'JUMBO BAG BAROQUE BLACK WHITE'})",frozenset({'JUMBO STORAGE BAG SUKI'}),0.015856010284979644,0.06053139061495608,0.010552817655881723,0.6655405405405406,10.994965319301603,1.0,0.00959303130372686,2.808916246242152,0.923695404947498,0.16029292107404394,0.6439908091464712,0.41993841186319064
frozenset({'JUMBO BAG WOODLAND ANIMALS'}),"frozenset({'JUMBO STORAGE BAG SUKI', 'JUMBO BAG BAROQUE BLACK WHITE'})",0.03937218770087851,0.022444825369616457,0.010552817655881723,0.2680272108843537,11.941603753673306,1.0,0.009669115778515744,1.335507534114,0.9538128527477207,0.2058516196447231,0.2512209969197827,0.36909713766174723
frozenset({'JUMBO BAG BAROQUE BLACK WHITE'}),"frozenset({'JUMBO BAG WOODLAND ANIMALS', 'JUMBO STORAGE BAG SUKI'})",0.04874651810584958,0.022766230983501178,0.010552817655881723,0.2164835164835165,9.508974789915968,1.0,0.00944304316504253,1.2472408552664993,0.94069163365564,0.17311072056239016,0.19823024095347727,0.3400064641241112
"frozenset({'JUMBO SHOPPER VINTAGE RED PAISLEY', 'JUMBO STORAGE BAG SUKI'})",frozenset({'JUMBO BAG BAROQUE BLACK WHITE'}),0.027480179987143777,0.04874651810584958,0.013016927362331262,0.47368421052631576,9.717293233082707,1.0,0.011677364271035951,1.8073816155988853,0.9224394871324092,0.20593220338983048,0.44671341604376974,0.3703585887796414
"frozenset({'JUMBO STORAGE BAG SUKI', 'JUMBO BAG BAROQUE BLACK WHITE'})",frozenset({'JUMBO SHOPPER VINTAGE RED PAISLEY'}),0.022444825369616457,0.060692093421898435,0.013016927362331262,0.5799522673031026,9.555647772298604,1.0,0.011654703924160303,2.236193254864912,0.9159072248617489,0.18563789152024446,0.5528114585693937,0.39721355642295464
"frozenset({'JUMBO SHOPPER VINTAGE RED PAISLEY', 'JUMBO BAG BAROQUE BLACK WHITE'})",frozenset({'JUMBO STORAGE BAG SUKI'}),0.022176987358045856,0.06053139061495608,0.013016927362331262,0.5869565217391304,9.696729511350519,1.0,0.011674523477898446,2.2745029490374744,0.9172134773098946,0.1867794004611837,0.5603435025559406,0.4010003847633705
frozenset({'JUMBO STORAGE BAG SUKI'}),"frozenset({'JUMBO SHOPPER VINTAGE RED PAISLEY', 'JUMBO BAG BAROQUE BLACK WHITE'})",0.06053139061495608,0.022176987358045856,0.013016927362331262,0.2150442477876106,9.696729511350519,1.0,0.011674523477898446,1.2457046271537862,0.9546593006508619,0.1867794004611837,0.19724148228876492,0.4010003847633705
frozenset({'JUMBO SHOPPER VINTAGE RED PAISLEY'}),"frozenset({'JUMBO STORAGE BAG SUKI', 'JUMBO BAG BAROQUE BLACK WHITE'})",0.060692093421898435,0.022444825369616457,0.013016927362331262,0.2144748455428067,9.555647772298606,1.0,0.011654703924160303,1.2444606886024996,0.9532016507842632,0.18563789152024446,0.19643906058376437,0.39721355642295464
frozenset({'JUMBO BAG BAROQUE BLACK WHITE'}),"frozenset({'JUMBO SHOPPER VINTAGE RED PAISLEY', 'JUMBO STORAGE BAG SUKI'})",0.04874651810584958,0.027480179987143777,0.013016927362331262,0.26703296703296703,9.717293233082707,1.0,0.011677364271035951,1.326826141246925,0.9430616560924029,0.20593220338983048,0.24632175315733565,0.3703585887796414
"frozenset({'JUMBO BAG OWLS', 'JUMBO BAG PINK POLKADOT'})",frozenset({'JUMBO BAG RED RETROSPOT'}),0.014356117420184273,0.10381401328476537,0.010767088065138205,0.75,7.224458204334366,1.0,0.009276721900561544,3.5847439468609386,0.8741304347826088,0.1002493765586035,0.7210400478182905,0.4268575851393189
"frozenset({'JUMBO BAG OWLS', 'JUMBO BAG RED RETROSPOT'})",frozenset({'JUMBO BAG PINK POLKADOT'}),0.019820012856224554,0.062084851082065566,0.010767088065138205,0.5432432432432432,8.750012825595224,1.0,0.009536565518514879,2.053423698814413,0.9036242984443832,0.151355421686747,0.5130084450776666,0.35833430496933516
"frozenset({'JUMBO BAG PINK POLKADOT', 'JUMBO BAG RED RETROSPOT'})",frozenset({'JUMBO BAG OWLS'}),0.04205056781658453,0.0330512106278123,0.010767088065138205,0.25605095541401274,7.747097626691717,1.0,0.009377265891213165,1.2997513692759715,0.9091496607439791,0.16736053288925895,0.230622083855121,0.290910404773457
frozenset({'JUMBO BAG OWLS'}),"frozenset({'JUMBO BAG PINK POLKADOT', 'JUMBO BAG RED RETROSPOT'})",0.0330512106278123,0.04205056781658453,0.010767088065138205,0.32576985413290116,7.747097626691717,1.0,0.009377265891213165,1.4208048068681907,0.9006882379416419,0.16736053288925895,0.2961735523655426,0.290910404773457
"frozenset({'JUMBO BAG OWLS', 'JUMBO BAG WOODLAND ANIMALS'})",frozenset({'JUMBO BAG RED RETROSPOT'}),0.014088279408613671,0.10381401328476537,0.010284979644311121,0.7300380228136882,7.032172244523185,1.0,0.008822418818625815,3.3196748521986863,0.8700539934800325,0.09556993529118965,0.6987656790129069,0.4145546151220144
"frozenset({'JUMBO BAG OWLS', 'JUMBO BAG RED RETROSPOT'})",frozenset({'JUMBO BAG WOODLAND ANIMALS'}),0.019820012856224554,0.03937218770087851,0.010284979644311121,0.518918918918919,13.179834528405957,1.0,0.009504622377902023,1.9968106210712078,0.9428130806645536,0.21029572836801755,0.4992013817196441,0.39007170435741867
"frozenset({'JUMBO BAG WOODLAND ANIMALS', 'JUMBO BAG RED RETROSPOT'})",frozenset({'JUMBO BAG OWLS'}),0.02539104349689308,0.0330512106278123,0.010284979644311121,0.4050632911392405,12.255626448926,1.0,0.009445774917635364,1.6252969012851666,0.9423316065735956,0.21357063403781978,0.38472780006577706,0.3581232176927969
frozenset({'JUMBO BAG OWLS'}),"frozenset({'JUMBO BAG WOODLAND ANIMALS', 'JUMBO BAG RED RETROSPOT'})",0.0330512106278123,0.02539104349689308,0.010284979644311121,0.31118314424635335,12.255626448926,1.0,0.009445774917635364,1.4149028850880399,0.9497967564123871,0.21357063403781978,0.2932377122562891,0.3581232176927969
frozenset({'JUMBO BAG WOODLAND ANIMALS'}),"frozenset({'JUMBO BAG OWLS', 'JUMBO BAG RED RETROSPOT'})",0.03937218770087851,0.019820012856224554,0.010284979644311121,0.2612244897959184,13.179834528405959,1.0,0.009504622377902023,1.3267629660233424,0.9620026626888976,0.21029572836801755,0.24628586596951604,0.39007170435741867
"frozenset({'JUMBO BAG OWLS', 'JUMBO SHOPPER VINTAGE RED PAISLEY'})",frozenset({'JUMBO BAG RED RETROSPOT'}),0.013499035783158345,0.10381401328476537,0.01012427683736876,0.75,7.224458204334366,1.0,0.008722887757244436,3.5847439468609386,0.8733709817549957,0.0944527736131934,0.7210400478182905,0.42376160990712075
"frozenset({'JUMBO BAG OWLS', 'JUMBO BAG RED RETROSPOT'})",frozenset({'JUMBO SHOPPER VINTAGE RED PAISLEY'}),0.019820012856224554,0.060692093421898435,0.01012427683736876,0.5108108108108108,8.416430905751294,1.0,0.00892135876547555,1.9201321847176662,0.8990030425159947,0.14383561643835616,0.4792025215977312,0.3388122897831636
"frozenset({'JUMBO SHOPPER VINTAGE RED PAISLEY', 'JUMBO BAG RED RETROSPOT'})",frozenset({'JUMBO BAG OWLS'}),0.03519391472037712,0.0330512106278123,0.01012427683736876,0.2876712328767123,8.703803201527496,1.0,0.008961075349128312,1.3574473389263406,0.9173943965460263,0.17419354838709677,0.2633231718654072,0.29699607024710817
frozenset({'JUMBO BAG OWLS'}),"frozenset({'JUMBO SHOPPER VINTAGE RED PAISLEY', 'JUMBO BAG RED RETROSPOT'})",0.0330512106278123,0.03519391472037712,0.01012427683736876,0.306320907617504,8.703803201527496,1.0,0.008961075349128312,1.3908536322839422,0.9153615021987965,0.17419354838709677,0.2810170841931911,0.29699607024710817
"frozenset({'JUMBO BAG OWLS', 'JUMBO STORAGE BAG SUKI'})",frozenset({'JUMBO BAG RED RETROSPOT'}),0.01655238911506321,0.10381401328476537,0.012052710520677095,0.7281553398058253,7.014037091586762,1.0,0.010334340577191316,3.2966841654167562,0.8718601231003867,0.11127596439169139,0.6966649063655198,0.4221272055066278
"frozenset({'JUMBO BAG OWLS', 'JUMBO BAG RED RETROSPOT'})",frozenset({'JUMBO STORAGE BAG SUKI'}),0.019820012856224554,0.06053139061495608,0.012052710520677095,0.6081081081081081,10.04616120545324,1.0,0.010852977580483515,2.397264727396319,0.9186674925006983,0.1764705882352941,0.5828579177877844,0.40361157617794785
"frozenset({'JUMBO STORAGE BAG SUKI', 'JUMBO BAG RED RETROSPOT'})",frozenset({'JUMBO BAG OWLS'}),0.03739018641525605,0.0330512106278123,0.012052710520677095,0.3223495702005731,9.75303367342674,1.0,0.0108169195940533,1.4269138583124463,0.9323277066716131,0.2064220183486239,0.2991868470724225,0.3435086586821342
frozenset({'JUMBO BAG OWLS'}),"frozenset({'JUMBO STORAGE BAG SUKI', 'JUMBO BAG RED RETROSPOT'})",0.0330512106278123,0.03739018641525605,0.012052710520677095,0.3646677471636953,9.75303367342674,1.0,0.0108169195940533,1.5151282014841505,0.9281440855846707,0.2064220183486239,0.3399898444102317,0.3435086586821342
"frozenset({'JUMBO BAG PINK POLKADOT', 'JUMBO BAG RED RETROSPOT'})",frozenset({'JUMBO BAG PINK VINTAGE PAISLEY'}),0.04205056781658453,0.04365759588600814,0.015106063852581958,0.3592356687898089,8.228480325114298,1.0,0.01327023715606833,1.492502559104341,0.9170326190371377,0.21396054628224576,0.3299843984186497,0.3526239693642296
"frozenset({'JUMBO BAG PINK POLKADOT', 'JUMBO BAG PINK VINTAGE PAISLEY'})",frozenset({'JUMBO BAG RED RETROSPOT'}),0.019498607242339833,0.10381401328476537,0.015106063852581958,0.7747252747252746,7.462627156125607,1.0,0.013081835181291267,3.978191453223723,0.883220502901354,0.1396039603960396,0.7486294936384594,0.4601180553192937
"frozenset({'JUMBO BAG RED RETROSPOT', 'JUMBO BAG PINK VINTAGE PAISLEY'})",frozenset({'JUMBO BAG PINK POLKADOT'}),0.026140989929290766,0.062084851082065566,0.015106063852581958,0.5778688524590163,9.30772712485325,1.0,0.013483104385684164,2.2218572459803494,0.9165211556616655,0.20659340659340655,0.5499260801704791,0.41059102674719583
frozenset({'JUMBO BAG PINK POLKADOT'}),"frozenset({'JUMBO BAG RED RETROSPOT', 'JUMBO BAG PINK VINTAGE PAISLEY'})",0.062084851082065566,0.026140989929290766,0.015106063852581958,0.24331320103537532,9.307727124853251,1.0,0.013483104385684164,1.2870040965472656,0.9516451316425311,0.20659340659340655,0.22300169620068133,0.41059102674719583
frozenset({'JUMBO BAG PINK VINTAGE PAISLEY'}),"frozenset({'JUMBO BAG PINK POLKADOT', 'JUMBO BAG RED RETROSPOT'})",0.04365759588600814,0.04205056781658453,0.015106063852581958,0.3460122699386503,8.228480325114298,1.0,0.01327023715606833,1.4647819647832712,0.9185735913426951,0.21396054628224576,0.31730453812082554,0.3526239693642296
"frozenset({'JUMBO BAG PINK POLKADOT', 'JUMBO SHOPPER VINTAGE RED PAISLEY'})",frozenset({'JUMBO BAG PINK VINTAGE PAISLEY'}),0.02431969145061067,0.04365759588600814,0.012052710520677095,0.4955947136563877,11.35185535526067,1.0,0.010990971259253926,1.8959801374137655,0.9346388004343422,0.21551724137931033,0.47256831426300594,0.38583416664414477
"frozenset({'JUMBO BAG PINK POLKADOT', 'JUMBO BAG PINK VINTAGE PAISLEY'})",frozenset({'JUMBO SHOPPER VINTAGE RED PAISLEY'}),0.019498607242339833,0.060692093421898435,0.012052710520677095,0.6181318681318682,10.184718194426933,1.0,0.0108692992283281,2.459770345283662,0.9197474747474749,0.1768867924528302,0.5934579819951933,0.4083598440394557
"frozenset({'JUMBO SHOPPER VINTAGE RED PAISLEY', 'JUMBO BAG PINK VINTAGE PAISLEY'})",frozenset({'JUMBO BAG PINK POLKADOT'}),0.021480608527962287,0.062084851082065566,0.012052710520677095,0.5610972568578554,9.03758722262506,1.0,0.010719090139066408,2.136954401795976,0.9088741689628536,0.16853932584269662,0.5320442967058338,0.3776150650121891
frozenset({'JUMBO BAG PINK VINTAGE PAISLEY'}),"frozenset({'JUMBO BAG PINK POLKADOT', 'JUMBO SHOPPER VINTAGE RED PAISLEY'})",0.04365759588600814,0.02431969145061067,0.012052710520677095,0.27607361963190186,11.35185535526067,1.0,0.010990971259253926,1.3477617821487327,0.9535378430017986,0.21551724137931033,0.2580291166843276,0.38583416664414477
"frozenset({'JUMBO BAG PINK POLKADOT', 'JUMBO STORAGE BAG SUKI'})",frozenset({'JUMBO BAG PINK VINTAGE PAISLEY'}),0.027051639168630813,0.04365759588600814,0.011677737304478252,0.4316831683168317,9.887928081151673,1.0,0.010496727773600058,1.682762766820787,0.9238584641525998,0.19782214156079858,0.4057391691109961,0.3495839154467594
"frozenset({'JUMBO BAG PINK POLKADOT', 'JUMBO BAG PINK VINTAGE PAISLEY'})",frozenset({'JUMBO STORAGE BAG SUKI'}),0.019498607242339833,0.06053139061495608,0.011677737304478252,0.5989010989010989,9.894058154235145,1.0,0.010497459493044568,2.3422368069599724,0.9168056713928273,0.17084639498432605,0.5730576869817376,0.3959107264416999
"frozenset({'JUMBO STORAGE BAG SUKI', 'JUMBO BAG PINK VINTAGE PAISLEY'})",frozenset({'JUMBO BAG PINK POLKADOT'}),0.01912363402614099,0.062084851082065566,0.011677737304478252,0.6106442577030813,9.835640209491908,1.0,0.010490449333817367,2.408889986789228,0.9158431864538237,0.16795069337442223,0.5848710379119951,0.39936872074110064
frozenset({'JUMBO BAG PINK VINTAGE PAISLEY'}),"frozenset({'JUMBO BAG PINK POLKADOT', 'JUMBO STORAGE BAG SUKI'})",0.04365759588600814,0.027051639168630813,0.011677737304478252,0.2674846625766871,9.887928081151674,1.0,0.010496727773600058,1.328229336813343,0.9399003688121699,0.19782214156079858,0.24711796955247456,0.3495839154467594
"frozenset({'JUMBO BAG PINK POLKADOT', 'JUMBO BAG SCANDINAVIAN BLUE PAISLEY'})",frozenset({'JUMBO BAG RED RETROSPOT'}),0.016284551103492608,0.10381401328476537,0.013659738590100707,0.8388157894736842,8.079986149584487,1.0,0.011969173985506286,5.560011019621046,0.8907427575691571,0.12833417211877202,0.8201442413565294,0.4851973684210526
"frozenset({'JUMBO BAG PINK POLKADOT', 'JUMBO BAG RED RETROSPOT'})",frozenset({'JUMBO BAG SCANDINAVIAN BLUE PAISLEY'}),0.04205056781658453,0.03401542746946647,0.013659738590100707,0.3248407643312102,9.54980691107879,1.0,0.012229370550485796,1.43075073478579,0.9345857002981253,0.21888412017167383,0.3010662334905469,0.36320778374040824
"frozenset({'JUMBO BAG SCANDINAVIAN BLUE PAISLEY', 'JUMBO BAG RED RETROSPOT'})",frozenset({'JUMBO BAG PINK POLKADOT'}),0.02292693379044354,0.062084851082065566,0.013659738590100707,0.5957943925233645,9.596453597606704,1.0,0.012236323319952643,2.320391235473272,0.9168145854833162,0.19144144144144146,0.5690381929079998,0.40790582438937856
frozenset({'JUMBO BAG PINK POLKADOT'}),"frozenset({'JUMBO BAG SCANDINAVIAN BLUE PAISLEY', 'JUMBO BAG RED RETROSPOT'})",0.062084851082065566,0.02292693379044354,0.013659738590100707,0.2200172562553926,9.596453597606702,1.0,0.012236323319952643,1.252685490859376,0.9550915551553878,0.19144144144144146,0.2017150295929643,0.40790582438937856
frozenset({'JUMBO BAG SCANDINAVIAN BLUE PAISLEY'}),"frozenset({'JUMBO BAG PINK POLKADOT', 'JUMBO BAG RED RETROSPOT'})",0.03401542746946647,0.04205056781658453,0.013659738590100707,0.4015748031496063,9.54980691107879,1.0,0.012229370550485796,1.6007839195696547,0.9268117383924679,0.21888412017167383,0.3753060686236566,0.36320778374040824
"frozenset({'JUMBO BAG SPACEBOY DESIGN', 'JUMBO BAG PINK POLKADOT'})",frozenset({'JUMBO BAG RED RETROSPOT'}),0.017034497535890293,0.10381401328476537,0.013177630169273624,0.7735849056603774,7.451642424596453,1.0,0.011409210615783406,3.958154774658954,0.8808054761746528,0.12238805970149252,0.7473570244392066,0.45025994509025064
"frozenset({'JUMBO BAG SPACEBOY DESIGN', 'JUMBO BAG RED RETROSPOT'})",frozenset({'JUMBO BAG PINK POLKADOT'}),0.020944932504821084,0.062084851082065566,0.013177630169273624,0.6291560102301791,10.133808799807579,1.0,0.011877267153787893,2.5291367119097408,0.92060237421327,0.18865030674846628,0.6046081671698545,0.4207039757794554
"frozenset({'JUMBO BAG PINK POLKADOT', 'JUMBO BAG RED RETROSPOT'})",frozenset({'JUMBO BAG SPACEBOY DESIGN'}),0.04205056781658453,0.033372616241697024,0.013177630169273624,0.31337579617834393,9.39020764535686,1.0,0.011774292706785292,1.4077968390543,0.9327278166255912,0.21170395869191053,0.28967023347505266,0.3541196797906166
frozenset({'JUMBO BAG SPACEBOY DESIGN'}),"frozenset({'JUMBO BAG PINK POLKADOT', 'JUMBO BAG RED RETROSPOT'})",0.033372616241697024,0.04205056781658453,0.013177630169273624,0.39486356340288925,9.390207645356861,1.0,0.011774292706785292,1.5830304940325406,0.924354200316733,0.21170395869191053,0.3683002293577776,0.3541196797906166
frozenset({'JUMBO BAG PINK POLKADOT'}),"frozenset({'JUMBO BAG SPACEBOY DESIGN', 'JUMBO BAG RED RETROSPOT'})",0.062084851082065566,0.020944932504821084,0.013177630169273624,0.21225194132873168,10.133808799807579,1.0,0.011877267153787893,1.2428530374884035,0.9609828998512727,0.18865030674846628,0.19539964111860608,0.4207039757794554
"frozenset({'JUMBO BAG PINK POLKADOT', 'JUMBO BAG RED RETROSPOT'})",frozenset({'JUMBO BAG STRAWBERRY'}),0.04205056781658453,0.04242554103278337,0.014570387829440755,0.3464968152866242,8.167174934053914,1.0,0.012786369739086407,1.4652942500765398,0.9160803391982527,0.20842911877394638,0.3175432170379672,0.34496557936048383
"frozenset({'JUMBO BAG PINK POLKADOT', 'JUMBO BAG STRAWBERRY'})",frozenset({'JUMBO BAG RED RETROSPOT'}),0.018159417184486822,0.10381401328476537,0.014570387829440755,0.8023598820058997,7.728820576515034,1.0,0.012685185852606843,4.534433574574098,0.8867164056958917,0.13566084788029925,0.7794652885407134,0.47135537959944107
"frozenset({'JUMBO BAG RED RETROSPOT', 'JUMBO BAG STRAWBERRY'})",frozenset({'JUMBO BAG PINK POLKADOT'}),0.02769445039640026,0.062084851082065566,0.014570387829440755,0.5261121856866537,8.474083073682875,1.0,0.012850982000780593,1.9791923754717229,0.9071151889216928,0.19373219373219372,0.4947434052429294,0.38039862951286957
frozenset({'JUMBO BAG PINK POLKADOT'}),"frozenset({'JUMBO BAG RED RETROSPOT', 'JUMBO BAG STRAWBERRY'})",0.062084851082065566,0.02769445039640026,0.014570387829440755,0.23468507333908542,8.474083073682875,1.0,0.012850982000780593,1.2704646358405547,0.9403762518771858,0.19373219373219372,0.21288639463908582,0.38039862951286957
frozenset({'JUMBO BAG STRAWBERRY'}),"frozenset({'JUMBO BAG PINK POLKADOT', 'JUMBO BAG RED RETROSPOT'})",0.04242554103278337,0.04205056781658453,0.014570387829440755,0.3434343434343435,8.167174934053916,1.0,0.012786369739086407,1.459030673633202,0.9164390638779566,0.20842911877394638,0.31461344982566264,0.34496557936048383
"frozenset({'JUMBO BAG PINK POLKADOT', 'JUMBO BAG RED RETROSPOT'})",frozenset({'JUMBO BAG TOYS'}),0.04205056781658453,0.027158774373259052,0.012427683736875937,0.29554140127388534,10.88198595459742,1.0,0.011285641853277888,1.3809771466853373,0.9479675843172191,0.21886792452830184,0.27587505528224726,0.37656754481840227
"frozenset({'JUMBO BAG PINK POLKADOT', 'JUMBO BAG TOYS'})",frozenset({'JUMBO BAG RED RETROSPOT'}),0.014945361045639597,0.10381401328476537,0.012427683736875937,0.8315412186379928,8.009913038975258,1.0,0.010876145826738293,5.319912559437243,0.8884326462034087,0.11687657430730478,0.8120269856266616,0.47562613047482716
"frozenset({'JUMBO BAG RED RETROSPOT', 'JUMBO BAG TOYS'})",frozenset({'JUMBO BAG PINK POLKADOT'}),0.018105849582172703,0.062084851082065566,0.012427683736875937,0.6863905325443787,11.055684608747594,1.0,0.011303584761852465,2.9907105691911493,0.9263206162876008,0.183399209486166,0.6656313017041785,0.4432815475491522
frozenset({'JUMBO BAG PINK POLKADOT'}),"frozenset({'JUMBO BAG RED RETROSPOT', 'JUMBO BAG TOYS'})",0.062084851082065566,0.018105849582172703,0.012427683736875937,0.2001725625539258,11.055684608747594,1.0,0.011303584761852465,1.2276324922699697,0.9697559481724669,0.183399209486166,0.18542397150882087,0.4432815475491522
frozenset({'JUMBO BAG TOYS'}),"frozenset({'JUMBO BAG PINK POLKADOT', 'JUMBO BAG RED RETROSPOT'})",0.027158774373259052,0.04205056781658453,0.012427683736875937,0.45759368836291914,10.881985954597418,1.0,0.011285641853277888,1.7661104076981513,0.9334565448127761,0.21886792452830184,0.4337839833562028,0.37656754481840227
"frozenset({'JUMBO BAG PINK POLKADOT', 'JUMBO BAG RED RETROSPOT'})",frozenset({'JUMBO BAG VINTAGE LEAF'}),0.04205056781658453,0.04371116348832226,0.01017784443968288,0.24203821656050956,5.537217434744599,1.0,0.008339765195075372,1.261658380943978,0.8553727886231263,0.1346562721474132,0.20739241691416044,0.23744067690770576
"frozenset({'JUMBO BAG PINK POLKADOT', 'JUMBO BAG VINTAGE LEAF'})",frozenset({'JUMBO BAG RED RETROSPOT'}),0.0125883865438183,0.10381401328476537,0.01017784443968288,0.8085106382978724,7.788068418856905,1.0,0.008870993511789165,4.680082375068449,0.8827103564259752,0.09581442259203228,0.7863285472650736,0.45327492699207345
"frozenset({'JUMBO BAG RED RETROSPOT', 'JUMBO BAG VINTAGE LEAF'})",frozenset({'JUMBO BAG PINK POLKADOT'}),0.02164131133490465,0.062084851082065566,0.01017784443968288,0.4702970297029703,7.575068982308068,1.0,0.008834246848234709,1.7706435521628294,0.8871879106438897,0.13838310269482884,0.435233591324179,0.31711572796623927
frozenset({'JUMBO BAG VINTAGE LEAF'}),"frozenset({'JUMBO BAG PINK POLKADOT', 'JUMBO BAG RED RETROSPOT'})",0.04371116348832226,0.04205056781658453,0.01017784443968288,0.232843137254902,5.537217434744599,1.0,0.008339765195075372,1.2487008572870082,0.8568581435663998,0.1346562721474132,0.1991676836254829,0.23744067690770576
"frozenset({'JUMBO BAG PINK POLKADOT', 'JUMBO BAG WOODLAND ANIMALS'})",frozenset({'JUMBO BAG RED RETROSPOT'}),0.02126633811870581,0.10381401328476537,0.016927362331262054,0.795969773299748,7.667267145490039,1.0,0.014719618423288417,4.392417737357383,0.8884699347170484,0.1565131253095592,0.7723349508642975,0.4795122344310918
"frozenset({'JUMBO BAG PINK POLKADOT', 'JUMBO BAG RED RETROSPOT'})",frozenset({'JUMBO BAG WOODLAND ANIMALS'}),0.04205056781658453,0.03937218770087851,0.016927362331262054,0.40254777070063696,10.22416569175441,1.0,0.015271739482258967,1.6078738436136684,0.9417955458723616,0.2624584717607974,0.37806065819659235,0.4162398717448763
"frozenset({'JUMBO BAG WOODLAND ANIMALS', 'JUMBO BAG RED RETROSPOT'})",frozenset({'JUMBO BAG PINK POLKADOT'}),0.02539104349689308,0.062084851082065566,0.016927362331262054,0.6666666666666666,10.73799252228933,1.0,0.015350963176939198,2.8137454467538032,0.9304990656260307,0.23993925588458623,0.6446018238239382,0.46965775093471385
frozenset({'JUMBO BAG PINK POLKADOT'}),"frozenset({'JUMBO BAG WOODLAND ANIMALS', 'JUMBO BAG RED RETROSPOT'})",0.062084851082065566,0.02539104349689308,0.016927362331262054,0.272648835202761,10.73799252228933,1.0,0.015350963176939198,1.3399428002219465,0.9669027357359073,0.23993925588458623,0.2536994864001947,0.46965775093471385
frozenset({'JUMBO BAG WOODLAND ANIMALS'}),"frozenset({'JUMBO BAG PINK POLKADOT', 'JUMBO BAG RED RETROSPOT'})",0.03937218770087851,0.04205056781658453,0.016927362331262054,0.42993197278911566,10.224165691754408,1.0,0.015271739482258967,1.6804124884363016,0.9391696730516613,0.2624584717607974,0.4049080170009065,0.4162398717448763
"frozenset({'JUMBO BAG PINK POLKADOT', 'JUMBO SHOPPER VINTAGE RED PAISLEY'})",frozenset({'JUMBO BAG RED RETROSPOT'}),0.02431969145061067,0.10381401328476537,0.019605742446968073,0.8061674008810572,7.765496924482753,1.0,0.01708101767563298,4.623504976917232,0.8929412971826751,0.1806515301085883,0.783713869674093,0.4975109450225719
"frozenset({'JUMBO BAG PINK POLKADOT', 'JUMBO BAG RED RETROSPOT'})",frozenset({'JUMBO SHOPPER VINTAGE RED PAISLEY'}),0.04205056781658453,0.060692093421898435,0.019605742446968073,0.46624203821656046,7.68208858731399,1.0,0.01705360545660005,1.7598012092215027,0.9080093772850791,0.2358247422680412,0.43175399882673227,0.39463911266520874
"frozenset({'JUMBO SHOPPER VINTAGE RED PAISLEY', 'JUMBO BAG RED RETROSPOT'})",frozenset({'JUMBO BAG PINK POLKADOT'}),0.03519391472037712,0.062084851082065566,0.019605742446968073,0.5570776255707762,8.972843066570535,1.0,0.017420733492558543,2.1175610063198724,0.9209649658542002,0.25241379310344825,0.5277585878208493,0.43643354962749337
frozenset({'JUMBO BAG PINK POLKADOT'}),"frozenset({'JUMBO SHOPPER VINTAGE RED PAISLEY', 'JUMBO BAG RED RETROSPOT'})",0.062084851082065566,0.03519391472037712,0.019605742446968073,0.3157894736842105,8.972843066570535,1.0,0.017420733492558543,1.4101012015625256,0.9473699240390655,0.25241379310344825,0.2908310418486948,0.43643354962749337
frozenset({'JUMBO SHOPPER VINTAGE RED PAISLEY'}),"frozenset({'JUMBO BAG PINK POLKADOT', 'JUMBO BAG RED RETROSPOT'})",0.060692093421898435,0.04205056781658453,0.019605742446968073,0.323036187113857,7.68208858731399,1.0,0.01705360545660005,1.4150674141640283,0.926029751581926,0.2358247422680412,0.2933198871017997,0.39463911266520874
"frozenset({'JUMBO BAG PINK POLKADOT', 'JUMBO STORAGE BAG SKULLS'})",frozenset({'JUMBO BAG RED RETROSPOT'}),0.017409470752089137,0.10381401328476537,0.013338332976215984,0.7661538461538461,7.3800619195046435,1.0,0.011530985948277868,3.83237428529541,0.8798169289489637,0.12363455809334656,0.7390651524208008,0.4473184091450345
"frozenset({'JUMBO BAG PINK POLKADOT', 'JUMBO BAG RED RETROSPOT'})",frozenset({'JUMBO STORAGE BAG SKULLS'}),0.04205056781658453,0.03664023998285837,0.013338332976215984,0.31719745222929935,8.657079003240584,1.0,0.011797590080000867,1.4108906933086867,0.9233134517604052,0.20409836065573767,0.291227871342113,0.3406162699742988
"frozenset({'JUMBO STORAGE BAG SKULLS', 'JUMBO BAG RED RETROSPOT'})",frozenset({'JUMBO BAG PINK POLKADOT'}),0.02169487893721877,0.062084851082065566,0.013338332976215984,0.6148148148148148,9.902815326111272,1.0,0.011991409648155316,2.434972021229253,0.918955238354722,0.1893536121673004,0.5893176630854396,0.4148275972262167
frozenset({'JUMBO BAG PINK POLKADOT'}),"frozenset({'JUMBO STORAGE BAG SKULLS', 'JUMBO BAG RED RETROSPOT'})",0.062084851082065566,0.02169487893721877,0.013338332976215984,0.21484037963761862,9.902815326111272,1.0,0.011991409648155316,1.2459952036393005,0.9585287291148716,0.1893536121673004,0.1974286922781068,0.4148275972262167
frozenset({'JUMBO STORAGE BAG SKULLS'}),"frozenset({'JUMBO BAG PINK POLKADOT', 'JUMBO BAG RED RETROSPOT'})",0.03664023998285837,0.04205056781658453,0.013338332976215984,0.3640350877192982,8.657079003240584,1.0,0.011797590080000867,1.5062929002608185,0.9181280281267419,0.20409836065573767,0.3361184934040071,0.3406162699742988
"frozenset({'JUMBO BAG PINK POLKADOT', 'JUMBO STORAGE BAG SUKI'})",frozenset({'JUMBO BAG RED RETROSPOT'}),0.027051639168630813,0.10381401328476537,0.02169487893721877,0.8019801980198019,7.725163228397142,1.0,0.018886539709191852,4.525739232911933,0.8947575555514774,0.19872423945044163,0.7790416220342894,0.5054792630965883
"frozenset({'JUMBO BAG PINK POLKADOT', 'JUMBO BAG RED RETROSPOT'})",frozenset({'JUMBO STORAGE BAG SUKI'}),0.04205056781658453,0.06053139061495608,0.02169487893721877,0.5159235668789808,8.523239952652046,1.0,0.01914949959113239,1.9407443641243667,0.9214199567421435,0.2682119205298013,0.48473378643498766,0.43716532326249924
"frozenset({'JUMBO STORAGE BAG SUKI', 'JUMBO BAG RED RETROSPOT'})",frozenset({'JUMBO BAG PINK POLKADOT'}),0.03739018641525605,0.062084851082065566,0.02169487893721877,0.5802292263610315,9.345745640817718,1.0,0.019373514781696924,2.2343507643164444,0.9276857863242578,0.27892561983471076,0.5524426979100883,0.4648341990303863
frozenset({'JUMBO BAG PINK POLKADOT'}),"frozenset({'JUMBO STORAGE BAG SUKI', 'JUMBO BAG RED RETROSPOT'})",0.062084851082065566,0.03739018641525605,0.02169487893721877,0.34943917169974115,9.34574564081772,1.0,0.019373514781696924,1.479661503905462,0.9521111188672633,0.27892561983471076,0.3241697527707717,0.4648341990303863
frozenset({'JUMBO STORAGE BAG SUKI'}),"frozenset({'JUMBO BAG PINK POLKADOT', 'JUMBO BAG RED RETROSPOT'})",0.06053139061495608,0.04205056781658453,0.02169487893721877,0.35840707964601765,8.523239952652046,1.0,0.01914949959113239,1.4930798046444957,0.9395457342011491,0.2682119205298013,0.3302434358235116,0.43716532326249924
frozenset({'JUMBO BAG RED RETROSPOT'}),"frozenset({'JUMBO BAG PINK POLKADOT', 'JUMBO STORAGE BAG SUKI'})",0.10381401328476537,0.027051639168630813,0.02169487893721877,0.2089783281733746,7.725163228397143,1.0,0.018886539709191852,1.2299895129101066,0.9713975780921388,0.19872423945044163,0.1869849380796431,0.5054792630965883
"frozenset({'JUMBO BAG PINK POLKADOT', 'JUMBO BAG RED RETROSPOT'})",frozenset({'LUNCH BAG PINK POLKADOT'}),0.04205056781658453,0.05388900792800514,0.010767088065138205,0.25605095541401274,4.751450532473946,1.0,0.008501024682693164,1.2717416588638972,0.8241958579300556,0.12641509433962267,0.21367677701669063,0.22792607412847754
"frozenset({'JUMBO BAG PINK POLKADOT', 'LUNCH BAG PINK POLKADOT'})",frozenset({'JUMBO BAG RED RETROSPOT'}),0.01537390186415256,0.10381401328476537,0.010767088065138205,0.7003484320557491,6.746183967810488,1.0,0.009171061612774391,2.9907602114799112,0.865067513745131,0.09930830039525693,0.66563685174039,0.40203180116719345
"frozenset({'JUMBO BAG RED RETROSPOT', 'LUNCH BAG PINK POLKADOT'})",frozenset({'JUMBO BAG PINK POLKADOT'}),0.018159417184486822,0.062084851082065566,0.010767088065138205,0.5929203539823009,9.550161491062635,1.0,0.009639663353502238,2.304008952776665,0.9118483636159319,0.15497301464919047,0.5659739087407387,0.383172860338864
"frozenset({'JUMBO BAG PINK POLKADOT', 'JUMBO BAG RED RETROSPOT'})",frozenset({'LUNCH BAG RED RETROSPOT'}),0.04205056781658453,0.07456610242125562,0.012641954146132419,0.3006369426751592,4.031817849037265,1.0,0.009506407199449021,1.3232524765014833,0.7849818547488998,0.12158681092220505,0.24428631893145825,0.23508858628010837
"frozenset({'JUMBO BAG PINK POLKADOT', 'LUNCH BAG RED RETROSPOT'})",frozenset({'JUMBO BAG RED RETROSPOT'}),0.01644525391043497,0.10381401328476537,0.012641954146132419,0.768729641693811,7.404873555799826,1.0,0.010934706338203183,3.8750577172053084,0.8794160245693939,0.1174713787954206,0.7419393276234347,0.4452523337468023
"frozenset({'JUMBO BAG RED RETROSPOT', 'LUNCH BAG RED RETROSPOT'})",frozenset({'JUMBO BAG PINK POLKADOT'}),0.028444396828797944,0.062084851082065566,0.012641954146132419,0.4444444444444444,7.15866168152622,1.0,0.01087598800489732,1.688247268052282,0.8854964988697137,0.16231086657496563,0.40766970637323025,0.3240341290384431
frozenset({'JUMBO BAG PINK POLKADOT'}),"frozenset({'JUMBO BAG RED RETROSPOT', 'LUNCH BAG RED RETROSPOT'})",0.062084851082065566,0.028444396828797944,0.012641954146132419,0.20362381363244175,7.15866168152622,1.0,0.01087598800489732,1.2199706869722895,0.9172568393397681,0.16231086657496563,0.18030817405802627,0.3240341290384431
"frozenset({'RECYCLING BAG RETROSPOT', 'JUMBO BAG PINK POLKADOT'})",frozenset({'JUMBO BAG RED RETROSPOT'}),0.015748875080351405,0.10381401328476537,0.01274908935076066,0.8095238095238094,7.7978279030910596,1.0,0.01111413542394895,4.7049764302549795,0.8857080657450745,0.119358074222668,0.7874590840520308,0.46616541353383456
"frozenset({'RECYCLING BAG RETROSPOT', 'JUMBO BAG RED RETROSPOT'})",frozenset({'JUMBO BAG PINK POLKADOT'}),0.02153417613027641,0.062084851082065566,0.01274908935076066,0.5920398009950248,9.53597843397336,1.0,0.011412143232537478,2.2990359138110343,0.9148341916422761,0.1798941798941799,0.5650350679636258,0.3986946200833623
"frozenset({'JUMBO BAG PINK POLKADOT', 'JUMBO BAG RED RETROSPOT'})",frozenset({'RECYCLING BAG RETROSPOT'}),0.04205056781658453,0.0380329976430255,0.01274908935076066,0.30318471337579617,7.971622858168116,1.0,0.011149780204104617,1.3805193726695153,0.9129448793441215,0.1893396976929196,0.2756349387069475,0.31919799049071496
frozenset({'RECYCLING BAG RETROSPOT'}),"frozenset({'JUMBO BAG PINK POLKADOT', 'JUMBO BAG RED RETROSPOT'})",0.0380329976430255,0.04205056781658453,0.01274908935076066,0.3352112676056338,7.971622858168116,1.0,0.011149780204104617,1.4409832560386122,0.9091320457350999,0.1893396976929196,0.30602941025901537,0.31919799049071496
frozenset({'JUMBO BAG PINK POLKADOT'}),"frozenset({'RECYCLING BAG RETROSPOT', 'JUMBO BAG RED RETROSPOT'})",0.062084851082065566,0.02153417613027641,0.01274908935076066,0.20534943917169973,9.535978433973359,1.0,0.011412143232537478,1.2313158413300864,0.9543869635351999,0.1798941798941799,0.18786068818883667,0.3986946200833623
"frozenset({'JUMBO BAG PINK POLKADOT', 'JUMBO BAG SCANDINAVIAN BLUE PAISLEY'})",frozenset({'JUMBO SHOPPER VINTAGE RED PAISLEY'}),0.016284551103492608,0.060692093421898435,0.010927790872080565,0.6710526315789473,11.056673015283133,1.0,0.009939447375173712,2.8554960359974286,0.9246138010856705,0.1654501216545012,0.6497981480647727,0.4255527941654666
"frozenset({'JUMBO SHOPPER VINTAGE RED PAISLEY', 'JUMBO BAG SCANDINAVIAN BLUE PAISLEY'})",frozenset({'JUMBO BAG PINK POLKADOT'}),0.018105849582172703,0.062084851082065566,0.010927790872080565,0.6035502958579881,9.721377845622884,1.0,0.009803691897057095,2.365785972643745,0.9136768182450286,0.1577726218097448,0.577307494607169,0.3897820504311511
"frozenset({'JUMBO BAG PINK POLKADOT', 'JUMBO SHOPPER VINTAGE RED PAISLEY'})",frozenset({'JUMBO BAG SCANDINAVIAN BLUE PAISLEY'}),0.02431969145061067,0.03401542746946647,0.010927790872080565,0.44933920704845814,13.209865066426168,1.0,0.010100546171462515,1.7542279837154486,0.9473379667009002,0.2305084745762712,0.4299486672866754,0.3852995247840716
frozenset({'JUMBO BAG SCANDINAVIAN BLUE PAISLEY'}),"frozenset({'JUMBO BAG PINK POLKADOT', 'JUMBO SHOPPER VINTAGE RED PAISLEY'})",0.03401542746946647,0.02431969145061067,0.010927790872080565,0.32125984251968503,13.209865066426168,1.0,0.010100546171462515,1.4374872295333232,0.9568465438634836,0.2305084745762712,0.30434164599524977,0.3852995247840716
"frozenset({'JUMBO BAG PINK POLKADOT', 'JUMBO STORAGE BAG SUKI'})",frozenset({'JUMBO BAG SCANDINAVIAN BLUE PAISLEY'}),0.027051639168630813,0.03401542746946647,0.01039211484893936,0.3841584158415841,11.293652451859359,1.0,0.009471941778868622,1.5685601579675863,0.936796568984982,0.20507399577167018,0.3624726505257413,0.3448351134326031
"frozenset({'JUMBO BAG PINK POLKADOT', 'JUMBO BAG SCANDINAVIAN BLUE PAISLEY'})",frozenset({'JUMBO STORAGE BAG SUKI'}),0.016284551103492608,0.06053139061495608,0.01039211484893936,0.638157894736842,10.542594317652537,1.0,0.009406388325104636,2.5963496113913935,0.92013060065974,0.15645161290322576,0.6148438578485214,0.40491965533302277
"frozenset({'JUMBO BAG SCANDINAVIAN BLUE PAISLEY', 'JUMBO STORAGE BAG SUKI'})",frozenset({'JUMBO BAG PINK POLKADOT'}),0.015856010284979644,0.062084851082065566,0.01039211484893936,0.6554054054054054,10.556607513466874,1.0,0.0094076968116407,2.7217929811736137,0.9198578742640638,0.15384615384615383,0.632595128682855,0.41139554135671474
frozenset({'JUMBO BAG SCANDINAVIAN BLUE PAISLEY'}),"frozenset({'JUMBO BAG PINK POLKADOT', 'JUMBO STORAGE BAG SUKI'})",0.03401542746946647,0.027051639168630813,0.01039211484893936,0.305511811023622,11.293652451859357,1.0,0.009471941778868622,1.4009573903127424,0.9435499408015432,0.20507399577167018,0.2862024163513173,0.3448351134326031
"frozenset({'JUMBO BAG SPACEBOY DESIGN', 'JUMBO BAG PINK POLKADOT'})",frozenset({'JUMBO STORAGE BAG SUKI'}),0.017034497535890293,0.06053139061495608,0.010552817655881723,0.619496855345912,10.234307341236713,1.0,0.009521695831607242,2.4690166759044962,0.9179258357653634,0.15747402078337333,0.5949804593224705,0.3969165692658764
"frozenset({'JUMBO BAG SPACEBOY DESIGN', 'JUMBO STORAGE BAG SUKI'})",frozenset({'JUMBO BAG PINK POLKADOT'}),0.01773087636597386,0.062084851082065566,0.010552817655881723,0.595166163141994,9.586334714007544,1.0,0.00945199883714572,2.316790405162958,0.9118527932622982,0.15235885537509666,0.5683683781789219,0.38257013937945256
"frozenset({'JUMBO BAG PINK POLKADOT', 'JUMBO STORAGE BAG SUKI'})",frozenset({'JUMBO BAG SPACEBOY DESIGN'}),0.027051639168630813,0.033372616241697024,0.010552817655881723,0.3900990099009901,11.689194730066907,1.0,0.009650033683198146,1.5848923012920226,0.9398760966331117,0.21160042964554243,0.3690423007388021,0.35315544395531046
frozenset({'JUMBO BAG SPACEBOY DESIGN'}),"frozenset({'JUMBO BAG PINK POLKADOT', 'JUMBO STORAGE BAG SUKI'})",0.033372616241697024,0.027051639168630813,0.010552817655881723,0.3162118780096308,11.689194730066905,1.0,0.009650033683198146,1.4228798798073778,0.946022141487792,0.21160042964554243,0.29719998561271754,0.35315544395531046
"frozenset({'JUMBO BAG PINK POLKADOT', 'JUMBO BAG WOODLAND ANIMALS'})",frozenset({'JUMBO BAG TOYS'}),0.02126633811870581,0.027158774373259052,0.010659952860509964,0.5012594458438286,18.456629852095844,1.0,0.010082385181798595,1.950595790776849,0.966370080383858,0.28226950354609925,0.4873361232868561,0.44688218840514904
"frozenset({'JUMBO BAG PINK POLKADOT', 'JUMBO BAG TOYS'})",frozenset({'JUMBO BAG WOODLAND ANIMALS'}),0.014945361045639597,0.03937218770087851,0.010659952860509964,0.7132616487455198,18.115875454124303,1.0,0.010071521300163644,3.3501894953931872,0.9591344071491286,0.2441717791411043,0.7015094216685085,0.49200497403262383
"frozenset({'JUMBO BAG WOODLAND ANIMALS', 'JUMBO BAG TOYS'})",frozenset({'JUMBO BAG PINK POLKADOT'}),0.015106063852581958,0.062084851082065566,0.010659952860509964,0.7056737588652483,11.36627931880626,1.0,0.00972209513578624,3.186651469817561,0.9260088105052622,0.1602254428341385,0.6861909720998604,0.4386867500107087
frozenset({'JUMBO BAG WOODLAND ANIMALS'}),"frozenset({'JUMBO BAG PINK POLKADOT', 'JUMBO BAG TOYS'})",0.03937218770087851,0.014945361045639597,0.010659952860509964,0.2707482993197279,18.1158754541243,1.0,0.010071521300163644,1.3507745515512217,0.9835232595251953,0.2441717791411043,0.25968400955466203,0.49200497403262383
frozenset({'JUMBO BAG TOYS'}),"frozenset({'JUMBO BAG PINK POLKADOT', 'JUMBO BAG WOODLAND ANIMALS'})",0.027158774373259052,0.02126633811870581,0.010659952860509964,0.39250493096646943,18.456629852095848,1.0,0.010082385181798595,1.6110972940708317,0.9722233213310648,0.28226950354609925,0.37930502168912766,0.44688218840514904
"frozenset({'JUMBO BAG PINK POLKADOT', 'JUMBO STORAGE BAG SUKI'})",frozenset({'JUMBO BAG TOYS'}),0.027051639168630813,0.027158774373259052,0.010713520462824084,0.396039603960396,14.582381315054581,1.0,0.009978831098216422,1.6107698981688658,0.9573212024445301,0.2463054187192118,0.3791788627681666,0.3952584607573183
"frozenset({'JUMBO BAG PINK POLKADOT', 'JUMBO BAG TOYS'})",frozenset({'JUMBO STORAGE BAG SUKI'}),0.014945361045639597,0.06053139061495608,0.010713520462824084,0.7168458781362007,11.842547657563358,1.0,0.009808856975488925,3.3178701521319907,0.9294496709989668,0.1654259718775848,0.6986018276340857,0.44691851428933926
"frozenset({'JUMBO STORAGE BAG SUKI', 'JUMBO BAG TOYS'})",frozenset({'JUMBO BAG PINK POLKADOT'}),0.015802442682665525,0.062084851082065566,0.010713520462824084,0.6779661016949152,10.919992395548471,1.0,0.009732428162137917,2.9124733571662174,0.9230106678277907,0.1594896331738437,0.6566492196265166,0.42526432781035667
frozenset({'JUMBO BAG TOYS'}),"frozenset({'JUMBO BAG PINK POLKADOT', 'JUMBO STORAGE BAG SUKI'})",0.027158774373259052,0.027051639168630813,0.010713520462824084,0.39447731755424065,14.582381315054583,1.0,0.009978831098216422,1.606790941177538,0.9574266284896207,0.2463054187192118,0.3776414999781184,0.3952584607573183
"frozenset({'JUMBO BAG PINK POLKADOT', 'JUMBO BAG WOODLAND ANIMALS'})",frozenset({'JUMBO SHOPPER VINTAGE RED PAISLEY'}),0.02126633811870581,0.060692093421898435,0.013177630169273624,0.6196473551637279,10.209688284374645,1.0,0.011886931589431451,2.469571118619247,0.9216540227905701,0.19158878504672897,0.5950713901452223,0.41838501915291426
"frozenset({'JUMBO BAG PINK POLKADOT', 'JUMBO SHOPPER VINTAGE RED PAISLEY'})",frozenset({'JUMBO BAG WOODLAND ANIMALS'}),0.02431969145061067,0.03937218770087851,0.013177630169273624,0.5418502202643172,13.762258383529621,1.0,0.01222011071265273,2.0967549364605826,0.9504522117802708,0.2608695652173913,0.5230725429038239,0.4382720489076688
"frozenset({'JUMBO SHOPPER VINTAGE RED PAISLEY', 'JUMBO BAG WOODLAND ANIMALS'})",frozenset({'JUMBO BAG PINK POLKADOT'}),0.020034283265481036,0.062084851082065566,0.013177630169273624,0.6577540106951872,10.594436472526105,1.0,0.011933804676200315,2.74047082574459,0.9241250185542197,0.19114219114219114,0.6350991987924928,0.4350029760119595
frozenset({'JUMBO BAG PINK POLKADOT'}),"frozenset({'JUMBO SHOPPER VINTAGE RED PAISLEY', 'JUMBO BAG WOODLAND ANIMALS'})",0.062084851082065566,0.020034283265481036,0.013177630169273624,0.21225194132873168,10.594436472526105,1.0,0.011933804676200315,1.2440090533354957,0.9655573184893993,0.19114219114219114,0.1961473292185833,0.4350029760119595
frozenset({'JUMBO BAG WOODLAND ANIMALS'}),"frozenset({'JUMBO BAG PINK POLKADOT', 'JUMBO SHOPPER VINTAGE RED PAISLEY'})",0.03937218770087851,0.02431969145061067,0.013177630169273624,0.3346938775510204,13.762258383529623,1.0,0.01222011071265273,1.4665133472061374,0.9653452621070568,0.2608695652173913,0.3181105361876825,0.4382720489076688
frozenset({'JUMBO SHOPPER VINTAGE RED PAISLEY'}),"frozenset({'JUMBO BAG PINK POLKADOT', 'JUMBO BAG WOODLAND ANIMALS'})",0.060692093421898435,0.02126633811870581,0.013177630169273624,0.21712268314210062,10.209688284374645,1.0,0.011886931589431451,1.2501750156837725,0.9603387881611921,0.19158878504672897,0.2001119943569993,0.41838501915291426
"frozenset({'JUMBO BAG PINK POLKADOT', 'JUMBO STORAGE BAG SUKI'})",frozenset({'JUMBO BAG WOODLAND ANIMALS'}),0.027051639168630813,0.03937218770087851,0.014570387829440755,0.5386138613861386,13.680059271233246,1.0,0.013505305614476985,2.082047404339298,0.9526722473936996,0.28099173553719015,0.5197035389704141,0.45434094429851146
"frozenset({'JUMBO BAG PINK POLKADOT', 'JUMBO BAG WOODLAND ANIMALS'})",frozenset({'JUMBO STORAGE BAG SUKI'}),0.02126633811870581,0.06053139061495608,0.014570387829440755,0.6851385390428211,11.318731191903879,1.0,0.013283106809827644,2.9837523034068987,0.9314596097319121,0.21673306772908368,0.6648515364837144,0.4629232518222955
"frozenset({'JUMBO BAG WOODLAND ANIMALS', 'JUMBO STORAGE BAG SUKI'})",frozenset({'JUMBO BAG PINK POLKADOT'}),0.022766230983501178,0.062084851082065566,0.014570387829440755,0.64,10.308472821397757,1.0,0.013156949769130177,2.6053198581053736,0.9240290796469879,0.20731707317073172,0.6161699697298533,0.4373425366695427
frozenset({'JUMBO BAG PINK POLKADOT'}),"frozenset({'JUMBO BAG WOODLAND ANIMALS', 'JUMBO STORAGE BAG SUKI'})",0.062084851082065566,0.022766230983501178,0.014570387829440755,0.23468507333908542,10.308472821397757,1.0,0.013156949769130177,1.2769041017926968,0.9627655777028956,0.20731707317073172,0.21685583232440098,0.4373425366695427
frozenset({'JUMBO STORAGE BAG SUKI'}),"frozenset({'JUMBO BAG PINK POLKADOT', 'JUMBO BAG WOODLAND ANIMALS'})",0.06053139061495608,0.02126633811870581,0.014570387829440755,0.2407079646017699,11.318731191903879,1.0,0.013283106809827644,1.2890082027107954,0.9703899264118921,0.21673306772908368,0.2242097467673275,0.4629232518222955
frozenset({'JUMBO BAG WOODLAND ANIMALS'}),"frozenset({'JUMBO BAG PINK POLKADOT', 'JUMBO STORAGE BAG SUKI'})",0.03937218770087851,0.027051639168630813,0.014570387829440755,0.37006802721088433,13.680059271233244,1.0,0.013505305614476985,1.5445292553154562,0.9648907616913938,0.28099173553719015,0.35255353917154597,0.45434094429851146
"frozenset({'JUMBO BAG PINK POLKADOT', 'JUMBO STORAGE BAG SUKI'})",frozenset({'JUMBO SHOPPER VINTAGE RED PAISLEY'}),0.027051639168630813,0.060692093421898435,0.016284551103492608,0.601980198019802,9.918593412739332,1.0,0.01464273049185458,2.359952700606673,0.9241798320472214,0.22788605697151423,0.5762626938485123,0.43514720404079243
"frozenset({'JUMBO BAG PINK POLKADOT', 'JUMBO SHOPPER VINTAGE RED PAISLEY'})",frozenset({'JUMBO STORAGE BAG SUKI'}),0.02431969145061067,0.06053139061495608,0.016284551103492608,0.6696035242290749,11.062087248060504,1.0,0.014812446360660486,2.8434583244053995,0.932273757029006,0.23750000000000004,0.6483155770503118,0.4693150364508206
"frozenset({'JUMBO SHOPPER VINTAGE RED PAISLEY', 'JUMBO STORAGE BAG SUKI'})",frozenset({'JUMBO BAG PINK POLKADOT'}),0.027480179987143777,0.062084851082065566,0.016284551103492608,0.5925925925925926,9.544882242034959,1.0,0.014578448221282429,2.302155365525839,0.9205280914348664,0.2222222222222222,0.5656244513403689,0.42744383727990287
frozenset({'JUMBO BAG PINK POLKADOT'}),"frozenset({'JUMBO SHOPPER VINTAGE RED PAISLEY', 'JUMBO STORAGE BAG SUKI'})",0.062084851082065566,0.027480179987143777,0.016284551103492608,0.26229508196721313,9.54488224203496,1.0,0.014578448221282429,1.3183046449063163,0.9544912616368725,0.2222222222222222,0.24144999119603056,0.42744383727990287
frozenset({'JUMBO STORAGE BAG SUKI'}),"frozenset({'JUMBO BAG PINK POLKADOT', 'JUMBO SHOPPER VINTAGE RED PAISLEY'})",0.06053139061495608,0.02431969145061067,0.016284551103492608,0.26902654867256637,11.062087248060504,1.0,0.014812446360660486,1.3347684608484383,0.9682081315159263,0.23750000000000004,0.2508063912715202,0.4693150364508206
frozenset({'JUMBO SHOPPER VINTAGE RED PAISLEY'}),"frozenset({'JUMBO BAG PINK POLKADOT', 'JUMBO STORAGE BAG SUKI'})",0.060692093421898435,0.027051639168630813,0.016284551103492608,0.2683142100617829,9.918593412739334,1.0,0.01464273049185458,1.3297352145017387,0.9572784881365088,0.22788605697151423,0.24797058159078145,0.43514720404079243
"frozenset({'JUMBO BAG PINK POLKADOT', 'JUMBO STORAGE BAG SKULLS'})",frozenset({'JUMBO STORAGE BAG SUKI'}),0.017409470752089137,0.06053139061495608,0.010874223269766446,0.6246153846153846,10.318867256637168,1.0,0.009820403795272084,2.502682770902781,0.9190910265227819,0.1621405750798722,0.6004287832135933,0.4021307011572498
"frozenset({'JUMBO BAG PINK POLKADOT', 'JUMBO STORAGE BAG SUKI'})",frozenset({'JUMBO STORAGE BAG SKULLS'}),0.027051639168630813,0.03664023998285837,0.010874223269766446,0.401980198019802,10.971003416131087,1.0,0.009883044718698122,1.6109161549955515,0.9341201148114407,0.20588235294117646,0.379235227793242,0.3493819118753981
"frozenset({'JUMBO STORAGE BAG SKULLS', 'JUMBO STORAGE BAG SUKI'})",frozenset({'JUMBO BAG PINK POLKADOT'}),0.019552174844653953,0.062084851082065566,0.010874223269766446,0.5561643835616439,8.95813348777288,1.0,0.009660329406205597,2.113203884907692,0.9060855457489138,0.15367146101438306,0.5267848941874903,0.3656576878981645
frozenset({'JUMBO STORAGE BAG SKULLS'}),"frozenset({'JUMBO BAG PINK POLKADOT', 'JUMBO STORAGE BAG SUKI'})",0.03664023998285837,0.027051639168630813,0.010874223269766446,0.29678362573099415,10.971003416131087,1.0,0.009883044718698122,1.3835689788121757,0.9434176849043705,0.20588235294117646,0.27723155454199194,0.3493819118753981
"frozenset({'JUMBO BAG SCANDINAVIAN BLUE PAISLEY', 'JUMBO BAG PINK VINTAGE PAISLEY'})",frozenset({'JUMBO BAG RED RETROSPOT'}),0.017409470752089137,0.10381401328476537,0.01269552174844654,0.7292307692307692,7.024396284829721,1.0,0.010888174720508424,3.309777791846037,0.8728345997541918,0.11697926949654493,0.6978649133293485,0.4257608954512979
"frozenset({'JUMBO BAG RED RETROSPOT', 'JUMBO BAG PINK VINTAGE PAISLEY'})",frozenset({'JUMBO BAG SCANDINAVIAN BLUE PAISLEY'}),0.026140989929290766,0.03401542746946647,0.01269552174844654,0.48565573770491804,14.277513876339228,1.0,0.011806324801526697,1.8780895274697222,0.954922412072431,0.26749435665914223,0.46754401993430994,0.4294420420808055
"frozenset({'JUMBO BAG SCANDINAVIAN BLUE PAISLEY', 'JUMBO BAG RED RETROSPOT'})",frozenset({'JUMBO BAG PINK VINTAGE PAISLEY'}),0.02292693379044354,0.04365759588600814,0.01269552174844654,0.5537383177570093,12.683664927469755,1.0,0.011694586938118092,2.143008109742348,0.9427733362943224,0.23558648111332015,0.5333662082500336,0.4222679318846396
frozenset({'JUMBO BAG PINK VINTAGE PAISLEY'}),"frozenset({'JUMBO BAG SCANDINAVIAN BLUE PAISLEY', 'JUMBO BAG RED RETROSPOT'})",0.04365759588600814,0.02292693379044354,0.01269552174844654,0.29079754601227,12.683664927469756,1.0,0.011694586938118092,1.377706832112091,0.963209861312297,0.23558648111332015,0.2741561726401895,0.4222679318846396
frozenset({'JUMBO BAG SCANDINAVIAN BLUE PAISLEY'}),"frozenset({'JUMBO BAG RED RETROSPOT', 'JUMBO BAG PINK VINTAGE PAISLEY'})",0.03401542746946647,0.026140989929290766,0.01269552174844654,0.37322834645669295,14.27751387633923,1.0,0.011806324801526697,1.553770028630403,0.9627066739575664,0.26749435665914223,0.35640411285223017,0.4294420420808055
"frozenset({'JUMBO BAG STRAWBERRY', 'JUMBO BAG PINK VINTAGE PAISLEY'})",frozenset({'JUMBO BAG RED RETROSPOT'}),0.014891793443325477,0.10381401328476537,0.011034926076708806,0.7410071942446043,7.1378340052416265,1.0,0.009488949234349434,3.460273670928266,0.8729005316312687,0.10248756218905472,0.7110055171642721,0.4236511719417036
"frozenset({'JUMBO BAG RED RETROSPOT', 'JUMBO BAG PINK VINTAGE PAISLEY'})",frozenset({'JUMBO BAG STRAWBERRY'}),0.026140989929290766,0.04242554103278337,0.011034926076708806,0.4221311475409836,9.949929624109952,1.0,0.009925880435826104,1.6570792055886585,0.9236416845568052,0.19180633147113596,0.39652854454548453,0.3411160788209968
"frozenset({'JUMBO BAG STRAWBERRY', 'JUMBO BAG RED RETROSPOT'})",frozenset({'JUMBO BAG PINK VINTAGE PAISLEY'}),0.02769445039640026,0.04365759588600814,0.011034926076708806,0.3984526112185686,9.12676484199784,1.0,0.009825852953017666,1.5898039322409447,0.915794577634333,0.18294849023090584,0.3709916174440284,0.3256066737074438
frozenset({'JUMBO BAG PINK VINTAGE PAISLEY'}),"frozenset({'JUMBO BAG STRAWBERRY', 'JUMBO BAG RED RETROSPOT'})",0.04365759588600814,0.02769445039640026,0.011034926076708806,0.252760736196319,9.12676484199784,1.0,0.009825852953017666,1.3011970819818288,0.9310809039736053,0.18294849023090584,0.23147691164745102,0.3256066737074438
frozenset({'JUMBO BAG STRAWBERRY'}),"frozenset({'JUMBO BAG RED RETROSPOT', 'JUMBO BAG PINK VINTAGE PAISLEY'})",0.04242554103278337,0.026140989929290766,0.011034926076708806,0.2601010101010101,9.949929624109952,1.0,0.009925880435826104,1.3162053514948835,0.9393491734863906,0.19180633147113596,0.2402401351246236,0.3411160788209968
"frozenset({'JUMBO BAG WOODLAND ANIMALS', 'JUMBO BAG PINK VINTAGE PAISLEY'})",frozenset({'JUMBO BAG RED RETROSPOT'}),0.014088279408613671,0.10381401328476537,0.010552817655881723,0.7490494296577946,7.215301730057642,1.0,0.009090256830196417,3.5711653713046467,0.8737147955546178,0.09830339321357287,0.7199793635894627,0.42535030822415015
"frozenset({'JUMBO BAG RED RETROSPOT', 'JUMBO BAG PINK VINTAGE PAISLEY'})",frozenset({'JUMBO BAG WOODLAND ANIMALS'}),0.026140989929290766,0.03937218770087851,0.010552817655881723,0.4036885245901639,10.253139288502284,1.0,0.009523589693698912,1.6109497333401075,0.9266935830638902,0.19200779727095513,0.3792481669017554,0.3358578677372588
"frozenset({'JUMBO BAG WOODLAND ANIMALS', 'JUMBO BAG RED RETROSPOT'})",frozenset({'JUMBO BAG PINK VINTAGE PAISLEY'}),0.02539104349689308,0.04365759588600814,0.010552817655881723,0.41561181434599154,9.519805337682172,1.0,0.00944430573977031,1.6364848359206934,0.9182717122675015,0.1804029304029304,0.38893414833422785,0.32866480287851724
frozenset({'JUMBO BAG PINK VINTAGE PAISLEY'}),"frozenset({'JUMBO BAG WOODLAND ANIMALS', 'JUMBO BAG RED RETROSPOT'})",0.04365759588600814,0.02539104349689308,0.010552817655881723,0.24171779141104294,9.519805337682172,1.0,0.00944430573977031,1.2852852743528027,0.9358110980224569,0.1804029304029304,0.22196261020453717,0.32866480287851724
frozenset({'JUMBO BAG WOODLAND ANIMALS'}),"frozenset({'JUMBO BAG RED RETROSPOT', 'JUMBO BAG PINK VINTAGE PAISLEY'})",0.03937218770087851,0.026140989929290766,0.010552817655881723,0.2680272108843537,10.253139288502284,1.0,0.009523589693698912,1.3304579412676045,0.9394573880612013,0.19200779727095513,0.24837909641304265,0.3358578677372588
"frozenset({'JUMBO SHOPPER VINTAGE RED PAISLEY', 'JUMBO BAG PINK VINTAGE PAISLEY'})",frozenset({'JUMBO BAG RED RETROSPOT'}),0.021480608527962287,0.10381401328476537,0.014998928647953718,0.6982543640897757,6.726012625814207,1.0,0.012768940468866997,2.9700047989488367,0.8700118871657713,0.1359883438562409,0.6633002073417772,0.42136660412951116
"frozenset({'JUMBO BAG RED RETROSPOT', 'JUMBO BAG PINK VINTAGE PAISLEY'})",frozenset({'JUMBO SHOPPER VINTAGE RED PAISLEY'}),0.026140989929290766,0.060692093421898435,0.014998928647953718,0.5737704918032787,9.453793063533633,1.0,0.013412377245024297,2.2037608577409307,0.9182256797108282,0.20879940343027592,0.5462302561154039,0.4104510005353551
"frozenset({'JUMBO SHOPPER VINTAGE RED PAISLEY', 'JUMBO BAG RED RETROSPOT'})",frozenset({'JUMBO BAG PINK VINTAGE PAISLEY'}),0.03519391472037712,0.04365759588600814,0.014998928647953718,0.426179604261796,9.761866076514366,1.0,0.01346244694144486,1.6666232347556833,0.9303015220857096,0.2348993288590604,0.39998436410458793,0.3848689432351925
frozenset({'JUMBO BAG PINK VINTAGE PAISLEY'}),"frozenset({'JUMBO SHOPPER VINTAGE RED PAISLEY', 'JUMBO BAG RED RETROSPOT'})",0.04365759588600814,0.03519391472037712,0.014998928647953718,0.34355828220858897,9.761866076514366,1.0,0.01346244694144486,1.469751326173631,0.9385347400596938,0.2348993288590604,0.31961279286380206,0.3848689432351925
frozenset({'JUMBO SHOPPER VINTAGE RED PAISLEY'}),"frozenset({'JUMBO BAG RED RETROSPOT', 'JUMBO BAG PINK VINTAGE PAISLEY'})",0.060692093421898435,0.026140989929290766,0.014998928647953718,0.2471315092674316,9.453793063533633,1.0,0.013412377245024297,1.2935313697656663,0.9520013035154181,0.20879940343027592,0.22692249807505024,0.4104510005353551
"frozenset({'JUMBO STORAGE BAG SUKI', 'JUMBO BAG PINK VINTAGE PAISLEY'})",frozenset({'JUMBO BAG RED RETROSPOT'}),0.01912363402614099,0.10381401328476537,0.01403471180629955,0.7338935574229692,7.069311109376672,1.0,0.012049410609456758,3.36777260270883,0.875282075055206,0.12887358583374323,0.7030678380138667,0.4345422379478107
"frozenset({'JUMBO BAG RED RETROSPOT', 'JUMBO BAG PINK VINTAGE PAISLEY'})",frozenset({'JUMBO STORAGE BAG SUKI'}),0.026140989929290766,0.06053139061495608,0.01403471180629955,0.5368852459016393,8.869534310169737,1.0,0.012452361333828018,2.0285870857517763,0.9110708017366623,0.19321533923303835,0.5070460583015055,0.38437182649064267
"frozenset({'JUMBO STORAGE BAG SUKI', 'JUMBO BAG RED RETROSPOT'})",frozenset({'JUMBO BAG PINK VINTAGE PAISLEY'}),0.03739018641525605,0.04365759588600814,0.01403471180629955,0.3753581661891118,8.597774535482625,1.0,0.01240234615767979,1.531025224934785,0.9180156070125357,0.20943245403677058,0.34684289735161256,0.3484152794135743
frozenset({'JUMBO BAG PINK VINTAGE PAISLEY'}),"frozenset({'JUMBO STORAGE BAG SUKI', 'JUMBO BAG RED RETROSPOT'})",0.04365759588600814,0.03739018641525605,0.01403471180629955,0.3214723926380368,8.597774535482623,1.0,0.01240234615767979,1.4186744992252553,0.9240318410359752,0.20943245403677058,0.2951166736653796,0.3484152794135743
frozenset({'JUMBO STORAGE BAG SUKI'}),"frozenset({'JUMBO BAG RED RETROSPOT', 'JUMBO BAG PINK VINTAGE PAISLEY'})",0.06053139061495608,0.026140989929290766,0.01403471180629955,0.231858407079646,8.869534310169737,1.0,0.012452361333828018,1.2678118449077205,0.9444216658440254,0.19321533923303835,0.2112394248274385,0.38437182649064267
"frozenset({'JUMBO BAG WOODLAND ANIMALS', 'JUMBO STORAGE BAG SUKI'})",frozenset({'JUMBO BAG PINK VINTAGE PAISLEY'}),0.022766230983501178,0.04365759588600814,0.01007070923505464,0.4423529411764706,10.132324792493685,1.0,0.009076790322929428,1.7149600073774116,0.9223033375669595,0.1787072243346008,0.4168960234068422,0.33651389390111874
"frozenset({'JUMBO STORAGE BAG SUKI', 'JUMBO BAG PINK VINTAGE PAISLEY'})",frozenset({'JUMBO BAG WOODLAND ANIMALS'}),0.01912363402614099,0.03937218770087851,0.01007070923505464,0.5266106442577031,13.375193887078641,1.0,0.00931776992665451,2.0292552011289136,0.9432735467693527,0.2079646017699115,0.5072083592819272,0.3911964785914366
"frozenset({'JUMBO BAG WOODLAND ANIMALS', 'JUMBO BAG PINK VINTAGE PAISLEY'})",frozenset({'JUMBO STORAGE BAG SUKI'}),0.014088279408613671,0.06053139061495608,0.01007070923505464,0.714828897338403,11.809226420808237,1.0,0.009217926091079203,3.2944032569102206,0.9284000069361356,0.15601659751037347,0.6964548896974175,0.4406002893771661
frozenset({'JUMBO BAG WOODLAND ANIMALS'}),"frozenset({'JUMBO STORAGE BAG SUKI', 'JUMBO BAG PINK VINTAGE PAISLEY'})",0.03937218770087851,0.01912363402614099,0.01007070923505464,0.25578231292517006,13.375193887078641,1.0,0.00931776992665451,1.317996579507836,0.9631562992747236,0.2079646017699115,0.24127268951379363,0.3911964785914366
frozenset({'JUMBO BAG PINK VINTAGE PAISLEY'}),"frozenset({'JUMBO BAG WOODLAND ANIMALS', 'JUMBO STORAGE BAG SUKI'})",0.04365759588600814,0.022766230983501178,0.01007070923505464,0.23067484662576687,10.132324792493685,1.0,0.009076790322929428,1.270248041066103,0.9424511167441911,0.1787072243346008,0.2127521809356913,0.33651389390111874
"frozenset({'JUMBO SHOPPER VINTAGE RED PAISLEY', 'JUMBO STORAGE BAG SUKI'})",frozenset({'JUMBO BAG PINK VINTAGE PAISLEY'}),0.027480179987143777,0.04365759588600814,0.012427683736875937,0.4522417153996101,10.35883232279745,1.0,0.011227965144122446,1.7459204744145118,0.9289929154123022,0.21167883211678828,0.4272362260169115,0.3684521460433633
"frozenset({'JUMBO STORAGE BAG SUKI', 'JUMBO BAG PINK VINTAGE PAISLEY'})",frozenset({'JUMBO SHOPPER VINTAGE RED PAISLEY'}),0.01912363402614099,0.060692093421898435,0.012427683736875937,0.6498599439775911,10.707489350550459,1.0,0.011267030353995192,2.682663381187058,0.9242830765000876,0.1844197138314785,0.6272361239905144,0.42731302582816005
"frozenset({'JUMBO SHOPPER VINTAGE RED PAISLEY', 'JUMBO BAG PINK VINTAGE PAISLEY'})",frozenset({'JUMBO STORAGE BAG SUKI'}),0.021480608527962287,0.06053139061495608,0.012427683736875937,0.5785536159600998,9.557910533401012,1.0,0.011127432631422896,2.2291533275940987,0.9150300239927663,0.17859892224788299,0.551399184784077,0.39193167523668704
frozenset({'JUMBO STORAGE BAG SUKI'}),"frozenset({'JUMBO SHOPPER VINTAGE RED PAISLEY', 'JUMBO BAG PINK VINTAGE PAISLEY'})",0.06053139061495608,0.021480608527962287,0.012427683736875937,0.20530973451327433,9.557910533401012,1.0,0.011127432631422896,1.231321728689758,0.9530649702517883,0.17859892224788299,0.18786457129762987,0.39193167523668704
frozenset({'JUMBO SHOPPER VINTAGE RED PAISLEY'}),"frozenset({'JUMBO STORAGE BAG SUKI', 'JUMBO BAG PINK VINTAGE PAISLEY'})",0.060692093421898435,0.01912363402614099,0.012427683736875937,0.20476610767872905,10.707489350550459,1.0,0.011267030353995192,1.2334438653145197,0.965186621830231,0.1844197138314785,0.1892618479682439,0.42731302582816005
frozenset({'JUMBO BAG PINK VINTAGE PAISLEY'}),"frozenset({'JUMBO SHOPPER VINTAGE RED PAISLEY', 'JUMBO STORAGE BAG SUKI'})",0.04365759588600814,0.027480179987143777,0.012427683736875937,0.28466257668711653,10.358832322797449,1.0,0.011227965144122446,1.3595259919562224,0.944707689425326,0.21167883211678828,0.2644495170253424,0.3684521460433633
"frozenset({'JUMBO BAG SCANDINAVIAN BLUE PAISLEY', 'JUMBO SHOPPER VINTAGE RED PAISLEY'})",frozenset({'JUMBO BAG RED RETROSPOT'}),0.018105849582172703,0.10381401328476537,0.014195414613241912,0.7840236686390533,7.552194967055648,1.0,0.012315773704186272,4.149463883695196,0.8835862438110531,0.13177523620089507,0.759005011724677,0.46038128736390227
"frozenset({'JUMBO SHOPPER VINTAGE RED PAISLEY', 'JUMBO BAG RED RETROSPOT'})",frozenset({'JUMBO BAG SCANDINAVIAN BLUE PAISLEY'}),0.03519391472037712,0.03401542746946647,0.014195414613241912,0.4033485540334855,11.857812294011193,1.0,0.012998278559704335,1.6190098575320422,0.9490688604343467,0.2580331061343719,0.38233853527960454,0.4103356943395774
"frozenset({'JUMBO BAG SCANDINAVIAN BLUE PAISLEY', 'JUMBO BAG RED RETROSPOT'})",frozenset({'JUMBO SHOPPER VINTAGE RED PAISLEY'}),0.02292693379044354,0.060692093421898435,0.014195414613241912,0.6191588785046729,10.201639844594204,1.0,0.012803931005754632,2.466403582916733,0.9231413439258523,0.2044753086419753,0.5945513512361126,0.42652559988781746
frozenset({'JUMBO SHOPPER VINTAGE RED PAISLEY'}),"frozenset({'JUMBO BAG SCANDINAVIAN BLUE PAISLEY', 'JUMBO BAG RED RETROSPOT'})",0.060692093421898435,0.02292693379044354,0.014195414613241912,0.23389232127096207,10.201639844594204,1.0,0.012803931005754632,1.2753730230592482,0.9602565219964383,0.2044753086419753,0.21591567179201313,0.42652559988781746
frozenset({'JUMBO BAG SCANDINAVIAN BLUE PAISLEY'}),"frozenset({'JUMBO SHOPPER VINTAGE RED PAISLEY', 'JUMBO BAG RED RETROSPOT'})",0.03401542746946647,0.03519391472037712,0.014195414613241912,0.4173228346456693,11.857812294011193,1.0,0.012998278559704335,1.6558158490609745,0.9479110101083025,0.2580331061343719,0.3960681071103967,0.4103356943395774
"frozenset({'JUMBO BAG SCANDINAVIAN BLUE PAISLEY', 'JUMBO STORAGE BAG SUKI'})",frozenset({'JUMBO BAG RED RETROSPOT'}),0.015856010284979644,0.10381401328476537,0.01274908935076066,0.8040540540540541,7.745139876718824,1.0,0.011103013288392407,4.573638828753611,0.8849180429846661,0.11923847695390782,0.7813557131548764,0.4634305357989569
"frozenset({'JUMBO STORAGE BAG SUKI', 'JUMBO BAG RED RETROSPOT'})",frozenset({'JUMBO BAG SCANDINAVIAN BLUE PAISLEY'}),0.03739018641525605,0.03401542746946647,0.01274908935076066,0.340974212034384,10.024104866547843,1.0,0.011477246176682688,1.4657765904919835,0.9352080732125906,0.217351598173516,0.3177677918403971,0.35788868082034164
"frozenset({'JUMBO BAG SCANDINAVIAN BLUE PAISLEY', 'JUMBO BAG RED RETROSPOT'})",frozenset({'JUMBO STORAGE BAG SUKI'}),0.02292693379044354,0.06053139061495608,0.01274908935076066,0.5560747663551402,9.186551980812174,1.0,0.011361290165888086,2.1162766569305203,0.9120558749815715,0.1803030303030303,0.5274719887283474,0.3833471176908444
frozenset({'JUMBO STORAGE BAG SUKI'}),"frozenset({'JUMBO BAG SCANDINAVIAN BLUE PAISLEY', 'JUMBO BAG RED RETROSPOT'})",0.06053139061495608,0.02292693379044354,0.01274908935076066,0.21061946902654866,9.186551980812173,1.0,0.011361290165888086,1.2377719336511197,0.948563072166944,0.1803030303030303,0.19209672411116285,0.3833471176908444
frozenset({'JUMBO BAG SCANDINAVIAN BLUE PAISLEY'}),"frozenset({'JUMBO STORAGE BAG SUKI', 'JUMBO BAG RED RETROSPOT'})",0.03401542746946647,0.03739018641525605,0.01274908935076066,0.37480314960629924,10.024104866547843,1.0,0.011477246176682688,1.5396907597640113,0.9319408348932653,0.217351598173516,0.35051893137731743,0.35788868082034164
"frozenset({'JUMBO BAG SPACEBOY DESIGN', 'JUMBO BAG WOODLAND ANIMALS'})",frozenset({'JUMBO BAG RED RETROSPOT'}),0.013927576601671309,0.10381401328476537,0.010445682451253482,0.75,7.224458204334366,1.0,0.00899980482890299,3.5847439468609386,0.8737505432420688,0.09735396904643036,0.7210400478182905,0.42530959752321984
"frozenset({'JUMBO BAG SPACEBOY DESIGN', 'JUMBO BAG RED RETROSPOT'})",frozenset({'JUMBO BAG WOODLAND ANIMALS'}),0.020944932504821084,0.03937218770087851,0.010445682451253482,0.4987212276214834,12.6668406493032,1.0,0.009621034637291435,1.9163544622905946,0.9407578250933288,0.20945220193340494,0.4781758700294347,0.3820136750352315
"frozenset({'JUMBO BAG WOODLAND ANIMALS', 'JUMBO BAG RED RETROSPOT'})",frozenset({'JUMBO BAG SPACEBOY DESIGN'}),0.02539104349689308,0.033372616241697024,0.010445682451253482,0.4113924050632911,12.327244651238392,1.0,0.009598316900655433,1.6422271681055038,0.9428180042448482,0.21618625277161863,0.39107084609152226,0.36219700509986386
frozenset({'JUMBO BAG SPACEBOY DESIGN'}),"frozenset({'JUMBO BAG WOODLAND ANIMALS', 'JUMBO BAG RED RETROSPOT'})",0.033372616241697024,0.02539104349689308,0.010445682451253482,0.3130016051364366,12.327244651238393,1.0,0.009598316900655433,1.418648083881859,0.9506029797301618,0.21618625277161863,0.2951035486801692,0.36219700509986386
frozenset({'JUMBO BAG WOODLAND ANIMALS'}),"frozenset({'JUMBO BAG SPACEBOY DESIGN', 'JUMBO BAG RED RETROSPOT'})",0.03937218770087851,0.020944932504821084,0.010445682451253482,0.26530612244897955,12.666840649303198,1.0,0.009621034637291435,1.3326027307573267,0.9588039240077382,0.20945220193340494,0.24958881073904637,0.3820136750352315
"frozenset({'JUMBO BAG SPACEBOY DESIGN', 'JUMBO SHOPPER VINTAGE RED PAISLEY'})",frozenset({'JUMBO BAG RED RETROSPOT'}),0.01414184701092779,0.10381401328476537,0.010874223269766446,0.768939393939394,7.406894017575133,1.0,0.009406101376302869,3.8785754179151155,0.877398680732289,0.10155077538769386,0.7421733775290261,0.43684327798104894
"frozenset({'JUMBO BAG SPACEBOY DESIGN', 'JUMBO BAG RED RETROSPOT'})",frozenset({'JUMBO SHOPPER VINTAGE RED PAISLEY'}),0.020944932504821084,0.060692093421898435,0.010874223269766446,0.5191815856777494,8.554352905059334,1.0,0.009603031469468488,1.953560592936371,0.901992625257026,0.15367146101438306,0.48811416261375684,0.34917596494831865
"frozenset({'JUMBO SHOPPER VINTAGE RED PAISLEY', 'JUMBO BAG RED RETROSPOT'})",frozenset({'JUMBO BAG SPACEBOY DESIGN'}),0.03519391472037712,0.033372616241697024,0.010874223269766446,0.3089802130898021,9.258495373933266,1.0,0.009699710259760288,1.3988418306810682,0.9245288798607747,0.18848653667595172,0.28512289376339295,0.31741145485950784
frozenset({'JUMBO BAG SPACEBOY DESIGN'}),"frozenset({'JUMBO SHOPPER VINTAGE RED PAISLEY', 'JUMBO BAG RED RETROSPOT'})",0.033372616241697024,0.03519391472037712,0.010874223269766446,0.3258426966292135,9.258495373933268,1.0,0.009699710259760288,1.4311290264981074,0.9227869024756117,0.18848653667595172,0.301250983325421,0.31741145485950784
"frozenset({'JUMBO BAG SPACEBOY DESIGN', 'JUMBO STORAGE BAG SUKI'})",frozenset({'JUMBO BAG RED RETROSPOT'}),0.01773087636597386,0.10381401328476537,0.013177630169273624,0.743202416918429,7.158979731183299,1.0,0.011336916734665881,3.48985366591462,0.8758447866967626,0.12160158180919427,0.7134550340127456,0.43506870071927645
"frozenset({'JUMBO BAG SPACEBOY DESIGN', 'JUMBO BAG RED RETROSPOT'})",frozenset({'JUMBO STORAGE BAG SUKI'}),0.020944932504821084,0.06053139061495608,0.013177630169273624,0.6291560102301791,10.393879999094676,1.0,0.011909804278420408,2.5333256984107053,0.9231243141342066,0.19294117647058823,0.6052619682390799,0.42342756263721343
"frozenset({'JUMBO STORAGE BAG SUKI', 'JUMBO BAG RED RETROSPOT'})",frozenset({'JUMBO BAG SPACEBOY DESIGN'}),0.03739018641525605,0.033372616241697024,0.013177630169273624,0.3524355300859599,10.560620346139164,1.0,0.01192982182683177,1.4927121988126004,0.9404730558157,0.2288372093023256,0.3300784968492491,0.3736495467444246
frozenset({'JUMBO BAG SPACEBOY DESIGN'}),"frozenset({'JUMBO STORAGE BAG SUKI', 'JUMBO BAG RED RETROSPOT'})",0.033372616241697024,0.03739018641525605,0.013177630169273624,0.39486356340288925,10.560620346139165,1.0,0.01192982182683177,1.5907318670113937,0.9365641902470563,0.2288372093023256,0.3713585421037917,0.3736495467444246
frozenset({'JUMBO STORAGE BAG SUKI'}),"frozenset({'JUMBO BAG SPACEBOY DESIGN', 'JUMBO BAG RED RETROSPOT'})",0.06053139061495608,0.020944932504821084,0.013177630169273624,0.2176991150442478,10.393879999094676,1.0,0.011909804278420408,1.2515070432913487,0.9620220714694317,0.19294117647058823,0.200963346262845,0.42342756263721343
"frozenset({'JUMBO STORAGE BAG SUKI', 'JUMBO BAG STRAWBERRY'})",frozenset({'JUMBO BAG RED RETROSPOT'}),0.01649882151274909,0.10381401328476537,0.012641954146132419,0.7662337662337662,7.380831758540736,1.0,0.010929145270424913,3.83368449872628,0.8790166537424763,0.11741293532338308,0.7391543304274923,0.4440043960167799
"frozenset({'JUMBO STORAGE BAG SUKI', 'JUMBO BAG RED RETROSPOT'})",frozenset({'JUMBO BAG STRAWBERRY'}),0.03739018641525605,0.04242554103278337,0.012641954146132419,0.33810888252149,7.969465427918151,1.0,0.011055655258148554,1.4467250483963576,0.9084896673363327,0.1881977671451356,0.30878365511921996,0.318044340250644
"frozenset({'JUMBO BAG STRAWBERRY', 'JUMBO BAG RED RETROSPOT'})",frozenset({'JUMBO STORAGE BAG SUKI'}),0.02769445039640026,0.06053139061495608,0.012641954146132419,0.4564796905222437,7.541206073158624,1.0,0.01096557055132139,1.7284885090820914,0.8921014764092935,0.16725726435152374,0.4214598507623016,0.3326646240221838
frozenset({'JUMBO STORAGE BAG SUKI'}),"frozenset({'JUMBO BAG STRAWBERRY', 'JUMBO BAG RED RETROSPOT'})",0.06053139061495608,0.02769445039640026,0.012641954146132419,0.2088495575221239,7.541206073158624,1.0,0.01096557055132139,1.2289768132573464,0.9232828086614828,0.16725726435152374,0.18631499861291437,0.3326646240221838
frozenset({'JUMBO BAG STRAWBERRY'}),"frozenset({'JUMBO STORAGE BAG SUKI', 'JUMBO BAG RED RETROSPOT'})",0.04242554103278337,0.03739018641525605,0.012641954146132419,0.297979797979798,7.969465427918151,1.0,0.011055655258148554,1.3711995905739518,0.913266912174642,0.1881977671451356,0.27071156753961434,0.318044340250644
"frozenset({'JUMBO BAG WOODLAND ANIMALS', 'JUMBO BAG TOYS'})",frozenset({'JUMBO BAG RED RETROSPOT'}),0.015106063852581958,0.10381401328476537,0.011945575316048854,0.7907801418439717,7.617277444759166,1.0,0.010377354202576397,4.2834652246389195,0.8820437074611752,0.11166750125187783,0.7665441534933213,0.452923610653668
"frozenset({'JUMBO BAG RED RETROSPOT', 'JUMBO BAG TOYS'})",frozenset({'JUMBO BAG WOODLAND ANIMALS'}),0.018105849582172703,0.03937218770087851,0.011945575316048854,0.6597633136094674,16.757090528519097,1.0,0.011232708407815678,2.823410439626983,0.9576630728620042,0.26235294117647057,0.6458184095500774,0.4815823370768425
"frozenset({'JUMBO BAG WOODLAND ANIMALS', 'JUMBO BAG RED RETROSPOT'})",frozenset({'JUMBO BAG TOYS'}),0.02539104349689308,0.027158774373259052,0.011945575316048854,0.470464135021097,17.322730715135776,1.0,0.011255985694615127,1.8371583304664347,0.9668209743418097,0.29419525065963065,0.4556811008520368,0.45515317204703765
frozenset({'JUMBO BAG TOYS'}),"frozenset({'JUMBO BAG WOODLAND ANIMALS', 'JUMBO BAG RED RETROSPOT'})",0.027158774373259052,0.02539104349689308,0.011945575316048854,0.43984220907297833,17.32273071513578,1.0,0.011255985694615127,1.7398828906587156,0.9685777659366163,0.29419525065963065,0.4252486731325909,0.45515317204703765
frozenset({'JUMBO BAG WOODLAND ANIMALS'}),"frozenset({'JUMBO BAG RED RETROSPOT', 'JUMBO BAG TOYS'})",0.03937218770087851,0.018105849582172703,0.011945575316048854,0.3034013605442177,16.7570905285191,1.0,0.011232708407815678,1.409555079213092,0.9788637777037049,0.26235294117647057,0.29055627924928834,0.4815823370768425
"frozenset({'JUMBO SHOPPER VINTAGE RED PAISLEY', 'JUMBO BAG TOYS'})",frozenset({'JUMBO BAG RED RETROSPOT'}),0.014088279408613671,0.10381401328476537,0.01151703449753589,0.8174904942965778,7.87456787798169,1.0,0.010054473671850583,4.910352385543887,0.8854838485497495,0.10825780463242698,0.7963486280650637,0.46421480339183896
"frozenset({'JUMBO BAG RED RETROSPOT', 'JUMBO BAG TOYS'})",frozenset({'JUMBO SHOPPER VINTAGE RED PAISLEY'}),0.018105849582172703,0.060692093421898435,0.01151703449753589,0.6360946745562129,10.480684364179508,1.0,0.010418152583211823,2.581187580678035,0.9212666996536366,0.17117834394904455,0.6125814305455023,0.4129281845861382
"frozenset({'JUMBO SHOPPER VINTAGE RED PAISLEY', 'JUMBO BAG RED RETROSPOT'})",frozenset({'JUMBO BAG TOYS'}),0.03519391472037712,0.027158774373259052,0.01151703449753589,0.3272450532724505,12.049330679467666,1.0,0.010561210908333448,1.4460558489519655,0.9504581825318636,0.22655426765015804,0.3084637770216457,0.3756540848216296
frozenset({'JUMBO BAG TOYS'}),"frozenset({'JUMBO SHOPPER VINTAGE RED PAISLEY', 'JUMBO BAG RED RETROSPOT'})",0.027158774373259052,0.03519391472037712,0.01151703449753589,0.4240631163708087,12.049330679467666,1.0,0.010561210908333448,1.6751941275231805,0.9426079139684708,0.22655426765015804,0.403054258864597,0.3756540848216296
"frozenset({'JUMBO STORAGE BAG SUKI', 'JUMBO BAG TOYS'})",frozenset({'JUMBO BAG RED RETROSPOT'}),0.015802442682665525,0.10381401328476537,0.0125883865438183,0.7966101694915254,7.67343583285232,1.0,0.010947871549228317,4.40624776801657,0.8836440150961575,0.11761761761761763,0.7730495304284397,0.458934599709643
"frozenset({'JUMBO BAG RED RETROSPOT', 'JUMBO BAG TOYS'})",frozenset({'JUMBO STORAGE BAG SUKI'}),0.018105849582172703,0.06053139061495608,0.0125883865438183,0.6952662721893491,11.486044928522805,1.0,0.011492414290344165,3.082916407496552,0.9297721442583371,0.19059205190592052,0.6756318148723212,0.4516154369796303
"frozenset({'JUMBO STORAGE BAG SUKI', 'JUMBO BAG RED RETROSPOT'})",frozenset({'JUMBO BAG TOYS'}),0.03739018641525605,0.027158774373259052,0.0125883865438183,0.33667621776504303,12.396590992579533,1.0,0.011572914907192264,1.4666159297785426,0.9550418546276892,0.24226804123711346,0.3181582310025783,0.4000935329456379
frozenset({'JUMBO BAG TOYS'}),"frozenset({'JUMBO STORAGE BAG SUKI', 'JUMBO BAG RED RETROSPOT'})",0.027158774373259052,0.03739018641525605,0.0125883865438183,0.4635108481262328,12.396590992579533,1.0,0.011572914907192264,1.7942763804686221,0.9449976393182961,0.24226804123711346,0.44267226003453053,0.4000935329456379
frozenset({'JUMBO STORAGE BAG SUKI'}),"frozenset({'JUMBO BAG RED RETROSPOT', 'JUMBO BAG TOYS'})",0.06053139061495608,0.018105849582172703,0.0125883865438183,0.20796460176991152,11.486044928522805,1.0,0.011492414290344165,1.2397099329297707,0.9717598018163599,0.19059205190592052,0.1933596937174418,0.4516154369796303
"frozenset({'JUMBO BAG WOODLAND ANIMALS', 'JUMBO SHOPPER VINTAGE RED PAISLEY'})",frozenset({'JUMBO BAG RED RETROSPOT'}),0.020034283265481036,0.10381401328476537,0.015481037068780802,0.7727272727272728,7.4433811802232865,1.0,0.013401197719707401,3.943218341547034,0.8833497321526185,0.14285714285714285,0.7464000434711733,0.46092503987240835
"frozenset({'JUMBO SHOPPER VINTAGE RED PAISLEY', 'JUMBO BAG RED RETROSPOT'})",frozenset({'JUMBO BAG WOODLAND ANIMALS'}),0.03519391472037712,0.03937218770087851,0.015481037068780802,0.4398782343987823,11.172308679940773,1.0,0.014095375652481403,1.715033893153595,0.943705682359819,0.2620126926563916,0.41692114424560683,0.41653775665517345
"frozenset({'JUMBO BAG WOODLAND ANIMALS', 'JUMBO BAG RED RETROSPOT'})",frozenset({'JUMBO SHOPPER VINTAGE RED PAISLEY'}),0.02539104349689308,0.060692093421898435,0.015481037068780802,0.609704641350211,10.045866058892972,1.0,0.01394000148478788,2.4066591768541628,0.9239157515329781,0.21927162367223066,0.5844862415013252,0.43238983170776213
frozenset({'JUMBO SHOPPER VINTAGE RED PAISLEY'}),"frozenset({'JUMBO BAG WOODLAND ANIMALS', 'JUMBO BAG RED RETROSPOT'})",0.060692093421898435,0.02539104349689308,0.015481037068780802,0.25507502206531335,10.045866058892972,1.0,0.01394000148478788,1.3083316916090286,0.9586383338118621,0.21927162367223066,0.23566783070876493,0.43238983170776213
frozenset({'JUMBO BAG WOODLAND ANIMALS'}),"frozenset({'JUMBO SHOPPER VINTAGE RED PAISLEY', 'JUMBO BAG RED RETROSPOT'})",0.03937218770087851,0.03519391472037712,0.015481037068780802,0.39319727891156464,11.172308679940773,1.0,0.014095375652481403,1.589983122602069,0.947810352143127,0.2620126926563916,0.3710625063972621,0.41653775665517345
"frozenset({'JUMBO STORAGE BAG SKULLS', 'JUMBO BAG WOODLAND ANIMALS'})",frozenset({'JUMBO BAG RED RETROSPOT'}),0.014516820227126633,0.10381401328476537,0.010552817655881723,0.7269372693726938,7.00230389300797,1.0,0.009045768287970248,3.281978410808495,0.8698168345147865,0.09791252485089462,0.6953057348863986,0.4142942280815997
"frozenset({'JUMBO STORAGE BAG SKULLS', 'JUMBO BAG RED RETROSPOT'})",frozenset({'JUMBO BAG WOODLAND ANIMALS'}),0.02169487893721877,0.03937218770087851,0.010552817655881723,0.48641975308641977,12.354399932812631,1.0,0.00969864281021771,1.8704531922170398,0.939438175045882,0.20890774125132555,0.465370208588484,0.37722348198538674
"frozenset({'JUMBO BAG WOODLAND ANIMALS', 'JUMBO BAG RED RETROSPOT'})",frozenset({'JUMBO STORAGE BAG SKULLS'}),0.02539104349689308,0.03664023998285837,0.010552817655881723,0.41561181434599154,11.34304290966516,1.0,0.009622483728740364,1.6484928745419678,0.9355959933240666,0.20499479708636834,0.39338530639518293,0.3518117551262121
frozenset({'JUMBO STORAGE BAG SKULLS'}),"frozenset({'JUMBO BAG WOODLAND ANIMALS', 'JUMBO BAG RED RETROSPOT'})",0.03664023998285837,0.02539104349689308,0.010552817655881723,0.2880116959064327,11.34304290966516,1.0,0.009622483728740364,1.368855290037218,0.9465209910219123,0.20499479708636834,0.269462588720528,0.3518117551262121
frozenset({'JUMBO BAG WOODLAND ANIMALS'}),"frozenset({'JUMBO STORAGE BAG SKULLS', 'JUMBO BAG RED RETROSPOT'})",0.03937218770087851,0.02169487893721877,0.010552817655881723,0.2680272108843537,12.354399932812631,1.0,0.00969864281021771,1.336532089184283,0.956725555727594,0.20890774125132555,0.25179499385583504,0.37722348198538674
"frozenset({'JUMBO BAG WOODLAND ANIMALS', 'JUMBO STORAGE BAG SUKI'})",frozenset({'JUMBO BAG RED RETROSPOT'}),0.022766230983501178,0.10381401328476537,0.016927362331262054,0.743529411764706,7.16212954531658,1.0,0.014563908525496825,3.4943031592107787,0.8804205809476429,0.15437225207620908,0.7138199078794699,0.4532920536635707
"frozenset({'JUMBO STORAGE BAG SUKI', 'JUMBO BAG RED RETROSPOT'})",frozenset({'JUMBO BAG WOODLAND ANIMALS'}),0.03739018641525605,0.03937218770087851,0.016927362331262054,0.4527220630372493,11.498524452761048,1.0,0.015455228893549755,1.755283280064887,0.948496791417482,0.2829006266786034,0.43029138865663136,0.4413270179131825
"frozenset({'JUMBO BAG WOODLAND ANIMALS', 'JUMBO BAG RED RETROSPOT'})",frozenset({'JUMBO STORAGE BAG SUKI'}),0.02539104349689308,0.06053139061495608,0.016927362331262054,0.6666666666666666,11.013569321533922,1.0,0.015390407159230278,2.8184058281551314,0.9328899637243048,0.24534161490683226,0.645189493290759,0.4731563421828908
frozenset({'JUMBO STORAGE BAG SUKI'}),"frozenset({'JUMBO BAG WOODLAND ANIMALS', 'JUMBO BAG RED RETROSPOT'})",0.06053139061495608,0.02539104349689308,0.016927362331262054,0.27964601769911507,11.013569321533923,1.0,0.015390407159230278,1.3529583794207751,0.9677842399361385,0.24534161490683226,0.2608789633069737,0.4731563421828908
frozenset({'JUMBO BAG WOODLAND ANIMALS'}),"frozenset({'JUMBO STORAGE BAG SUKI', 'JUMBO BAG RED RETROSPOT'})",0.03937218770087851,0.03739018641525605,0.016927362331262054,0.42993197278911566,11.498524452761048,1.0,0.015455228893549755,1.6885876204887513,0.950453763551673,0.2829006266786034,0.4077890967182644,0.4413270179131825
"frozenset({'RECYCLING BAG RETROSPOT', 'JUMBO BAG WOODLAND ANIMALS'})",frozenset({'JUMBO BAG RED RETROSPOT'}),0.013713306192414827,0.10381401328476537,0.010284979644311121,0.7500000000000001,7.224458204334367,1.0,0.008861346293073714,3.5847439468609403,0.8735607212687378,0.0959040959040959,0.7210400478182907,0.42453560371517035
"frozenset({'RECYCLING BAG RETROSPOT', 'JUMBO BAG RED RETROSPOT'})",frozenset({'JUMBO BAG WOODLAND ANIMALS'}),0.02153417613027641,0.03937218770087851,0.010284979644311121,0.47761194029850745,12.130693471418418,1.0,0.0094371320197261,1.8389160978297472,0.9377583351582174,0.2031746031746032,0.4562013997374972,0.36941821504721295
"frozenset({'JUMBO BAG WOODLAND ANIMALS', 'JUMBO BAG RED RETROSPOT'})",frozenset({'RECYCLING BAG RETROSPOT'}),0.02539104349689308,0.0380329976430255,0.010284979644311121,0.4050632911392405,10.65031199857372,1.0,0.009319282146839828,1.616923259280872,0.9297124051885236,0.1935483870967742,0.38154145890340474,0.33774291317525407
frozenset({'RECYCLING BAG RETROSPOT'}),"frozenset({'JUMBO BAG WOODLAND ANIMALS', 'JUMBO BAG RED RETROSPOT'})",0.0380329976430255,0.02539104349689308,0.010284979644311121,0.27042253521126763,10.650311998573722,1.0,0.009319282146839828,1.3358539751297414,0.9419304766677803,0.1935483870967742,0.25141518562844584,0.33774291317525407
frozenset({'JUMBO BAG WOODLAND ANIMALS'}),"frozenset({'RECYCLING BAG RETROSPOT', 'JUMBO BAG RED RETROSPOT'})",0.03937218770087851,0.02153417613027641,0.010284979644311121,0.2612244897959184,12.130693471418418,1.0,0.0094371320197261,1.3244426897684105,0.9551716807003846,0.2031746031746032,0.2449654426535752,0.36941821504721295
"frozenset({'JUMBO STORAGE BAG SKULLS', 'JUMBO SHOPPER VINTAGE RED PAISLEY'})",frozenset({'JUMBO BAG RED RETROSPOT'}),0.015909577887293764,0.10381401328476537,0.011892007713734734,0.7474747474747475,7.2001334292355965,1.0,0.01024037058358821,3.5488965073923295,0.8750351243955293,0.11028315946348735,0.7182222705235258,0.4310129155330394
"frozenset({'JUMBO STORAGE BAG SKULLS', 'JUMBO BAG RED RETROSPOT'})",frozenset({'JUMBO SHOPPER VINTAGE RED PAISLEY'}),0.02169487893721877,0.060692093421898435,0.011892007713734734,0.5481481481481483,9.031623680167371,1.0,0.010575300094500277,2.078796186689242,0.908998551198628,0.16869300911854104,0.5189523598306035,0.3720440652479488
"frozenset({'JUMBO SHOPPER VINTAGE RED PAISLEY', 'JUMBO BAG RED RETROSPOT'})",frozenset({'JUMBO STORAGE BAG SKULLS'}),0.03519391472037712,0.03664023998285837,0.011892007713734734,0.3378995433789954,9.222088707308606,1.0,0.010602494232443865,1.4550054306465794,0.9240869318599595,0.19839142091152817,0.31271734184825883,0.3312304734438837
frozenset({'JUMBO STORAGE BAG SKULLS'}),"frozenset({'JUMBO SHOPPER VINTAGE RED PAISLEY', 'JUMBO BAG RED RETROSPOT'})",0.03664023998285837,0.03519391472037712,0.011892007713734734,0.32456140350877194,9.222088707308606,1.0,0.010602494232443865,1.4284142041802208,0.925474295469847,0.19839142091152817,0.29992295156858334,0.3312304734438837
"frozenset({'JUMBO SHOPPER VINTAGE RED PAISLEY', 'JUMBO STORAGE BAG SUKI'})",frozenset({'JUMBO BAG RED RETROSPOT'}),0.027480179987143777,0.10381401328476537,0.020569959288622243,0.7485380116959065,7.210375439803499,1.0,0.017717131518369157,3.5639024122861667,0.8856487537868357,0.1857764876632801,0.71940870306869,0.4733402132782938
"frozenset({'JUMBO STORAGE BAG SUKI', 'JUMBO BAG RED RETROSPOT'})",frozenset({'JUMBO SHOPPER VINTAGE RED PAISLEY'}),0.03739018641525605,0.060692093421898435,0.020569959288622243,0.5501432664756448,9.064496468285382,1.0,0.018300670601645325,2.088015664941131,0.9242368646818773,0.26537664132688327,0.5210763899952858,0.4445332395926327
"frozenset({'JUMBO SHOPPER VINTAGE RED PAISLEY', 'JUMBO BAG RED RETROSPOT'})",frozenset({'JUMBO STORAGE BAG SUKI'}),0.03519391472037712,0.06053139061495608,0.020569959288622243,0.5844748858447488,9.65573200792015,1.0,0.018439622689413643,2.260918961047523,0.9291344525567709,0.2736992159657876,0.5577019710884805,0.46214894734715317
frozenset({'JUMBO STORAGE BAG SUKI'}),"frozenset({'JUMBO SHOPPER VINTAGE RED PAISLEY', 'JUMBO BAG RED RETROSPOT'})",0.06053139061495608,0.03519391472037712,0.020569959288622243,0.3398230088495575,9.65573200792015,1.0,0.018439622689413643,1.4614354911072036,0.9541932161591973,0.2736992159657876,0.3157412652936283,0.46214894734715317
frozenset({'JUMBO SHOPPER VINTAGE RED PAISLEY'}),"frozenset({'JUMBO STORAGE BAG SUKI', 'JUMBO BAG RED RETROSPOT'})",0.060692093421898435,0.03739018641525605,0.020569959288622243,0.3389232127096205,9.06449646828538,1.0,0.018300670601645325,1.4561240571315286,0.9471648963976809,0.26537664132688327,0.3132453274826486,0.4445332395926327
"frozenset({'JUMBO SHOPPER VINTAGE RED PAISLEY', 'LUNCH BAG RED RETROSPOT'})",frozenset({'JUMBO BAG RED RETROSPOT'}),0.014463252624812514,0.10381401328476537,0.010017141632740518,0.6925925925925925,6.671474983755685,1.0,0.008515653332607315,2.9153038122061843,0.8625838776942159,0.0925284512617516,0.6569825773173052,0.39454191033138397
"frozenset({'JUMBO BAG RED RETROSPOT', 'LUNCH BAG RED RETROSPOT'})",frozenset({'JUMBO SHOPPER VINTAGE RED PAISLEY'}),0.028444396828797944,0.060692093421898435,0.010017141632740518,0.35216572504708094,5.802497577386502,1.0,0.008290791643077562,1.4499200534679415,0.8518919725358303,0.12660798916723087,0.3103068009796924,0.25860713436820065
"frozenset({'JUMBO SHOPPER VINTAGE RED PAISLEY', 'JUMBO BAG RED RETROSPOT'})",frozenset({'LUNCH BAG RED RETROSPOT'}),0.03519391472037712,0.07456610242125562,0.010017141632740518,0.2846270928462709,3.8171110411308806,1.0,0.007392868583095942,1.2936384483175214,0.7649431111171812,0.10042964554242749,0.2269864881485405,0.2094830866530205
"frozenset({'RECYCLING BAG RETROSPOT', 'JUMBO SHOPPER VINTAGE RED PAISLEY'})",frozenset({'JUMBO BAG RED RETROSPOT'}),0.013606170987786586,0.10381401328476537,0.010713520462824084,0.7874015748031497,7.584733022923219,1.0,0.009301009247143218,4.215393344919808,0.880131421744325,0.10040160642570281,0.7627742138927195,0.4453003746048772
"frozenset({'RECYCLING BAG RETROSPOT', 'JUMBO BAG RED RETROSPOT'})",frozenset({'JUMBO SHOPPER VINTAGE RED PAISLEY'}),0.02153417613027641,0.060692093421898435,0.010713520462824084,0.49751243781094523,8.197318789986518,1.0,0.009406566233361733,1.8693157348732514,0.897332201905179,0.14981273408239698,0.465044892446805,0.3370174722152696
"frozenset({'JUMBO SHOPPER VINTAGE RED PAISLEY', 'JUMBO BAG RED RETROSPOT'})",frozenset({'RECYCLING BAG RETROSPOT'}),0.03519391472037712,0.0380329976430255,0.010713520462824084,0.30441400304414,8.003944519476065,1.0,0.00937499038721514,1.3829591259267664,0.9069818444284049,0.1713796058269066,0.2769128304281104,0.2930520719446052
frozenset({'RECYCLING BAG RETROSPOT'}),"frozenset({'JUMBO SHOPPER VINTAGE RED PAISLEY', 'JUMBO BAG RED RETROSPOT'})",0.0380329976430255,0.03519391472037712,0.010713520462824084,0.2816901408450704,8.003944519476063,1.0,0.00937499038721514,1.3431614128402591,0.9096586479563425,0.1713796058269066,0.2554878435009591,0.2930520719446052
"frozenset({'JUMBO STORAGE BAG SKULLS', 'JUMBO STORAGE BAG SUKI'})",frozenset({'JUMBO BAG RED RETROSPOT'}),0.019552174844653953,0.10381401328476537,0.01387400899935719,0.7095890410958905,6.8351951595346145,1.0,0.011844219260288228,3.0859234448213275,0.8707229251402337,0.1267123287671233,0.6759478911642608,0.42161598597622185
"frozenset({'JUMBO STORAGE BAG SKULLS', 'JUMBO BAG RED RETROSPOT'})",frozenset({'JUMBO STORAGE BAG SUKI'}),0.02169487893721877,0.06053139061495608,0.01387400899935719,0.6395061728395063,10.564868349175136,1.0,0.012560787808064217,2.6060601835681023,0.9254236205996595,0.20297805642633227,0.6162790075588952,0.4343548563312576
"frozenset({'JUMBO STORAGE BAG SUKI', 'JUMBO BAG RED RETROSPOT'})",frozenset({'JUMBO STORAGE BAG SKULLS'}),0.03739018641525605,0.03664023998285837,0.01387400899935719,0.3710601719197708,10.127121768126141,1.0,0.012504023596098396,1.5317200740135875,0.9362622818382418,0.23063223508459488,0.3471391953624489,0.37485757134000236
frozenset({'JUMBO STORAGE BAG SKULLS'}),"frozenset({'JUMBO STORAGE BAG SUKI', 'JUMBO BAG RED RETROSPOT'})",0.03664023998285837,0.03739018641525605,0.01387400899935719,0.3786549707602339,10.127121768126141,1.0,0.012504023596098396,1.5492355588046232,0.9355334299729318,0.23063223508459488,0.3545203669533693,0.37485757134000236
frozenset({'JUMBO STORAGE BAG SUKI'}),"frozenset({'JUMBO STORAGE BAG SKULLS', 'JUMBO BAG RED RETROSPOT'})",0.06053139061495608,0.02169487893721877,0.01387400899935719,0.22920353982300884,10.564868349175134,1.0,0.012560787808064217,1.2692133028713464,0.9636795291944111,0.20297805642633227,0.2121103696772671,0.4343548563312576
"frozenset({'JUMBO STORAGE BAG SUKI', 'JUMBO BAG RED RETROSPOT'})",frozenset({'LUNCH BAG RED RETROSPOT'}),0.03739018641525605,0.07456610242125562,0.012213413327619455,0.32664756446991405,4.380644205118071,1.0,0.009425372857829632,1.3743677883190715,0.8016987376621855,0.12244897959183672,0.27239272595070363,0.24522033395909495
"frozenset({'JUMBO STORAGE BAG SUKI', 'LUNCH BAG RED RETROSPOT'})",frozenset({'JUMBO BAG RED RETROSPOT'}),0.017409470752089137,0.10381401328476537,0.012213413327619455,0.7015384615384614,6.757647058823529,1.0,0.010406066299681339,3.002685007035579,0.8671155209071579,0.11203931203931203,0.6669647340107591,0.40959276018099544
"frozenset({'JUMBO BAG RED RETROSPOT', 'LUNCH BAG RED RETROSPOT'})",frozenset({'JUMBO STORAGE BAG SUKI'}),0.028444396828797944,0.06053139061495608,0.012213413327619455,0.4293785310734463,7.093485325733713,1.0,0.010491634432368668,1.64639548377379,0.8841754134467779,0.15910676901605023,0.3926125224129944,0.31557422128893553
frozenset({'JUMBO STORAGE BAG SUKI'}),"frozenset({'JUMBO BAG RED RETROSPOT', 'LUNCH BAG RED RETROSPOT'})",0.06053139061495608,0.028444396828797944,0.012213413327619455,0.20176991150442478,7.093485325733713,1.0,0.010491634432368668,1.2171372855692444,0.9143739008828948,0.15910676901605023,0.1783999949255446,0.31557422128893553
"frozenset({'LUNCH BAG SUKI DESIGN', 'JUMBO STORAGE BAG SUKI'})",frozenset({'JUMBO BAG RED RETROSPOT'}),0.01901649882151275,0.10381401328476537,0.011409899292907649,0.6,5.779566563467492,1.0,0.009435720231621399,2.2404649667880863,0.8430076994484792,0.10240384615384614,0.5536640765092647,0.35495356037151704
"frozenset({'LUNCH BAG SUKI DESIGN', 'JUMBO BAG RED RETROSPOT'})",frozenset({'JUMBO STORAGE BAG SUKI'}),0.02051639168630812,0.06053139061495608,0.011409899292907649,0.556135770234987,9.187559786501536,1.0,0.010168013573734294,2.1165675140851286,0.9098234654486026,0.16384615384615384,0.5275369231809064,0.37231567272811295
"frozenset({'JUMBO STORAGE BAG SUKI', 'JUMBO BAG RED RETROSPOT'})",frozenset({'LUNCH BAG SUKI DESIGN'}),0.03739018641525605,0.06433469037925862,0.011409899292907649,0.30515759312320917,4.743282221835194,1.0,0.009004413226659388,1.3465863631242834,0.819829083945334,0.12633451957295375,0.25738145923307204,0.2412548998088985
"frozenset({'RECYCLING BAG RETROSPOT', 'JUMBO STORAGE BAG SUKI'})",frozenset({'JUMBO BAG RED RETROSPOT'}),0.015588172273409043,0.10381401328476537,0.011731304906792372,0.7525773195876289,7.2492845211877475,1.0,0.010113034183315474,3.62208502964074,0.8757060083293515,0.10895522388059702,0.7239159236139782,0.4327902077814305
"frozenset({'RECYCLING BAG RETROSPOT', 'JUMBO BAG RED RETROSPOT'})",frozenset({'JUMBO STORAGE BAG SUKI'}),0.02153417613027641,0.06053139061495608,0.011731304906792372,0.5447761194029851,8.999894333641526,1.0,0.010427811279879348,2.0637507156982933,0.9084503134050987,0.1667936024371668,0.5154453527776786,0.3692907145687492
"frozenset({'JUMBO STORAGE BAG SUKI', 'JUMBO BAG RED RETROSPOT'})",frozenset({'RECYCLING BAG RETROSPOT'}),0.03739018641525605,0.0380329976430255,0.011731304906792372,0.31375358166189116,8.249509665442513,1.0,0.010309244034988655,1.401780725772794,0.9129147259638719,0.184188393608074,0.2866216651333213,0.3111021429436216
frozenset({'RECYCLING BAG RETROSPOT'}),"frozenset({'JUMBO STORAGE BAG SUKI', 'JUMBO BAG RED RETROSPOT'})",0.0380329976430255,0.03739018641525605,0.011731304906792372,0.3084507042253521,8.249509665442512,1.0,0.010309244034988655,1.391961237566534,0.9135247591920468,0.184188393608074,0.28158919012125055,0.3111021429436216
"frozenset({'WHITE HANGING HEART T-LIGHT HOLDER', 'JUMBO STORAGE BAG SUKI'})",frozenset({'JUMBO BAG RED RETROSPOT'}),0.016177415898864365,0.10381401328476537,0.011249196485965288,0.6953642384105961,6.698173169581532,1.0,0.009569754016927409,2.941827912913054,0.8646940775656882,0.10344827586206896,0.6600752900567249,0.4018616857687656
"frozenset({'WHITE HANGING HEART T-LIGHT HOLDER', 'JUMBO BAG RED RETROSPOT'})",frozenset({'JUMBO STORAGE BAG SUKI'}),0.023516177415898863,0.06053139061495608,0.011249196485965288,0.4783599088838269,7.902675025702018,1.0,0.009825729565032906,1.800990041572202,0.8944956884503761,0.15452538631346577,0.44474984485364805,0.33210030842421434
"frozenset({'JUMBO STORAGE BAG SUKI', 'JUMBO BAG RED RETROSPOT'})",frozenset({'WHITE HANGING HEART T-LIGHT HOLDER'}),0.03739018641525605,0.11602742661238483,0.011249196485965288,0.3008595988538682,2.5930041511560535,1.0,0.006910909375645779,1.2643706070175316,0.6382097146037047,0.07912584777694047,0.20909265491479892,0.19890625372056292
"frozenset({'JUMBO BAG RED RETROSPOT', 'LUNCH BAG BLACK SKULL.'})",frozenset({'LUNCH BAG RED RETROSPOT'}),0.019552174844653953,0.07456610242125562,0.012159845725305336,0.6219178082191781,8.340489686663517,1.0,0.01070191625328057,2.447705598668418,0.8976540520426949,0.14836601307189543,0.5914541354385052,0.39249626043142816
"frozenset({'JUMBO BAG RED RETROSPOT', 'LUNCH BAG RED RETROSPOT'})",frozenset({'LUNCH BAG BLACK SKULL.'}),0.028444396828797944,0.06513820441397043,0.012159845725305336,0.4274952919020716,6.5628964714045,1.0,0.010307028790239002,1.6329329390005978,0.872444408064999,0.1493421052631579,0.38760497990074905,0.30708646174050946
"frozenset({'LUNCH BAG BLACK SKULL.', 'LUNCH BAG RED RETROSPOT'})",frozenset({'JUMBO BAG RED RETROSPOT'}),0.0325155346046711,0.10381401328476537,0.012159845725305336,0.37397034596375617,3.602310845434159,1.0,0.008784277583894762,1.4315391945688092,0.7466790833901851,0.09792924935289042,0.3014511905828691,0.24555070445762628
"frozenset({'JUMBO BAG RED RETROSPOT', 'LUNCH BAG PINK POLKADOT'})",frozenset({'LUNCH BAG RED RETROSPOT'}),0.018159417184486822,0.07456610242125562,0.011409899292907649,0.6283185840707964,8.426329976604618,1.0,0.010055822331218895,2.489857867295193,0.8976247138568219,0.1403162055335968,0.5983706487285035,0.3906679127250534
"frozenset({'JUMBO BAG RED RETROSPOT', 'LUNCH BAG RED RETROSPOT'})",frozenset({'LUNCH BAG PINK POLKADOT'}),0.028444396828797944,0.05388900792800514,0.011409899292907649,0.4011299435028248,7.44363199335063,1.0,0.009877058966693232,1.5798268452522932,0.8910009652667062,0.16087613293051356,0.36701923821258825,0.3064297828846132
"frozenset({'LUNCH BAG PINK POLKADOT', 'LUNCH BAG RED RETROSPOT'})",frozenset({'JUMBO BAG RED RETROSPOT'}),0.029676451682022712,0.10381401328476537,0.011409899292907649,0.38447653429602885,3.7035128700919846,1.0,0.008329067743745446,1.4559737144875071,0.7523120393999195,0.09346204475647212,0.3131744137620004,0.24719182751953145
frozenset({'LUNCH BAG PINK POLKADOT'}),"frozenset({'JUMBO BAG RED RETROSPOT', 'LUNCH BAG RED RETROSPOT'})",0.05388900792800514,0.028444396828797944,0.011409899292907649,0.2117296222664016,7.443631993350631,1.0,0.009877058966693232,1.2325156832159259,0.9149634530088468,0.16087613293051356,0.18865129781491896,0.3064297828846132
"frozenset({'LUNCH BAG SUKI DESIGN', 'JUMBO BAG RED RETROSPOT'})",frozenset({'LUNCH BAG RED RETROSPOT'}),0.02051639168630812,0.07456610242125562,0.012427683736875937,0.6057441253263708,8.123585726718886,1.0,0.010897856373080089,2.347292601143438,0.8952693464588461,0.15035644847699287,0.5739772708724641,0.3862053959965187
"frozenset({'LUNCH BAG SUKI DESIGN', 'LUNCH BAG RED RETROSPOT'})",frozenset({'JUMBO BAG RED RETROSPOT'}),0.03224769659310049,0.10381401328476537,0.012427683736875937,0.3853820598006645,3.7122354449735835,1.0,0.009079920934356719,1.4581188216285712,0.7549664639616425,0.10051993067590988,0.3141848351678903,0.25254655105616297
"frozenset({'JUMBO BAG RED RETROSPOT', 'LUNCH BAG RED RETROSPOT'})",frozenset({'LUNCH BAG SUKI DESIGN'}),0.028444396828797944,0.06433469037925862,0.012427683736875937,0.43691148775894534,6.791227022051617,1.0,0.010597722273870456,1.6616664863164334,0.8777173448066726,0.15466666666666665,0.39819451843384623,0.31504192206431864
"frozenset({'STRAWBERRY CHARLOTTE BAG', 'JUMBO BAG RED RETROSPOT'})",frozenset({'RED RETROSPOT CHARLOTTE BAG'}),0.013445468180844225,0.04847868009427898,0.010284979644311121,0.7649402390438248,15.778899870132731,1.0,0.009633161093654167,4.047997479598917,0.9493892078876401,0.19917012448132781,0.7529642730659304,0.48854746758821077
"frozenset({'STRAWBERRY CHARLOTTE BAG', 'RED RETROSPOT CHARLOTTE BAG'})",frozenset({'JUMBO BAG RED RETROSPOT'}),0.024533961859867153,0.10381401328476537,0.010284979644311121,0.41921397379912667,4.038125109846283,1.0,0.007738010601862946,1.5430570748705923,0.7712829489291597,0.08711433756805807,0.3519358316127972,0.2591425906147336
"frozenset({'JUMBO BAG RED RETROSPOT', 'RED RETROSPOT CHARLOTTE BAG'})",frozenset({'STRAWBERRY CHARLOTTE BAG'}),0.020677094493250482,0.03605099635740304,0.010284979644311121,0.4974093264248705,13.797380840563868,1.0,0.00953954978605327,1.9179603886909402,0.9471058737191409,0.2214532871972319,0.4786127983161702,0.3913495369122867
frozenset({'STRAWBERRY CHARLOTTE BAG'}),"frozenset({'JUMBO BAG RED RETROSPOT', 'RED RETROSPOT CHARLOTTE BAG'})",0.03605099635740304,0.020677094493250482,0.010284979644311121,0.28528974739970286,13.797380840563868,1.0,0.00953954978605327,1.3702376619668244,0.9622111466148006,0.2214532871972319,0.27019959547410854,0.3913495369122867
frozenset({'RED RETROSPOT CHARLOTTE BAG'}),"frozenset({'STRAWBERRY CHARLOTTE BAG', 'JUMBO BAG RED RETROSPOT'})",0.04847868009427898,0.013445468180844225,0.010284979644311121,0.21215469613259672,15.778899870132731,1.0,0.009633161093654167,1.2522185852683534,0.9843439194768152,0.19917012448132781,0.20141737891096897,0.48854746758821077
"frozenset({'JUMBO BAG RED RETROSPOT', 'RED RETROSPOT CHARLOTTE BAG'})",frozenset({'WOODLAND CHARLOTTE BAG'}),0.020677094493250482,0.03658667238054425,0.01012427683736876,0.48963730569948183,13.382941761051136,1.0,0.009367770755362648,1.8877032713761923,0.9448140218296656,0.21477272727272725,0.4702557254822311,0.38317882854520213
"frozenset({'WOODLAND CHARLOTTE BAG', 'RED RETROSPOT CHARLOTTE BAG'})",frozenset({'JUMBO BAG RED RETROSPOT'}),0.0230876365973859,0.10381401328476537,0.01012427683736876,0.4385150812064965,4.224045168195499,1.0,0.007727456624933904,1.596099835844075,0.7812984417689138,0.08669724770642202,0.3734727756104529,0.268019150510369
"frozenset({'JUMBO BAG RED RETROSPOT', 'WOODLAND CHARLOTTE BAG'})",frozenset({'RED RETROSPOT CHARLOTTE BAG'}),0.014570387829440755,0.04847868009427898,0.01012427683736876,0.6948529411764706,14.333165420864479,1.0,0.009417923666935725,3.1182385423416394,0.9439859826900489,0.19129554655870448,0.6793061254226399,0.4518463600909977
frozenset({'RED RETROSPOT CHARLOTTE BAG'}),"frozenset({'JUMBO BAG RED RETROSPOT', 'WOODLAND CHARLOTTE BAG'})",0.04847868009427898,0.014570387829440755,0.01012427683736876,0.20883977900552486,14.333165420864479,1.0,0.009417923666935725,1.2455499986234024,0.9776257466399899,0.19129554655870448,0.197141824009303,0.4518463600909977
frozenset({'WOODLAND CHARLOTTE BAG'}),"frozenset({'JUMBO BAG RED RETROSPOT', 'RED RETROSPOT CHARLOTTE BAG'})",0.03658667238054425,0.020677094493250482,0.01012427683736876,0.2767203513909224,13.382941761051137,1.0,0.009367770755362648,1.3540031264394938,0.9604164552176785,0.21477272727272725,0.26144926811977565,0.38317882854520213
"frozenset({'JUMBO SHOPPER VINTAGE RED PAISLEY', 'JUMBO STORAGE BAG SUKI'})",frozenset({'JUMBO BAG SCANDINAVIAN BLUE PAISLEY'}),0.027480179987143777,0.03401542746946647,0.01146346689522177,0.4171539961013645,12.263670549953185,1.0,0.010528716826021196,1.6573581461811493,0.944410926677597,0.2291220556745182,0.39663011141908017,0.3770809350585563
"frozenset({'JUMBO BAG SCANDINAVIAN BLUE PAISLEY', 'JUMBO STORAGE BAG SUKI'})",frozenset({'JUMBO SHOPPER VINTAGE RED PAISLEY'}),0.015856010284979644,0.060692093421898435,0.01146346689522177,0.722972972972973,11.912144271367573,1.0,0.010501132437707204,3.390672443257538,0.9308110065906876,0.1761316872427984,0.7050732511810357,0.4559260275279693
"frozenset({'JUMBO BAG SCANDINAVIAN BLUE PAISLEY', 'JUMBO SHOPPER VINTAGE RED PAISLEY'})",frozenset({'JUMBO STORAGE BAG SUKI'}),0.018105849582172703,0.06053139061495608,0.01146346689522177,0.6331360946745562,10.459632402995235,1.0,0.010367494641747636,2.5608095965495554,0.9210711208325048,0.17065390749601272,0.609498495574445,0.41125831282400377
frozenset({'JUMBO BAG SCANDINAVIAN BLUE PAISLEY'}),"frozenset({'JUMBO SHOPPER VINTAGE RED PAISLEY', 'JUMBO STORAGE BAG SUKI'})",0.03401542746946647,0.027480179987143777,0.01146346689522177,0.33700787401574805,12.263670549953186,1.0,0.010528716826021196,1.466864811658346,0.9508002203644305,0.2291220556745182,0.3182739185968595,0.3770809350585563
"frozenset({'JUMBO BAG SPACEBOY DESIGN', 'JUMBO STORAGE BAG SUKI'})",frozenset({'JUMBO BAG WOODLAND ANIMALS'}),0.01773087636597386,0.03937218770087851,0.01007070923505464,0.56797583081571,14.425813346486631,1.0,0.009372605842672447,2.223551090007058,0.9474794596206483,0.21412300683371302,0.5502689349059094,0.41187907187044004
"frozenset({'JUMBO BAG SPACEBOY DESIGN', 'JUMBO BAG WOODLAND ANIMALS'})",frozenset({'JUMBO STORAGE BAG SUKI'}),0.013927576601671309,0.06053139061495608,0.01007070923505464,0.7230769230769232,11.945486725663718,1.0,0.009227653655459151,3.3925255338904377,0.9292282726289217,0.15640599001663893,0.7052343482723231,0.4447243022464262
"frozenset({'JUMBO BAG WOODLAND ANIMALS', 'JUMBO STORAGE BAG SUKI'})",frozenset({'JUMBO BAG SPACEBOY DESIGN'}),0.022766230983501178,0.033372616241697024,0.01007070923505464,0.4423529411764706,13.254967425172316,1.0,0.009310940545172421,1.7334035362754379,0.9460956169722924,0.2186046511627907,0.4231002884944502,0.3720592956283637
frozenset({'JUMBO BAG SPACEBOY DESIGN'}),"frozenset({'JUMBO BAG WOODLAND ANIMALS', 'JUMBO STORAGE BAG SUKI'})",0.033372616241697024,0.022766230983501178,0.01007070923505464,0.3017656500802568,13.254967425172316,1.0,0.009310940545172421,1.3995784783845489,0.95647671601139,0.2186046511627907,0.2854991588937255,0.3720592956283637
frozenset({'JUMBO BAG WOODLAND ANIMALS'}),"frozenset({'JUMBO BAG SPACEBOY DESIGN', 'JUMBO STORAGE BAG SUKI'})",0.03937218770087851,0.01773087636597386,0.01007070923505464,0.25578231292517006,14.425813346486631,1.0,0.009372605842672447,1.3198680180457207,0.9688245609247661,0.21412300683371302,0.2423484876308597,0.41187907187044004
"frozenset({'JUMBO BAG SPACEBOY DESIGN', 'JUMBO SHOPPER VINTAGE RED PAISLEY'})",frozenset({'JUMBO STORAGE BAG SUKI'}),0.01414184701092779,0.06053139061495608,0.010338547246625241,0.7310606060606061,12.077379994636631,1.0,0.009482521581189823,3.4932353926429807,0.930357559124903,0.16069941715237301,0.7137324320868625,0.4509285331187986
"frozenset({'JUMBO BAG SPACEBOY DESIGN', 'JUMBO STORAGE BAG SUKI'})",frozenset({'JUMBO SHOPPER VINTAGE RED PAISLEY'}),0.01773087636597386,0.060692093421898435,0.010338547246625241,0.5830815709969789,9.607208091237071,1.0,0.009262423241769424,2.252977659980809,0.9120835277127335,0.15184893784421716,0.556142957933938,0.37671289494244353
"frozenset({'JUMBO STORAGE BAG SUKI', 'JUMBO SHOPPER VINTAGE RED PAISLEY'})",frozenset({'JUMBO BAG SPACEBOY DESIGN'}),0.027480179987143777,0.033372616241697024,0.010338547246625241,0.3762183235867446,11.273264309337637,1.0,0.00942146174566153,1.5496245245875295,0.9370447057077584,0.2046659597030753,0.35468238651800216,0.3430048279249935
frozenset({'JUMBO BAG SPACEBOY DESIGN'}),"frozenset({'JUMBO STORAGE BAG SUKI', 'JUMBO SHOPPER VINTAGE RED PAISLEY'})",0.033372616241697024,0.027480179987143777,0.010338547246625241,0.30979133226324235,11.273264309337637,1.0,0.00942146174566153,1.4090229020186267,0.9427568097602858,0.2046659597030753,0.2902883277714243,0.3430048279249935
"frozenset({'JUMBO SHOPPER VINTAGE RED PAISLEY', 'JUMBO BAG WOODLAND ANIMALS'})",frozenset({'JUMBO BAG TOYS'}),0.020034283265481036,0.027158774373259052,0.010552817655881723,0.5267379679144385,19.394762100644453,1.0,0.010008711076944564,2.0556080134711925,0.9678294567190486,0.2880116959064328,0.5135259283644479,0.4576490628526828
"frozenset({'JUMBO BAG WOODLAND ANIMALS', 'JUMBO BAG TOYS'})",frozenset({'JUMBO SHOPPER VINTAGE RED PAISLEY'}),0.015106063852581958,0.060692093421898435,0.010552817655881723,0.698581560283688,11.510256458407667,1.0,0.009635999017303656,3.1162921135885258,0.927126190143571,0.16174055829228245,0.6791058207799194,0.43622811465199407
"frozenset({'JUMBO SHOPPER VINTAGE RED PAISLEY', 'JUMBO BAG TOYS'})",frozenset({'JUMBO BAG WOODLAND ANIMALS'}),0.014088279408613671,0.03937218770087851,0.010552817655881723,0.7490494296577946,19.0248363984377,1.0,0.009998131274623364,3.8279562823434685,0.9609756232098705,0.2459425717852684,0.7387639967017069,0.5085383202710742
frozenset({'JUMBO BAG WOODLAND ANIMALS'}),"frozenset({'JUMBO SHOPPER VINTAGE RED PAISLEY', 'JUMBO BAG TOYS'})",0.03937218770087851,0.014088279408613671,0.010552817655881723,0.2680272108843537,19.0248363984377,1.0,0.009998131274623364,1.3469240048971542,0.9862686859520251,0.2459425717852684,0.2575676160167952,0.5085383202710742
frozenset({'JUMBO BAG TOYS'}),"frozenset({'JUMBO SHOPPER VINTAGE RED PAISLEY', 'JUMBO BAG WOODLAND ANIMALS'})",0.027158774373259052,0.020034283265481036,0.010552817655881723,0.38856015779092706,19.394762100644456,1.0,0.010008711076944564,1.6027181238206487,0.9749172447122005,0.2880116959064328,0.37605996641746076,0.4576490628526828
"frozenset({'JUMBO BAG WOODLAND ANIMALS', 'JUMBO STORAGE BAG SUKI'})",frozenset({'JUMBO BAG TOYS'}),0.022766230983501178,0.027158774373259052,0.011409899292907649,0.5011764705882352,18.453574660633482,1.0,0.010791596362297241,1.950271324959268,0.96784412002906,0.2962447844228095,0.48725083161396265,0.46064740689175077
"frozenset({'JUMBO STORAGE BAG SUKI', 'JUMBO BAG TOYS'})",frozenset({'JUMBO BAG WOODLAND ANIMALS'}),0.015802442682665525,0.03937218770087851,0.011409899292907649,0.7220338983050847,18.338678657903838,1.0,0.010787722553473367,3.4559171296126925,0.9606510778599644,0.2607099143206854,0.7106412097005143,0.5059149083362158
"frozenset({'JUMBO BAG WOODLAND ANIMALS', 'JUMBO BAG TOYS'})",frozenset({'JUMBO STORAGE BAG SUKI'}),0.015106063852581958,0.06053139061495608,0.011409899292907649,0.7553191489361702,12.478139710035775,1.0,0.010495508241192542,3.8395673600953977,0.9339684358735904,0.17764804003336113,0.7395539897559827,0.4719073620787046
frozenset({'JUMBO BAG WOODLAND ANIMALS'}),"frozenset({'JUMBO STORAGE BAG SUKI', 'JUMBO BAG TOYS'})",0.03937218770087851,0.015802442682665525,0.011409899292907649,0.2897959183673469,18.338678657903838,1.0,0.010787722553473367,1.3857954111652122,0.9842213937166745,0.2607099143206854,0.2783927613390101,0.5059149083362158
frozenset({'JUMBO BAG TOYS'}),"frozenset({'JUMBO BAG WOODLAND ANIMALS', 'JUMBO STORAGE BAG SUKI'})",0.027158774373259052,0.022766230983501178,0.011409899292907649,0.42011834319526625,18.453574660633482,1.0,0.010791596362297241,1.6852296628957988,0.9722141006381886,0.2962447844228095,0.40660906817788905,0.46064740689175077
"frozenset({'JUMBO SHOPPER VINTAGE RED PAISLEY', 'JUMBO STORAGE BAG SUKI'})",frozenset({'JUMBO BAG TOYS'}),0.027480179987143777,0.027158774373259052,0.011409899292907649,0.4152046783625731,15.288049182786024,1.0,0.010663571284900262,1.663558495821727,0.9609978239029328,0.26394052044609667,0.39887896788021115,0.41766151077891966
"frozenset({'JUMBO STORAGE BAG SUKI', 'JUMBO BAG TOYS'})",frozenset({'JUMBO SHOPPER VINTAGE RED PAISLEY'}),0.015802442682665525,0.060692093421898435,0.011409899292907649,0.7220338983050847,11.896671503582807,1.0,0.010450815965317118,3.379217468787072,0.9306494092551097,0.17530864197530863,0.7040734994901238,0.45501518392747614
"frozenset({'JUMBO SHOPPER VINTAGE RED PAISLEY', 'JUMBO BAG TOYS'})",frozenset({'JUMBO STORAGE BAG SUKI'}),0.014088279408613671,0.06053139061495608,0.011409899292907649,0.8098859315589353,13.379602274639119,1.0,0.010557116148932212,4.941604885365329,0.9384809445279846,0.18050847457627117,0.7976365931316116,0.4991907533900871
frozenset({'JUMBO BAG TOYS'}),"frozenset({'JUMBO SHOPPER VINTAGE RED PAISLEY', 'JUMBO STORAGE BAG SUKI'})",0.027158774373259052,0.027480179987143777,0.011409899292907649,0.42011834319526625,15.288049182786024,1.0,0.010663571284900262,1.6771005059405375,0.9606803310917762,0.26394052044609667,0.4037328135923564,0.41766151077891966
"frozenset({'JUMBO SHOPPER VINTAGE RED PAISLEY', 'JUMBO STORAGE BAG SUKI'})",frozenset({'JUMBO BAG WOODLAND ANIMALS'}),0.027480179987143777,0.03937218770087851,0.014516820227126633,0.5282651072124755,13.417214995159854,1.0,0.013434865422618883,2.0363721806175588,0.9516195613622344,0.2773797338792221,0.508930631876568,0.4484862951028364
"frozenset({'JUMBO BAG WOODLAND ANIMALS', 'JUMBO STORAGE BAG SUKI'})",frozenset({'JUMBO SHOPPER VINTAGE RED PAISLEY'}),0.022766230983501178,0.060692093421898435,0.014516820227126633,0.6376470588235293,10.50626239551425,1.0,0.013135090009411462,2.5922458460759294,0.9258978776270249,0.21056721056721056,0.6142341199953034,0.43841752764653963
"frozenset({'JUMBO BAG WOODLAND ANIMALS', 'JUMBO SHOPPER VINTAGE RED PAISLEY'})",frozenset({'JUMBO STORAGE BAG SUKI'}),0.020034283265481036,0.06053139061495608,0.014516820227126633,0.7245989304812834,11.970630826747433,1.0,0.013304117201093122,3.411274368058315,0.9351982401424538,0.2197891321978913,0.7068544209273919,0.4822109696654205
frozenset({'JUMBO STORAGE BAG SUKI'}),"frozenset({'JUMBO BAG WOODLAND ANIMALS', 'JUMBO SHOPPER VINTAGE RED PAISLEY'})",0.06053139061495608,0.020034283265481036,0.014516820227126633,0.2398230088495575,11.970630826747433,1.0,0.013304117201093122,1.2891283584516955,0.9755112672577289,0.2197891321978913,0.22428205582177432,0.4822109696654205
frozenset({'JUMBO SHOPPER VINTAGE RED PAISLEY'}),"frozenset({'JUMBO BAG WOODLAND ANIMALS', 'JUMBO STORAGE BAG SUKI'})",0.060692093421898435,0.022766230983501178,0.014516820227126633,0.23918799646954986,10.506262395514252,1.0,0.013135090009411462,1.2844615548673934,0.9632822915055498,0.21056721056721056,0.22146365828501655,0.43841752764653963
frozenset({'JUMBO BAG WOODLAND ANIMALS'}),"frozenset({'JUMBO SHOPPER VINTAGE RED PAISLEY', 'JUMBO STORAGE BAG SUKI'})",0.03937218770087851,0.027480179987143777,0.014516820227126633,0.3687074829931972,13.417214995159854,1.0,0.013434865422618883,1.5405216976496752,0.9634000522239092,0.2773797338792221,0.35086925323695983,0.4484862951028364
"frozenset({'JUMBO STORAGE BAG SKULLS', 'JUMBO STORAGE BAG SUKI'})",frozenset({'JUMBO BAG WOODLAND ANIMALS'}),0.019552174844653953,0.03937218770087851,0.01012427683736876,0.5178082191780822,13.151624266144813,1.0,0.009354464939424649,1.9922110880067008,0.9423895293424879,0.2074643249176729,0.49804515895926155,0.38747553816046965
"frozenset({'JUMBO BAG WOODLAND ANIMALS', 'JUMBO STORAGE BAG SUKI'})",frozenset({'JUMBO STORAGE BAG SKULLS'}),0.022766230983501178,0.03664023998285837,0.01012427683736876,0.4447058823529412,12.137089783281732,1.0,0.00929011667062809,1.7348639746071406,0.9389850771202523,0.20543478260869563,0.42358593259367805,0.3605108359133127
"frozenset({'JUMBO STORAGE BAG SKULLS', 'JUMBO BAG WOODLAND ANIMALS'})",frozenset({'JUMBO STORAGE BAG SUKI'}),0.014516820227126633,0.06053139061495608,0.01012427683736876,0.6974169741697417,11.521575286549325,1.0,0.00924555352171346,3.104829184674962,0.9266584470150268,0.1559405940594059,0.6779210898506521,0.4323368056689416
frozenset({'JUMBO STORAGE BAG SKULLS'}),"frozenset({'JUMBO BAG WOODLAND ANIMALS', 'JUMBO STORAGE BAG SUKI'})",0.03664023998285837,0.022766230983501178,0.01012427683736876,0.2763157894736842,12.137089783281732,1.0,0.00929011667062809,1.3503593899137074,0.9525080494831385,0.20543478260869563,0.25945640288849076,0.3605108359133127
frozenset({'JUMBO BAG WOODLAND ANIMALS'}),"frozenset({'JUMBO STORAGE BAG SKULLS', 'JUMBO STORAGE BAG SUKI'})",0.03937218770087851,0.019552174844653953,0.01012427683736876,0.2571428571428571,13.151624266144813,1.0,0.009354464939424649,1.3198336107860427,0.9618332434927539,0.2074643249176729,0.24232873611663971,0.38747553816046965
"frozenset({'JUMBO STORAGE BAG SKULLS', 'JUMBO STORAGE BAG SUKI'})",frozenset({'JUMBO SHOPPER VINTAGE RED PAISLEY'}),0.019552174844653953,0.060692093421898435,0.01135633169059353,0.5808219178082192,9.569976665175496,1.0,0.010169669268320499,2.2408325875882817,0.9133648056458421,0.16485225505443235,0.5537373003503756,0.38396788741249444
"frozenset({'JUMBO SHOPPER VINTAGE RED PAISLEY', 'JUMBO STORAGE BAG SUKI'})",frozenset({'JUMBO STORAGE BAG SKULLS'}),0.027480179987143777,0.03664023998285837,0.01135633169059353,0.41325536062378165,11.278729637609292,1.0,0.01034945130109244,1.6418722820225702,0.9370889042469719,0.2152284263959391,0.39093922776494416,0.3615984405458089
"frozenset({'JUMBO STORAGE BAG SKULLS', 'JUMBO SHOPPER VINTAGE RED PAISLEY'})",frozenset({'JUMBO STORAGE BAG SUKI'}),0.015909577887293764,0.06053139061495608,0.01135633169059353,0.7138047138047139,11.792306546288849,1.0,0.010393302816978683,3.282613846910096,0.9299947723185538,0.17448559670781894,0.695364716461763,0.45070766663687023
frozenset({'JUMBO STORAGE BAG SKULLS'}),"frozenset({'JUMBO SHOPPER VINTAGE RED PAISLEY', 'JUMBO STORAGE BAG SUKI'})",0.03664023998285837,0.027480179987143777,0.01135633169059353,0.30994152046783624,11.278729637609292,1.0,0.01034945130109244,1.4093295696796473,0.9459991690727187,0.2152284263959391,0.2904427597958451,0.3615984405458089
"frozenset({'LUNCH BAG SUKI DESIGN', 'JUMBO STORAGE BAG SUKI'})",frozenset({'LUNCH BAG RED RETROSPOT'}),0.01901649882151275,0.07456610242125562,0.010659952860509964,0.5605633802816902,7.5176703901570345,1.0,0.009241966661691357,2.105955343849066,0.8837865952928515,0.1285529715762274,0.5251561231244843,0.35176157519831636
"frozenset({'LUNCH BAG SUKI DESIGN', 'LUNCH BAG RED RETROSPOT'})",frozenset({'JUMBO STORAGE BAG SUKI'}),0.03224769659310049,0.06053139061495608,0.010659952860509964,0.33056478405315615,5.46104724664099,1.0,0.00870795494160041,1.4033749450367157,0.8441053935680839,0.12981082844096545,0.28743205546267075,0.2533354893717108
"frozenset({'JUMBO STORAGE BAG SUKI', 'LUNCH BAG RED RETROSPOT'})",frozenset({'LUNCH BAG SUKI DESIGN'}),0.017409470752089137,0.06433469037925862,0.010659952860509964,0.6123076923076923,9.517535387177352,1.0,0.009539919950007551,2.4134224256090553,0.9107871034833985,0.14996232102486814,0.5856506555218411,0.3890014731313649
"frozenset({'LUNCH BAG SUKI DESIGN', 'LUNCH BAG ALPHABET DESIGN'})",frozenset({'LUNCH BAG APPLE DESIGN'}),0.016177415898864365,0.04901435611742019,0.010231412041997,0.6324503311258278,12.903369160062244,1.0,0.009438486418070447,2.5873663464192713,0.9376699375638915,0.1861598440545809,0.6135066062894696,0.4205967502623674
"frozenset({'LUNCH BAG SUKI DESIGN', 'LUNCH BAG APPLE DESIGN'})",frozenset({'LUNCH BAG ALPHABET DESIGN'}),0.022391257767302334,0.03685451039211485,0.010231412041997,0.45693779904306225,12.398422721709137,1.0,0.009406193199919434,1.7735454390136391,0.9404013483468406,0.2087431693989071,0.43615766588075006,0.36727703905641484
"frozenset({'LUNCH BAG ALPHABET DESIGN', 'LUNCH BAG APPLE DESIGN'})",frozenset({'LUNCH BAG SUKI DESIGN'}),0.018159417184486822,0.06433469037925862,0.010231412041997,0.5634218289085545,8.757667528780097,1.0,0.009063131559965252,2.1431793240637247,0.9021977303155043,0.14158636026686433,0.5334034866929006,0.36122798356335306
frozenset({'LUNCH BAG ALPHABET DESIGN'}),"frozenset({'LUNCH BAG SUKI DESIGN', 'LUNCH BAG APPLE DESIGN'})",0.03685451039211485,0.022391257767302334,0.010231412041997,0.27761627906976744,12.398422721709135,1.0,0.009406193199919434,1.3533094862295694,0.9545230593620603,0.2087431693989071,0.2610707231602421,0.36727703905641484
frozenset({'LUNCH BAG APPLE DESIGN'}),"frozenset({'LUNCH BAG SUKI DESIGN', 'LUNCH BAG ALPHABET DESIGN'})",0.04901435611742019,0.016177415898864365,0.010231412041997,0.20874316939890708,12.903369160062244,1.0,0.009438486418070447,1.2433669398515732,0.9700470947613603,0.1861598440545809,0.195732194617162,0.4205967502623674
"frozenset({'LUNCH BAG SUKI DESIGN', 'LUNCH BAG BLACK SKULL.'})",frozenset({'LUNCH BAG ALPHABET DESIGN'}),0.03026569530747804,0.03685451039211485,0.010284979644311121,0.3398230088495575,9.220662687795842,1.0,0.00916955226207709,1.4589201116044372,0.9193734003572152,0.18096135721017909,0.3145615088544794,0.309446388145709
"frozenset({'LUNCH BAG SUKI DESIGN', 'LUNCH BAG ALPHABET DESIGN'})",frozenset({'LUNCH BAG BLACK SKULL.'}),0.016177415898864365,0.06513820441397043,0.010284979644311121,0.6357615894039736,9.76019518996166,1.0,0.00923121182060108,2.566620566063464,0.9123017169407239,0.14479638009049775,0.6103826123649656,0.3968281631230395
"frozenset({'LUNCH BAG ALPHABET DESIGN', 'LUNCH BAG BLACK SKULL.'})",frozenset({'LUNCH BAG SUKI DESIGN'}),0.015641739875723162,0.06433469037925862,0.010284979644311121,0.6575342465753425,10.220523992563276,1.0,0.009278673152413569,2.732142704092565,0.9164932067189088,0.14757878554957726,0.6339869076011047,0.40870051213030245
frozenset({'LUNCH BAG ALPHABET DESIGN'}),"frozenset({'LUNCH BAG SUKI DESIGN', 'LUNCH BAG BLACK SKULL.'})",0.03685451039211485,0.03026569530747804,0.010284979644311121,0.2790697674418605,9.220662687795844,1.0,0.00916955226207709,1.3451153258638209,0.9256627734519837,0.18096135721017909,0.2565693210299206,0.309446388145709
"frozenset({'LUNCH BAG CARS BLUE', 'LUNCH BAG BLACK SKULL.'})",frozenset({'LUNCH BAG APPLE DESIGN'}),0.02694450396400257,0.04901435611742019,0.01162416970216413,0.43141153081510936,8.80173820465187,1.0,0.010303502189465269,1.672537688366915,0.9109306523280578,0.1806827643630308,0.40210614866537836,0.33428500038023223
"frozenset({'LUNCH BAG CARS BLUE', 'LUNCH BAG APPLE DESIGN'})",frozenset({'LUNCH BAG BLACK SKULL.'}),0.018427255196057424,0.06513820441397043,0.01162416970216413,0.6308139534883721,9.684239213586292,1.0,0.010423851386414943,2.532224076233025,0.913574099390691,0.16157855547282204,0.6050902408733057,0.40463395042839656
"frozenset({'LUNCH BAG BLACK SKULL.', 'LUNCH BAG APPLE DESIGN'})",frozenset({'LUNCH BAG CARS BLUE'}),0.02126633811870581,0.057049496464538246,0.01162416970216413,0.5465994962216624,9.581144972268538,1.0,0.010410935820847348,2.0797297216865456,0.9150889311888322,0.1742971887550201,0.5191682892385385,0.37517768238313165
frozenset({'LUNCH BAG CARS BLUE'}),"frozenset({'LUNCH BAG BLACK SKULL.', 'LUNCH BAG APPLE DESIGN'})",0.057049496464538246,0.02126633811870581,0.01162416970216413,0.20375586854460093,9.581144972268538,1.0,0.010410935820847348,1.229187912622144,0.949814796441013,0.1742971887550201,0.18645473996993103,0.37517768238313165
frozenset({'LUNCH BAG APPLE DESIGN'}),"frozenset({'LUNCH BAG CARS BLUE', 'LUNCH BAG BLACK SKULL.'})",0.04901435611742019,0.02694450396400257,0.01162416970216413,0.23715846994535517,8.801738204651869,1.0,0.010303502189465269,1.275567018442604,0.9320709344639876,0.1806827643630308,0.21603491973244648,0.33428500038023223
"frozenset({'LUNCH BAG PINK POLKADOT', 'LUNCH BAG BLACK SKULL.'})",frozenset({'LUNCH BAG APPLE DESIGN'}),0.02796228840797086,0.04901435611742019,0.010713520462824084,0.38314176245210724,7.816929422356216,1.0,0.009342966900937789,1.541659956853126,0.8971591535324588,0.16168148746968472,0.35134852821810053,0.3008604987123924
"frozenset({'LUNCH BAG BLACK SKULL.', 'LUNCH BAG APPLE DESIGN'})",frozenset({'LUNCH BAG PINK POLKADOT'}),0.02126633811870581,0.05388900792800514,0.010713520462824084,0.503778337531486,9.348443344967974,1.0,0.009567498599345508,1.9066297657491467,0.9124344589787093,0.1662510390689942,0.4755143248237901,0.35129274729457005
"frozenset({'LUNCH BAG PINK POLKADOT', 'LUNCH BAG APPLE DESIGN'})",frozenset({'LUNCH BAG BLACK SKULL.'}),0.017409470752089137,0.06513820441397043,0.010713520462824084,0.6153846153846153,9.44736842105263,1.0,0.009579498798235463,2.4306406685236763,0.9099929128277817,0.14914243102162564,0.5885858354343341,0.3899291497975708
frozenset({'LUNCH BAG APPLE DESIGN'}),"frozenset({'LUNCH BAG PINK POLKADOT', 'LUNCH BAG BLACK SKULL.'})",0.04901435611742019,0.02796228840797086,0.010713520462824084,0.2185792349726776,7.816929422356217,1.0,0.009342966900937789,1.243936372177212,0.9170196586492423,0.16168148746968472,0.1961003614278599,0.3008604987123924
"frozenset({'LUNCH BAG BLACK SKULL.', 'LUNCH BAG RED RETROSPOT'})",frozenset({'LUNCH BAG APPLE DESIGN'}),0.0325155346046711,0.04901435611742019,0.01398114420398543,0.4299835255354201,8.772603775623192,1.0,0.012387416211523781,1.6683476469269534,0.915786030355621,0.20697858842188738,0.40060454315863364,0.35761471358738217
"frozenset({'LUNCH BAG APPLE DESIGN', 'LUNCH BAG RED RETROSPOT'})",frozenset({'LUNCH BAG BLACK SKULL.'}),0.0230876365973859,0.06513820441397043,0.01398114420398543,0.6055684454756382,9.296670838930273,1.0,0.012477257011869443,2.3701496111622284,0.9135257634840711,0.18831168831168832,0.5780857059442592,0.4101033016851875
"frozenset({'LUNCH BAG BLACK SKULL.', 'LUNCH BAG APPLE DESIGN'})",frozenset({'LUNCH BAG RED RETROSPOT'}),0.02126633811870581,0.07456610242125562,0.01398114420398543,0.6574307304785894,8.816750629722922,1.0,0.01239539625770096,2.70145042160854,0.9058435042781823,0.17081151832460734,0.6298284832469498,0.4224653652392947
frozenset({'LUNCH BAG BLACK SKULL.'}),"frozenset({'LUNCH BAG APPLE DESIGN', 'LUNCH BAG RED RETROSPOT'})",0.06513820441397043,0.0230876365973859,0.01398114420398543,0.21463815789473684,9.296670838930273,1.0,0.012477257011869443,1.2439009779032237,0.9546166255248112,0.18831168831168832,0.19607748706360406,0.4101033016851875
frozenset({'LUNCH BAG APPLE DESIGN'}),"frozenset({'LUNCH BAG BLACK SKULL.', 'LUNCH BAG RED RETROSPOT'})",0.04901435611742019,0.0325155346046711,0.01398114420398543,0.28524590163934427,8.772603775623194,1.0,0.012387416211523781,1.3535906511264924,0.9316741674225694,0.20697858842188738,0.26122421193750506,0.35761471358738217
"frozenset({'LUNCH BAG SPACEBOY DESIGN', 'LUNCH BAG BLACK SKULL.'})",frozenset({'LUNCH BAG APPLE DESIGN'}),0.025873151917720164,0.04901435611742019,0.011838440111420613,0.4575569358178054,9.335161615133105,1.0,0.010570284229445363,1.7531529236461296,0.9165932839581128,0.18776550552251486,0.4295991031288679,0.34954349523130707
"frozenset({'LUNCH BAG BLACK SKULL.', 'LUNCH BAG APPLE DESIGN'})",frozenset({'LUNCH BAG SPACEBOY DESIGN'}),0.02126633811870581,0.055603171202056996,0.011838440111420613,0.5566750629722922,10.011570400353325,1.0,0.010655964272165383,2.130258755868087,0.9196736613246865,0.18204283360790774,0.5305734586254538,0.3847922521027164
"frozenset({'LUNCH BAG SPACEBOY DESIGN', 'LUNCH BAG APPLE DESIGN'})",frozenset({'LUNCH BAG BLACK SKULL.'}),0.018534390400685666,0.06513820441397043,0.011838440111420613,0.6387283236994219,9.805740416793427,1.0,0.010631143200812418,2.5876974501821293,0.9149774694121895,0.16480238627889635,0.613556059295256,0.41023587237602677
frozenset({'LUNCH BAG SPACEBOY DESIGN'}),"frozenset({'LUNCH BAG BLACK SKULL.', 'LUNCH BAG APPLE DESIGN'})",0.055603171202056996,0.02126633811870581,0.011838440111420613,0.21290944123314065,10.011570400353323,1.0,0.010655964272165383,1.243482914360812,0.9531115976212904,0.18204283360790774,0.19580720534947565,0.3847922521027164
frozenset({'LUNCH BAG APPLE DESIGN'}),"frozenset({'LUNCH BAG SPACEBOY DESIGN', 'LUNCH BAG BLACK SKULL.'})",0.04901435611742019,0.025873151917720164,0.011838440111420613,0.24153005464480873,9.335161615133103,1.0,0.010570284229445363,1.2843315071978183,0.9388975873811908,0.18776550552251486,0.22138482596146766,0.34954349523130707
"frozenset({'LUNCH BAG SUKI DESIGN', 'LUNCH BAG BLACK SKULL.'})",frozenset({'LUNCH BAG APPLE DESIGN'}),0.03026569530747804,0.04901435611742019,0.013927576601671309,0.46017699115044247,9.388616470815803,1.0,0.012444123033729246,1.7616619304710086,0.921374060397979,0.21311475409836064,0.432354197645269,0.37216499830746164
"frozenset({'LUNCH BAG SUKI DESIGN', 'LUNCH BAG APPLE DESIGN'})",frozenset({'LUNCH BAG BLACK SKULL.'}),0.022391257767302334,0.06513820441397043,0.013927576601671309,0.6220095693779905,9.549074540418031,1.0,0.012469050276138866,2.473241965537724,0.9157833508956796,0.18922852983988356,0.5956723952067572,0.4179126794258373
"frozenset({'LUNCH BAG BLACK SKULL.', 'LUNCH BAG APPLE DESIGN'})",frozenset({'LUNCH BAG SUKI DESIGN'}),0.02126633811870581,0.06433469037925862,0.013927576601671309,0.654911838790932,10.179762037093354,1.0,0.012559413323303745,2.711380495762294,0.9213598262063042,0.19431988041853512,0.6311841876996117,0.4356990501198623
frozenset({'LUNCH BAG SUKI DESIGN'}),"frozenset({'LUNCH BAG BLACK SKULL.', 'LUNCH BAG APPLE DESIGN'})",0.06433469037925862,0.02126633811870581,0.013927576601671309,0.21648626144879266,10.179762037093353,1.0,0.012559413323303745,1.2491595408283043,0.9637697019874841,0.19431988041853512,0.19946174422451213,0.4356990501198623
frozenset({'LUNCH BAG BLACK SKULL.'}),"frozenset({'LUNCH BAG SUKI DESIGN', 'LUNCH BAG APPLE DESIGN'})",0.06513820441397043,0.022391257767302334,0.013927576601671309,0.2138157894736842,9.549074540418031,1.0,0.012469050276138866,1.243485596814812,0.9576579276785556,0.18922852983988356,0.19580894015861572,0.4179126794258373
frozenset({'LUNCH BAG APPLE DESIGN'}),"frozenset({'LUNCH BAG SUKI DESIGN', 'LUNCH BAG BLACK SKULL.'})",0.04901435611742019,0.03026569530747804,0.013927576601671309,0.28415300546448086,9.388616470815803,1.0,0.012444123033729246,1.3546670057918437,0.9395389294983729,0.21311475409836064,0.2618112084190979,0.37216499830746164
"frozenset({'LUNCH BAG VINTAGE LEAF DESIGN', 'LUNCH BAG BLACK SKULL.'})",frozenset({'LUNCH BAG APPLE DESIGN'}),0.015481037068780802,0.04901435611742019,0.01012427683736876,0.6539792387543252,13.342605933405181,1.0,0.009365483773412554,2.7483485108206547,0.9395980747523268,0.18620689655172415,0.6361451264048748,0.43026830790175274
"frozenset({'LUNCH BAG VINTAGE LEAF DESIGN', 'LUNCH BAG APPLE DESIGN'})",frozenset({'LUNCH BAG BLACK SKULL.'}),0.01799871437754446,0.06513820441397043,0.01012427683736876,0.5625,8.635485197368421,1.0,0.0089518729010556,2.136826961339496,0.900404877930516,0.13866471019809246,0.5320163878065551,0.3589638157894737
"frozenset({'LUNCH BAG BLACK SKULL.', 'LUNCH BAG APPLE DESIGN'})",frozenset({'LUNCH BAG VINTAGE LEAF DESIGN'}),0.02126633811870581,0.033372616241697024,0.01012427683736876,0.4760705289672544,14.26530438966405,1.0,0.009414563496467018,1.8449570738079148,0.9501051048311735,0.2274368231046931,0.45798196923029677,0.3897206577420541
frozenset({'LUNCH BAG VINTAGE LEAF DESIGN'}),"frozenset({'LUNCH BAG BLACK SKULL.', 'LUNCH BAG APPLE DESIGN'})",0.033372616241697024,0.02126633811870581,0.01012427683736876,0.3033707865168539,14.26530438966405,1.0,0.009414563496467018,1.4049563856037932,0.9620044538858616,0.2274368231046931,0.288234132926311,0.3897206577420541
frozenset({'LUNCH BAG APPLE DESIGN'}),"frozenset({'LUNCH BAG VINTAGE LEAF DESIGN', 'LUNCH BAG BLACK SKULL.'})",0.04901435611742019,0.015481037068780802,0.01012427683736876,0.2065573770491803,13.342605933405183,1.0,0.009365483773412554,1.2408193541075283,0.9727298493704172,0.18620689655172415,0.1940809138013003,0.43026830790175274
"frozenset({'LUNCH BAG BLACK SKULL.', 'LUNCH BAG WOODLAND'})",frozenset({'LUNCH BAG APPLE DESIGN'}),0.022551960574244696,0.04901435611742019,0.010820655667452325,0.47980997624703087,9.789172280414833,1.0,0.009715285840720275,1.8281504843587495,0.9185616840853263,0.1781305114638448,0.4529990782729439,0.3502875017847176
"frozenset({'LUNCH BAG APPLE DESIGN', 'LUNCH BAG WOODLAND'})",frozenset({'LUNCH BAG BLACK SKULL.'}),0.016927362331262054,0.06513820441397043,0.010820655667452325,0.6392405063291139,9.81360343104597,1.0,0.009718037679729234,2.591371293027941,0.9135648743601474,0.15187969924812028,0.6141039291858754,0.4026794636908727
"frozenset({'LUNCH BAG BLACK SKULL.', 'LUNCH BAG APPLE DESIGN'})",frozenset({'LUNCH BAG WOODLAND'}),0.02126633811870581,0.04665738161559889,0.010820655667452325,0.508816120906801,10.90537238242039,1.0,0.00982842401428151,1.9409077923005498,0.9280380476337821,0.1894934333958724,0.4847771728430724,0.3703667286508746
frozenset({'LUNCH BAG WOODLAND'}),"frozenset({'LUNCH BAG BLACK SKULL.', 'LUNCH BAG APPLE DESIGN'})",0.04665738161559889,0.02126633811870581,0.010820655667452325,0.23191733639494833,10.90537238242039,1.0,0.00982842401428151,1.274255634527066,0.9527551367262365,0.1894934333958724,0.21522811208039488,0.3703667286508746
frozenset({'LUNCH BAG APPLE DESIGN'}),"frozenset({'LUNCH BAG BLACK SKULL.', 'LUNCH BAG WOODLAND'})",0.04901435611742019,0.022551960574244696,0.010820655667452325,0.22076502732240436,9.789172280414833,1.0,0.009715285840720275,1.25436880234862,0.9441218413510366,0.1781305114638448,0.20278629528441083,0.3502875017847176
"frozenset({'LUNCH BAG CARS BLUE', 'LUNCH BAG RED RETROSPOT'})",frozenset({'LUNCH BAG APPLE DESIGN'}),0.027265909577887295,0.04901435611742019,0.01146346689522177,0.4204322200392927,8.577736266331712,1.0,0.010127045893305825,1.6408531957160444,0.9081815201442296,0.17685950413223142,0.39056095779268385,0.3271560007300289
"frozenset({'LUNCH BAG APPLE DESIGN', 'LUNCH BAG RED RETROSPOT'})",frozenset({'LUNCH BAG CARS BLUE'}),0.0230876365973859,0.057049496464538246,0.01146346689522177,0.4965197215777263,8.703314706491074,1.0,0.01014632885278466,1.8728648249943967,0.9060190872105031,0.16692667706708272,0.4660586355969434,0.34872934435693825
"frozenset({'LUNCH BAG CARS BLUE', 'LUNCH BAG APPLE DESIGN'})",frozenset({'LUNCH BAG RED RETROSPOT'}),0.018427255196057424,0.07456610242125562,0.01146346689522177,0.622093023255814,8.34283948142208,1.0,0.010089418296929938,2.448840467439139,0.8966597098539885,0.14060446780551908,0.5916434682877711,0.387914327719861
frozenset({'LUNCH BAG CARS BLUE'}),"frozenset({'LUNCH BAG APPLE DESIGN', 'LUNCH BAG RED RETROSPOT'})",0.057049496464538246,0.0230876365973859,0.01146346689522177,0.20093896713615025,8.703314706491074,1.0,0.01014632885278466,1.2225754019080892,0.9386508034686102,0.16692667706708272,0.1820545395897161,0.34872934435693825
frozenset({'LUNCH BAG APPLE DESIGN'}),"frozenset({'LUNCH BAG CARS BLUE', 'LUNCH BAG RED RETROSPOT'})",0.04901435611742019,0.027265909577887295,0.01146346689522177,0.23387978142076501,8.577736266331712,1.0,0.010127045893305825,1.2696885773698048,0.9289510631611033,0.17685950413223142,0.21240529542171052,0.3271560007300289
"frozenset({'LUNCH BAG CARS BLUE', 'LUNCH BAG SPACEBOY DESIGN'})",frozenset({'LUNCH BAG APPLE DESIGN'}),0.02431969145061067,0.04901435611742019,0.01039211484893936,0.4273127753303964,8.718114633735343,1.0,0.00920010083151335,1.6605672397026585,0.907363091040199,0.16510638297872338,0.39779614092648236,0.3196673166269468
"frozenset({'LUNCH BAG CARS BLUE', 'LUNCH BAG APPLE DESIGN'})",frozenset({'LUNCH BAG SPACEBOY DESIGN'}),0.018427255196057424,0.055603171202056996,0.01039211484893936,0.563953488372093,10.142469866021418,1.0,0.009367501023488985,2.165816727376616,0.9183269308236395,0.1632996632996633,0.5382804152541255,0.37542568445579605
"frozenset({'LUNCH BAG SPACEBOY DESIGN', 'LUNCH BAG APPLE DESIGN'})",frozenset({'LUNCH BAG CARS BLUE'}),0.018534390400685666,0.057049496464538246,0.01039211484893936,0.560693641618497,9.828196151863006,1.0,0.009334737209303072,2.146453119889932,0.9152148788510687,0.1594083812654067,0.5341151452442255,0.37142663301582124
frozenset({'LUNCH BAG APPLE DESIGN'}),"frozenset({'LUNCH BAG CARS BLUE', 'LUNCH BAG SPACEBOY DESIGN'})",0.04901435611742019,0.02431969145061067,0.01039211484893936,0.21202185792349723,8.718114633735343,1.0,0.00920010083151335,1.2382073263837605,0.9309249895908402,0.16510638297872338,0.19238080837355037,0.3196673166269468
"frozenset({'LUNCH BAG SUKI DESIGN', 'LUNCH BAG CARS BLUE'})",frozenset({'LUNCH BAG APPLE DESIGN'}),0.02689093636168845,0.04901435611742019,0.012320548532247696,0.4581673306772908,9.347615004463021,1.0,0.011002506601085016,1.7551279162832907,0.9176986151865167,0.19376579612468403,0.4302409580963029,0.354766725447935
"frozenset({'LUNCH BAG SUKI DESIGN', 'LUNCH BAG APPLE DESIGN'})",frozenset({'LUNCH BAG CARS BLUE'}),0.022391257767302334,0.057049496464538246,0.012320548532247696,0.5502392344497608,9.644944627894962,1.0,0.011043138551415418,2.09656016211608,0.9168481238832639,0.18355945730247406,0.5230282354546459,0.3831008378821574
"frozenset({'LUNCH BAG CARS BLUE', 'LUNCH BAG APPLE DESIGN'})",frozenset({'LUNCH BAG SUKI DESIGN'}),0.018427255196057424,0.06433469037925862,0.012320548532247696,0.6686046511627907,10.392599190596982,1.0,0.011135036774669756,2.823411109732763,0.9207444738665375,0.17490494296577944,0.6458184936112084,0.43005586429913056
frozenset({'LUNCH BAG CARS BLUE'}),"frozenset({'LUNCH BAG SUKI DESIGN', 'LUNCH BAG APPLE DESIGN'})",0.057049496464538246,0.022391257767302334,0.012320548532247696,0.215962441314554,9.644944627894963,1.0,0.011043138551415418,1.2468901921890096,0.9505469670436612,0.18355945730247406,0.1980047591484983,0.3831008378821574
frozenset({'LUNCH BAG APPLE DESIGN'}),"frozenset({'LUNCH BAG SUKI DESIGN', 'LUNCH BAG CARS BLUE'})",0.04901435611742019,0.02689093636168845,0.012320548532247696,0.25136612021857924,9.347615004463023,1.0,0.011002506601085016,1.2998464134730732,0.9390476563667133,0.19376579612468403,0.2306783404293976,0.354766725447935
"frozenset({'LUNCH BAG PINK POLKADOT', 'LUNCH BAG RED RETROSPOT'})",frozenset({'LUNCH BAG APPLE DESIGN'}),0.029676451682022712,0.04901435611742019,0.011784872509106493,0.39711191335740076,8.101951036673176,1.0,0.010330300338062419,1.5773833733860756,0.9033821152900319,0.17614091273018415,0.36603870886925916,0.31877453591367305
"frozenset({'LUNCH BAG APPLE DESIGN', 'LUNCH BAG RED RETROSPOT'})",frozenset({'LUNCH BAG PINK POLKADOT'}),0.0230876365973859,0.05388900792800514,0.011784872509106493,0.5104408352668214,9.472077050458273,1.0,0.010540702677471063,1.932577429303459,0.9155647609505152,0.180772391125719,0.48255630804897637,0.36456435401512044
"frozenset({'LUNCH BAG PINK POLKADOT', 'LUNCH BAG APPLE DESIGN'})",frozenset({'LUNCH BAG RED RETROSPOT'}),0.017409470752089137,0.07456610242125562,0.011784872509106493,0.676923076923077,9.078160919540231,1.0,0.01048671612990636,2.8644382544103997,0.9056117518201147,0.1469605878423514,0.6508914100486224,0.4174845269672856
frozenset({'LUNCH BAG PINK POLKADOT'}),"frozenset({'LUNCH BAG APPLE DESIGN', 'LUNCH BAG RED RETROSPOT'})",0.05388900792800514,0.0230876365973859,0.011784872509106493,0.2186878727634195,9.472077050458273,1.0,0.010540702677471063,1.2503483938715392,0.9453716762232219,0.180772391125719,0.20022290994941688,0.36456435401512044
frozenset({'LUNCH BAG APPLE DESIGN'}),"frozenset({'LUNCH BAG PINK POLKADOT', 'LUNCH BAG RED RETROSPOT'})",0.04901435611742019,0.029676451682022712,0.011784872509106493,0.24043715846994537,8.101951036673178,1.0,0.010330300338062419,1.2774763262028046,0.9217520214253162,0.17614091273018415,0.21720662881290384,0.31877453591367305
"frozenset({'LUNCH BAG SUKI DESIGN', 'LUNCH BAG PINK POLKADOT'})",frozenset({'LUNCH BAG APPLE DESIGN'}),0.02330190700664238,0.04901435611742019,0.010338547246625241,0.44367816091954027,9.0520042710885,1.0,0.009196419278386663,1.709416343342654,0.9107494268917972,0.1668107173725151,0.4150050080575665,0.32730356133408706
"frozenset({'LUNCH BAG SUKI DESIGN', 'LUNCH BAG APPLE DESIGN'})",frozenset({'LUNCH BAG PINK POLKADOT'}),0.022391257767302334,0.05388900792800514,0.010338547246625241,0.46172248803827753,8.568027243239131,1.0,0.009131904579285078,1.7576639763826394,0.9035179217829511,0.15678310316815597,0.43106303967266246,0.32678569729945683
"frozenset({'LUNCH BAG PINK POLKADOT', 'LUNCH BAG APPLE DESIGN'})",frozenset({'LUNCH BAG SUKI DESIGN'}),0.017409470752089137,0.06433469037925862,0.010338547246625241,0.5938461538461538,9.230574521232306,1.0,0.009218514336122828,2.3037214062631888,0.9074628290669535,0.14478619654913727,0.5659197343562146,0.3772727854992634
frozenset({'LUNCH BAG APPLE DESIGN'}),"frozenset({'LUNCH BAG SUKI DESIGN', 'LUNCH BAG PINK POLKADOT'})",0.04901435611742019,0.02330190700664238,0.010338547246625241,0.21092896174863388,9.0520042710885,1.0,0.009196419278386663,1.2377822092644353,0.9353739818914064,0.1668107173725151,0.19210343102745006,0.32730356133408706
"frozenset({'LUNCH BAG SPACEBOY DESIGN', 'LUNCH BAG RED RETROSPOT'})",frozenset({'LUNCH BAG APPLE DESIGN'}),0.02683736875937433,0.04901435611742019,0.011945575316048854,0.44510978043912175,9.081212438510956,1.0,0.010630158966422353,1.713826645989829,0.9144232594407491,0.18692372170997484,0.4165104140842407,0.34441281371682864
"frozenset({'LUNCH BAG APPLE DESIGN', 'LUNCH BAG RED RETROSPOT'})",frozenset({'LUNCH BAG SPACEBOY DESIGN'}),0.0230876365973859,0.055603171202056996,0.011945575316048854,0.5174013921113689,9.30524969935938,1.0,0.010661829505673528,1.9568991981341992,0.913627275747255,0.17897271268057782,0.48898747520902075,0.36611880780905637
"frozenset({'LUNCH BAG SPACEBOY DESIGN', 'LUNCH BAG APPLE DESIGN'})",frozenset({'LUNCH BAG RED RETROSPOT'}),0.018534390400685666,0.07456610242125562,0.011945575316048854,0.6445086705202312,8.643453923327353,1.0,0.01056353806311579,2.603253077741834,0.9010050893263166,0.1471947194719472,0.6158652385547393,0.40235490997275924
frozenset({'LUNCH BAG SPACEBOY DESIGN'}),"frozenset({'LUNCH BAG APPLE DESIGN', 'LUNCH BAG RED RETROSPOT'})",0.055603171202056996,0.0230876365973859,0.011945575316048854,0.21483622350674375,9.30524969935938,1.0,0.010661829505673528,1.2442147646771946,0.9450834162111565,0.17897271268057782,0.1962802336142947,0.36611880780905637
frozenset({'LUNCH BAG APPLE DESIGN'}),"frozenset({'LUNCH BAG SPACEBOY DESIGN', 'LUNCH BAG RED RETROSPOT'})",0.04901435611742019,0.02683736875937433,0.011945575316048854,0.2437158469945355,9.081212438510954,1.0,0.010630158966422353,1.2867685080710585,0.9357476119112313,0.18692372170997484,0.22285943918610604,0.34441281371682864
"frozenset({'LUNCH BAG SUKI DESIGN', 'LUNCH BAG RED RETROSPOT'})",frozenset({'LUNCH BAG APPLE DESIGN'}),0.03224769659310049,0.04901435611742019,0.013927576601671309,0.4318936877076412,8.811575259154367,1.0,0.012346976516890564,1.673957186015535,0.9160535302182595,0.20684168655529037,0.4026131562060636,0.35802334658606105
"frozenset({'LUNCH BAG APPLE DESIGN', 'LUNCH BAG RED RETROSPOT'})",frozenset({'LUNCH BAG SUKI DESIGN'}),0.0230876365973859,0.06433469037925862,0.013927576601671309,0.6032482598607889,9.376718164097591,1.0,0.012442240649589646,2.358314318400816,0.9144657311214309,0.18950437317784255,0.5759683125368528,0.4098672606547908
"frozenset({'LUNCH BAG SUKI DESIGN', 'LUNCH BAG APPLE DESIGN'})",frozenset({'LUNCH BAG RED RETROSPOT'}),0.022391257767302334,0.07456610242125562,0.013927576601671309,0.6220095693779905,8.34172028818127,1.0,0.012257947781653908,2.4482998049868048,0.9002790305584827,0.16774193548387098,0.5915532901799216,0.4043955892866964
frozenset({'LUNCH BAG SUKI DESIGN'}),"frozenset({'LUNCH BAG APPLE DESIGN', 'LUNCH BAG RED RETROSPOT'})",0.06433469037925862,0.0230876365973859,0.013927576601671309,0.21648626144879266,9.376718164097591,1.0,0.012442240649589646,1.2468350142896276,0.9547782411668597,0.18950437317784255,0.19796926735351544,0.4098672606547908
frozenset({'LUNCH BAG APPLE DESIGN'}),"frozenset({'LUNCH BAG SUKI DESIGN', 'LUNCH BAG RED RETROSPOT'})",0.04901435611742019,0.03224769659310049,0.013927576601671309,0.28415300546448086,8.811575259154367,1.0,0.012346976516890564,1.3518982559042947,0.9322043078309625,0.20684168655529037,0.26029936377786606,0.35802334658606105
"frozenset({'LUNCH BAG VINTAGE LEAF DESIGN', 'LUNCH BAG RED RETROSPOT'})",frozenset({'LUNCH BAG APPLE DESIGN'}),0.015588172273409043,0.04901435611742019,0.010499250053567602,0.6735395189003436,13.74167840309466,1.0,0.009735205826539035,2.9130191828403227,0.9419113621396755,0.19405940594059407,0.6567135548263174,0.44387358458678383
"frozenset({'LUNCH BAG APPLE DESIGN', 'LUNCH BAG RED RETROSPOT'})",frozenset({'LUNCH BAG VINTAGE LEAF DESIGN'}),0.0230876365973859,0.033372616241697024,0.010499250053567602,0.4547563805104408,13.626632602518312,1.0,0.009728755217475283,1.7728357548928877,0.9485132266428533,0.22843822843822842,0.43593195407974006,0.38468156104173723
"frozenset({'LUNCH BAG VINTAGE LEAF DESIGN', 'LUNCH BAG APPLE DESIGN'})",frozenset({'LUNCH BAG RED RETROSPOT'}),0.01799871437754446,0.07456610242125562,0.010499250053567602,0.5833333333333334,7.823036398467433,1.0,0.009157156073840695,2.2210413541889866,0.8881580998098562,0.1279373368146214,0.549760747086517,0.3620689655172414
frozenset({'LUNCH BAG VINTAGE LEAF DESIGN'}),"frozenset({'LUNCH BAG APPLE DESIGN', 'LUNCH BAG RED RETROSPOT'})",0.033372616241697024,0.0230876365973859,0.010499250053567602,0.31460674157303364,13.626632602518312,1.0,0.009728755217475283,1.4253311531611907,0.958605470450857,0.22843822843822842,0.2984086555730324,0.38468156104173723
frozenset({'LUNCH BAG APPLE DESIGN'}),"frozenset({'LUNCH BAG VINTAGE LEAF DESIGN', 'LUNCH BAG RED RETROSPOT'})",0.04901435611742019,0.015588172273409043,0.010499250053567602,0.21420765027322403,13.74167840309466,1.0,0.009735205826539035,1.2527633134489995,0.9750185941554002,0.19405940594059407,0.2017646196495917,0.44387358458678383
"frozenset({'LUNCH BAG APPLE DESIGN', 'LUNCH BAG WOODLAND'})",frozenset({'LUNCH BAG RED RETROSPOT'}),0.016927362331262054,0.07456610242125562,0.010927790872080565,0.6455696202531646,8.65768223483195,1.0,0.009665583438765975,2.6110456395971715,0.8997256269552284,0.1356382978723404,0.6170116734710626,0.3960606721955478
"frozenset({'LUNCH BAG RED RETROSPOT', 'LUNCH BAG WOODLAND'})",frozenset({'LUNCH BAG APPLE DESIGN'}),0.02442682665523891,0.04901435611742019,0.010927790872080565,0.4473684210526316,9.12729364394593,1.0,0.009730525691582195,1.7208311651208588,0.9127336856112971,0.17480719794344474,0.4188854663555752,0.33515962036238134
"frozenset({'LUNCH BAG RED RETROSPOT', 'LUNCH BAG APPLE DESIGN'})",frozenset({'LUNCH BAG WOODLAND'}),0.0230876365973859,0.04665738161559889,0.010927790872080565,0.4733178654292344,10.1445441008415,1.0,0.009850582200754065,1.8100910507650967,0.9227284651865901,0.18579234972677594,0.4475416031821625,0.3537657065378089
frozenset({'LUNCH BAG WOODLAND'}),"frozenset({'LUNCH BAG RED RETROSPOT', 'LUNCH BAG APPLE DESIGN'})",0.04665738161559889,0.0230876365973859,0.010927790872080565,0.23421354764638344,10.1445441008415,1.0,0.009850582200754065,1.275698153708661,0.9455413282917257,0.18579234972677594,0.21611550734565366,0.3537657065378089
frozenset({'LUNCH BAG APPLE DESIGN'}),"frozenset({'LUNCH BAG RED RETROSPOT', 'LUNCH BAG WOODLAND'})",0.04901435611742019,0.02442682665523891,0.010927790872080565,0.22295081967213112,9.12729364394593,1.0,0.009730525691582195,1.2554844635871398,0.9363322189124623,0.17480719794344474,0.2034947233494039,0.33515962036238134
"frozenset({'LUNCH BAG SUKI DESIGN', 'LUNCH BAG SPACEBOY DESIGN'})",frozenset({'LUNCH BAG APPLE DESIGN'}),0.026408827940861367,0.04901435611742019,0.011731304906792372,0.44421906693711966,9.063039936155354,1.0,0.010436893209455317,1.7110800088836198,0.9137939741101544,0.184188393608074,0.41557379268755423,0.3417816646161008
"frozenset({'LUNCH BAG SUKI DESIGN', 'LUNCH BAG APPLE DESIGN'})",frozenset({'LUNCH BAG SPACEBOY DESIGN'}),0.022391257767302334,0.055603171202056996,0.011731304906792372,0.5239234449760766,9.422546118317339,1.0,0.010486279967727672,1.983707911746433,0.9143449052355039,0.17704122877930478,0.4958935264216335,0.3674530519678071
"frozenset({'LUNCH BAG SPACEBOY DESIGN', 'LUNCH BAG APPLE DESIGN'})",frozenset({'LUNCH BAG SUKI DESIGN'}),0.018534390400685666,0.06433469037925862,0.011731304906792372,0.6329479768786127,9.838362058592791,1.0,0.010538900638995957,2.549135410462807,0.915321999801621,0.16490963855421686,0.6077101295225249,0.4076480100879325
frozenset({'LUNCH BAG SPACEBOY DESIGN'}),"frozenset({'LUNCH BAG SUKI DESIGN', 'LUNCH BAG APPLE DESIGN'})",0.055603171202056996,0.022391257767302334,0.011731304906792372,0.21098265895953758,9.422546118317339,1.0,0.010486279967727672,1.2390206037088403,0.9464999728047615,0.17704122877930478,0.19291091931269302,0.3674530519678071
frozenset({'LUNCH BAG APPLE DESIGN'}),"frozenset({'LUNCH BAG SUKI DESIGN', 'LUNCH BAG SPACEBOY DESIGN'})",0.04901435611742019,0.026408827940861367,0.011731304906792372,0.23934426229508196,9.063039936155356,1.0,0.010436893209455317,1.2799366701639538,0.9355154328537181,0.184188393608074,0.21871134462308614,0.3417816646161008
"frozenset({'LUNCH BAG SPACEBOY DESIGN', 'LUNCH BAG WOODLAND'})",frozenset({'LUNCH BAG APPLE DESIGN'}),0.022444825369616457,0.04901435611742019,0.01017784443968288,0.4534606205250597,9.251587829466464,1.0,0.009077725776023192,1.7400130340034978,0.9123888547606068,0.1660839160839161,0.4252916613508599,0.33055544687455174
"frozenset({'LUNCH BAG APPLE DESIGN', 'LUNCH BAG WOODLAND'})",frozenset({'LUNCH BAG SPACEBOY DESIGN'}),0.016927362331262054,0.055603171202056996,0.01017784443968288,0.6012658227848101,10.813516743494061,1.0,0.009236629413978466,2.3684872849218253,0.9231496352039645,0.16323024054982818,0.5777895847842788,0.3921550693885515
"frozenset({'LUNCH BAG SPACEBOY DESIGN', 'LUNCH BAG APPLE DESIGN'})",frozenset({'LUNCH BAG WOODLAND'}),0.018534390400685666,0.04665738161559889,0.01017784443968288,0.5491329479768786,11.769476317832801,1.0,0.009313078313745596,2.1144650382115566,0.9323143301983811,0.18500486854917236,0.5270671390027741,0.38363650843160807
frozenset({'LUNCH BAG WOODLAND'}),"frozenset({'LUNCH BAG SPACEBOY DESIGN', 'LUNCH BAG APPLE DESIGN'})",0.04665738161559889,0.018534390400685666,0.01017784443968288,0.21814006888633755,11.769476317832801,1.0,0.009313078313745596,1.2552959558898718,0.9598170004997885,0.18500486854917236,0.20337511221319451,0.38363650843160807
frozenset({'LUNCH BAG APPLE DESIGN'}),"frozenset({'LUNCH BAG SPACEBOY DESIGN', 'LUNCH BAG WOODLAND'})",0.04901435611742019,0.022444825369616457,0.01017784443968288,0.20765027322404372,9.251587829466462,1.0,0.009077725776023192,1.2337420479817944,0.9378800321368961,0.1660839160839161,0.1894577949776124,0.33055544687455174
"frozenset({'LUNCH BAG SUKI DESIGN', 'LUNCH BAG VINTAGE LEAF DESIGN'})",frozenset({'LUNCH BAG APPLE DESIGN'}),0.015106063852581958,0.04901435611742019,0.01039211484893936,0.6879432624113475,14.035546254311514,1.0,0.00965170085573642,3.0474767224419033,0.9429973052109347,0.19341974077766697,0.671859675699602,0.4499825601674224
"frozenset({'LUNCH BAG SUKI DESIGN', 'LUNCH BAG APPLE DESIGN'})",frozenset({'LUNCH BAG VINTAGE LEAF DESIGN'}),0.022391257767302334,0.033372616241697024,0.01039211484893936,0.46411483253588515,13.907055688250246,1.0,0.009644859996302262,1.8037957429061189,0.9493512215788731,0.22904368358913807,0.44561350478137457,0.3877556506178623
"frozenset({'LUNCH BAG VINTAGE LEAF DESIGN', 'LUNCH BAG APPLE DESIGN'})",frozenset({'LUNCH BAG SUKI DESIGN'}),0.01799871437754446,0.06433469037925862,0.01039211484893936,0.5773809523809523,8.974644145751556,1.0,0.009234173132235327,2.2139686199476696,0.904861309501047,0.14445271779597912,0.5483224147848869,0.36945650450021805
frozenset({'LUNCH BAG VINTAGE LEAF DESIGN'}),"frozenset({'LUNCH BAG SUKI DESIGN', 'LUNCH BAG APPLE DESIGN'})",0.033372616241697024,0.022391257767302334,0.01039211484893936,0.31139646869983945,13.907055688250248,1.0,0.009644859996302262,1.4196975440815165,0.9601363144258482,0.22904368358913807,0.2956246179555399,0.3877556506178623
frozenset({'LUNCH BAG APPLE DESIGN'}),"frozenset({'LUNCH BAG SUKI DESIGN', 'LUNCH BAG VINTAGE LEAF DESIGN'})",0.04901435611742019,0.015106063852581958,0.01039211484893936,0.21202185792349723,14.035546254311512,1.0,0.00965170085573642,1.2499000715324375,0.976620765707669,0.19341974077766697,0.19993604066767356,0.4499825601674224
"frozenset({'LUNCH BAG SUKI DESIGN', 'LUNCH BAG WOODLAND'})",frozenset({'LUNCH BAG APPLE DESIGN'}),0.02185558174416113,0.04901435611742019,0.010552817655881723,0.48284313725490197,9.85105539483553,1.0,0.009481580389120023,1.8388727142374057,0.9185637798077404,0.17495559502664298,0.4561885701726193,0.3490718418514947
"frozenset({'LUNCH BAG SUKI DESIGN', 'LUNCH BAG APPLE DESIGN'})",frozenset({'LUNCH BAG WOODLAND'}),0.022391257767302334,0.04665738161559889,0.010552817655881723,0.47129186602870815,10.101121188316789,1.0,0.009508100197379455,1.803154816672759,0.9216377164314026,0.1804029304029304,0.445416449683875,0.3487343371475343
"frozenset({'LUNCH BAG APPLE DESIGN', 'LUNCH BAG WOODLAND'})",frozenset({'LUNCH BAG SUKI DESIGN'}),0.016927362331262054,0.06433469037925862,0.010552817655881723,0.6234177215189873,9.690226499014534,1.0,0.009463801041362453,2.484623847396254,0.9122451418177633,0.14924242424242426,0.5975245906747841,0.39372384826990164
frozenset({'LUNCH BAG WOODLAND'}),"frozenset({'LUNCH BAG SUKI DESIGN', 'LUNCH BAG APPLE DESIGN'})",0.04665738161559889,0.022391257767302334,0.010552817655881723,0.2261768082663605,10.101121188316789,1.0,0.009508100197379455,1.263348982914955,0.9450968323241612,0.1804029304029304,0.20845307708035166,0.3487343371475343
frozenset({'LUNCH BAG APPLE DESIGN'}),"frozenset({'LUNCH BAG SUKI DESIGN', 'LUNCH BAG WOODLAND'})",0.04901435611742019,0.02185558174416113,0.010552817655881723,0.21530054644808744,9.85105539483553,1.0,0.009481580389120023,1.2465210901171206,0.9447966326417699,0.17495559502664298,0.19776728374002717,0.3490718418514947
"frozenset({'LUNCH BAG CARS BLUE', 'LUNCH BAG BLACK SKULL.'})",frozenset({'LUNCH BAG PINK POLKADOT'}),0.02694450396400257,0.05388900792800514,0.016070280694236126,0.5964214711729623,11.067590480971035,1.0,0.014618268106503825,2.344304576414845,0.9348347554821543,0.2481389578163772,0.5734342670058238,0.4473161033797217
"frozenset({'LUNCH BAG PINK POLKADOT', 'LUNCH BAG BLACK SKULL.'})",frozenset({'LUNCH BAG CARS BLUE'}),0.02796228840797086,0.057049496464538246,0.016070280694236126,0.5747126436781609,10.073930171064703,1.0,0.014475046220565193,2.217207940745545,0.9266449906315442,0.23310023310023315,0.5489823116618705,0.4282013922616157
"frozenset({'LUNCH BAG CARS BLUE', 'LUNCH BAG PINK POLKADOT'})",frozenset({'LUNCH BAG BLACK SKULL.'}),0.0251767730876366,0.06513820441397043,0.016070280694236126,0.6382978723404255,9.79913213885778,1.0,0.014430310902369504,2.584617905443728,0.9211415173828624,0.21645021645021648,0.6130956154510121,0.4425041993281075
frozenset({'LUNCH BAG BLACK SKULL.'}),"frozenset({'LUNCH BAG CARS BLUE', 'LUNCH BAG PINK POLKADOT'})",0.06513820441397043,0.0251767730876366,0.016070280694236126,0.24671052631578946,9.799132138857782,1.0,0.014430310902369504,1.2940884759011289,0.9605164642065858,0.21645021645021648,0.22725530856485093,0.4425041993281075
frozenset({'LUNCH BAG CARS BLUE'}),"frozenset({'LUNCH BAG PINK POLKADOT', 'LUNCH BAG BLACK SKULL.'})",0.057049496464538246,0.02796228840797086,0.016070280694236126,0.28169014084507044,10.073930171064703,1.0,0.014475046220565193,1.3532289710398837,0.9552292222916547,0.23310023310023315,0.2610267579243786,0.4282013922616157
frozenset({'LUNCH BAG PINK POLKADOT'}),"frozenset({'LUNCH BAG CARS BLUE', 'LUNCH BAG BLACK SKULL.'})",0.05388900792800514,0.02694450396400257,0.016070280694236126,0.29821073558648115,11.067590480971035,1.0,0.014618268106503825,1.3865351685725402,0.9614581210130978,0.2481389578163772,0.2787777600841415,0.4473161033797217
"frozenset({'LUNCH BAG CARS BLUE', 'LUNCH BAG BLACK SKULL.'})",frozenset({'LUNCH BAG RED RETROSPOT'}),0.02694450396400257,0.07456610242125562,0.01649882151274909,0.6123260437375746,8.211855304951898,1.0,0.014489674870479346,2.387144874267223,0.9025434240958601,0.1940768746061752,0.5810895221401391,0.41679520577683327
"frozenset({'LUNCH BAG CARS BLUE', 'LUNCH BAG RED RETROSPOT'})",frozenset({'LUNCH BAG BLACK SKULL.'}),0.027265909577887295,0.06513820441397043,0.01649882151274909,0.6051080550098232,9.28960293661462,1.0,0.014722769121131834,2.367386338076065,0.917365579516579,0.21736062103034579,0.5775932369312045,0.42919876434701687
"frozenset({'LUNCH BAG BLACK SKULL.', 'LUNCH BAG RED RETROSPOT'})",frozenset({'LUNCH BAG CARS BLUE'}),0.0325155346046711,0.057049496464538246,0.01649882151274909,0.5074135090609555,8.894267969154852,1.0,0.014643826636277335,1.914284132595402,0.917397714958758,0.22580645161290322,0.47761150867181257,0.3983076934976139
frozenset({'LUNCH BAG CARS BLUE'}),"frozenset({'LUNCH BAG BLACK SKULL.', 'LUNCH BAG RED RETROSPOT'})",0.057049496464538246,0.0325155346046711,0.01649882151274909,0.2892018779342723,8.894267969154852,1.0,0.014643826636277335,1.3611241157807468,0.9412668368954229,0.22580645161290322,0.2653131419786831,0.3983076934976139
frozenset({'LUNCH BAG BLACK SKULL.'}),"frozenset({'LUNCH BAG CARS BLUE', 'LUNCH BAG RED RETROSPOT'})",0.06513820441397043,0.027265909577887295,0.01649882151274909,0.2532894736842105,9.289602936614619,1.0,0.014722769121131834,1.3026923501688206,0.9545290831103346,0.21736062103034579,0.23235904481176506,0.42919876434701687
frozenset({'LUNCH BAG RED RETROSPOT'}),"frozenset({'LUNCH BAG CARS BLUE', 'LUNCH BAG BLACK SKULL.'})",0.07456610242125562,0.02694450396400257,0.01649882151274909,0.22126436781609196,8.211855304951898,1.0,0.014489674870479346,1.249532518894934,0.9489871092093829,0.1940768746061752,0.19970070015914146,0.41679520577683327
"frozenset({'LUNCH BAG CARS BLUE', 'LUNCH BAG BLACK SKULL.'})",frozenset({'LUNCH BAG SPACEBOY DESIGN'}),0.02694450396400257,0.055603171202056996,0.014516820227126633,0.5387673956262425,9.689508421532462,1.0,0.013018620360261695,2.047550021057609,0.9216284103386039,0.21338582677165355,0.5116114430828529,0.3999231968497301
"frozenset({'LUNCH BAG SPACEBOY DESIGN', 'LUNCH BAG BLACK SKULL.'})",frozenset({'LUNCH BAG CARS BLUE'}),0.025873151917720164,0.057049496464538246,0.014516820227126633,0.5610766045548654,9.834908970732608,1.0,0.013040769938270195,2.1483259113567357,0.9221811090808185,0.21221613155833988,0.5345212778407219,0.40776834922578953
"frozenset({'LUNCH BAG CARS BLUE', 'LUNCH BAG SPACEBOY DESIGN'})",frozenset({'LUNCH BAG BLACK SKULL.'}),0.02431969145061067,0.06513820441397043,0.014516820227126633,0.5969162995594713,9.163843322513332,1.0,0.012932679194132067,2.3192746185576905,0.9130813368087562,0.1937097927090779,0.5688307059463793,0.40988907083236725
frozenset({'LUNCH BAG BLACK SKULL.'}),"frozenset({'LUNCH BAG CARS BLUE', 'LUNCH BAG SPACEBOY DESIGN'})",0.06513820441397043,0.02431969145061067,0.014516820227126633,0.22286184210526314,9.163843322513332,1.0,0.012932679194132067,1.255478576927045,0.9529488579323108,0.1937097927090779,0.20349098871313562,0.40988907083236725
frozenset({'LUNCH BAG CARS BLUE'}),"frozenset({'LUNCH BAG SPACEBOY DESIGN', 'LUNCH BAG BLACK SKULL.'})",0.057049496464538246,0.025873151917720164,0.014516820227126633,0.2544600938967136,9.834908970732608,1.0,0.013040769938270195,1.3066059108408414,0.952670764564829,0.21221613155833988,0.23465829160648058,0.40776834922578953
frozenset({'LUNCH BAG SPACEBOY DESIGN'}),"frozenset({'LUNCH BAG CARS BLUE', 'LUNCH BAG BLACK SKULL.'})",0.055603171202056996,0.02694450396400257,0.014516820227126633,0.2610789980732177,9.689508421532462,1.0,0.013018620360261695,1.316859980293827,0.949596147124262,0.21338582677165355,0.24061782196701503,0.3999231968497301
"frozenset({'LUNCH BAG SUKI DESIGN', 'LUNCH BAG CARS BLUE'})",frozenset({'LUNCH BAG BLACK SKULL.'}),0.02689093636168845,0.06513820441397043,0.01623098350117849,0.603585657370518,9.266231128119102,1.0,0.014479356191567755,2.3582945798200345,0.9167330693214648,0.2141342756183746,0.5759647634536345,0.42638164447473265
"frozenset({'LUNCH BAG SUKI DESIGN', 'LUNCH BAG BLACK SKULL.'})",frozenset({'LUNCH BAG CARS BLUE'}),0.03026569530747804,0.057049496464538246,0.01623098350117849,0.536283185840708,9.400314096971208,1.0,0.014504340823737728,2.033461963731053,0.9215107391532392,0.2283345892991711,0.5082278312375355,0.4103951140471146
"frozenset({'LUNCH BAG CARS BLUE', 'LUNCH BAG BLACK SKULL.'})",frozenset({'LUNCH BAG SUKI DESIGN'}),0.02694450396400257,0.06433469037925862,0.01623098350117849,0.6023856858846919,9.363310561278459,1.0,0.014497517181231677,2.353198253696165,0.9179334283552221,0.21627408993576022,0.5750464295010836,0.4273377222096232
frozenset({'LUNCH BAG SUKI DESIGN'}),"frozenset({'LUNCH BAG CARS BLUE', 'LUNCH BAG BLACK SKULL.'})",0.06433469037925862,0.02694450396400257,0.01623098350117849,0.25228975853455454,9.363310561278459,1.0,0.014497517181231677,1.301380457393355,0.9546150298318319,0.21627408993576022,0.23158520299053478,0.4273377222096232
frozenset({'LUNCH BAG CARS BLUE'}),"frozenset({'LUNCH BAG SUKI DESIGN', 'LUNCH BAG BLACK SKULL.'})",0.057049496464538246,0.03026569530747804,0.01623098350117849,0.28450704225352114,9.400314096971208,1.0,0.014504340823737728,1.3553373156135644,0.9476855598983747,0.2283345892991711,0.26217629480134413,0.4103951140471146
frozenset({'LUNCH BAG BLACK SKULL.'}),"frozenset({'LUNCH BAG SUKI DESIGN', 'LUNCH BAG CARS BLUE'})",0.06513820441397043,0.02689093636168845,0.01623098350117849,0.24917763157894737,9.266231128119102,1.0,0.014479356191567755,1.2960576356891422,0.954238651002391,0.2141342756183746,0.22842937500362157,0.42638164447473265
"frozenset({'LUNCH BAG CARS BLUE', 'LUNCH BAG BLACK SKULL.'})",frozenset({'LUNCH BAG WOODLAND'}),0.02694450396400257,0.04665738161559889,0.013177630169273624,0.48906560636182905,10.482062846799797,1.0,0.01192047016538214,1.8658806889002093,0.9296478307475066,0.21808510638297873,0.4640600516695299,0.3857497951441752
"frozenset({'LUNCH BAG CARS BLUE', 'LUNCH BAG WOODLAND'})",frozenset({'LUNCH BAG BLACK SKULL.'}),0.02169487893721877,0.06513820441397043,0.013177630169273624,0.6074074074074075,9.324902534113061,1.0,0.011764464710324727,2.3812517434738494,0.9125581109613867,0.17890909090909093,0.5800528009100093,0.4048550194931774
"frozenset({'LUNCH BAG BLACK SKULL.', 'LUNCH BAG WOODLAND'})",frozenset({'LUNCH BAG CARS BLUE'}),0.022551960574244696,0.057049496464538246,0.013177630169273624,0.5843230403800476,10.242387340671106,1.0,0.011891052174224846,2.26846949707674,0.9231861702625357,0.19838709677419356,0.5591741474643372,0.40765447793650267
frozenset({'LUNCH BAG CARS BLUE'}),"frozenset({'LUNCH BAG BLACK SKULL.', 'LUNCH BAG WOODLAND'})",0.057049496464538246,0.022551960574244696,0.013177630169273624,0.23098591549295777,10.242387340671106,1.0,0.011891052174224846,1.2710404908283632,0.9569606344816503,0.19838709677419356,0.2132430027085294,0.40765447793650267
frozenset({'LUNCH BAG BLACK SKULL.'}),"frozenset({'LUNCH BAG CARS BLUE', 'LUNCH BAG WOODLAND'})",0.06513820441397043,0.02169487893721877,0.013177630169273624,0.20230263157894737,9.324902534113061,1.0,0.011764464710324727,1.2264113682601463,0.9549649771079421,0.17890909090909093,0.18461290731620159,0.4048550194931774
frozenset({'LUNCH BAG WOODLAND'}),"frozenset({'LUNCH BAG CARS BLUE', 'LUNCH BAG BLACK SKULL.'})",0.04665738161559889,0.02694450396400257,0.013177630169273624,0.28243398392652125,10.4820628467998,1.0,0.01192047016538214,1.356050139275766,0.94887075605599,0.21808510638297873,0.2625641404866666,0.3857497951441752
"frozenset({'LUNCH BAG CARS BLUE', 'LUNCH BAG BLACK SKULL.'})",frozenset({'RED RETROSPOT CHARLOTTE BAG'}),0.02694450396400257,0.04847868009427898,0.01012427683736876,0.3757455268389662,7.7507375635688645,1.0,0.008818042849398846,1.524252305454069,0.8950979920977169,0.15504511894995898,0.3439406347480618,0.29229265292224554
"frozenset({'LUNCH BAG CARS BLUE', 'RED RETROSPOT CHARLOTTE BAG'})",frozenset({'LUNCH BAG BLACK SKULL.'}),0.015106063852581958,0.06513820441397043,0.01012427683736876,0.6702127659574468,10.289088745800672,1.0,0.009140294962248786,2.8347422188737674,0.9166567384776892,0.1443850267379679,0.6472342376170993,0.4128201987681971
"frozenset({'RED RETROSPOT CHARLOTTE BAG', 'LUNCH BAG BLACK SKULL.'})",frozenset({'LUNCH BAG CARS BLUE'}),0.018320119991429185,0.057049496464538246,0.01012427683736876,0.5526315789473684,9.686879169755374,1.0,0.009079123216687803,2.1077717137851493,0.9135030635630875,0.15517241379310345,0.5255653193086106,0.36504818383988136
frozenset({'RED RETROSPOT CHARLOTTE BAG'}),"frozenset({'LUNCH BAG CARS BLUE', 'LUNCH BAG BLACK SKULL.'})",0.04847868009427898,0.02694450396400257,0.01012427683736876,0.20883977900552486,7.750737563568864,1.0,0.008818042849398846,1.2299095306041588,0.9153552342765877,0.15504511894995898,0.18693206685797623,0.29229265292224554
"frozenset({'LUNCH BAG PINK POLKADOT', 'LUNCH BAG BLACK SKULL.'})",frozenset({'LUNCH BAG RED RETROSPOT'}),0.02796228840797086,0.07456610242125562,0.018534390400685666,0.6628352490421456,8.889230193332454,1.0,0.01644935153932422,2.744752809864231,0.9130348636524936,0.22066326530612243,0.6356684666079402,0.45569923371647514
"frozenset({'LUNCH BAG BLACK SKULL.', 'LUNCH BAG RED RETROSPOT'})",frozenset({'LUNCH BAG PINK POLKADOT'}),0.0325155346046711,0.05388900792800514,0.018534390400685666,0.5700164744645799,10.577601933702564,1.0,0.01678216049859122,2.2003424221750993,0.9358916299387464,0.27308602999210735,0.5455252828278099,0.45697642808716077
"frozenset({'LUNCH BAG PINK POLKADOT', 'LUNCH BAG RED RETROSPOT'})",frozenset({'LUNCH BAG BLACK SKULL.'}),0.029676451682022712,0.06513820441397043,0.018534390400685666,0.624548736462094,9.588055766673001,1.0,0.016601319624740755,2.489968436320483,0.9230978370129833,0.24297752808988765,0.5983884833987148,0.45454410507315224
frozenset({'LUNCH BAG BLACK SKULL.'}),"frozenset({'LUNCH BAG PINK POLKADOT', 'LUNCH BAG RED RETROSPOT'})",0.06513820441397043,0.029676451682022712,0.018534390400685666,0.2845394736842105,9.588055766673,1.0,0.016601319624740755,1.3562223387984602,0.958113352031468,0.24297752808988765,0.2626577727027074,0.45454410507315224
frozenset({'LUNCH BAG PINK POLKADOT'}),"frozenset({'LUNCH BAG BLACK SKULL.', 'LUNCH BAG RED RETROSPOT'})",0.05388900792800514,0.0325155346046711,0.018534390400685666,0.34393638170974156,10.577601933702562,1.0,0.01678216049859122,1.474680866951062,0.9570342389493658,0.27308602999210735,0.3218871808735649,0.45697642808716077
frozenset({'LUNCH BAG RED RETROSPOT'}),"frozenset({'LUNCH BAG PINK POLKADOT', 'LUNCH BAG BLACK SKULL.'})",0.07456610242125562,0.02796228840797086,0.018534390400685666,0.2485632183908046,8.889230193332454,1.0,0.01644935153932422,1.2935721745087043,0.9590142762119789,0.22066326530612243,0.2269468842124733,0.45569923371647514
"frozenset({'LUNCH BAG SPACEBOY DESIGN', 'LUNCH BAG BLACK SKULL.'})",frozenset({'LUNCH BAG PINK POLKADOT'}),0.025873151917720164,0.05388900792800514,0.013606170987786586,0.525879917184265,9.7585748449263,1.0,0.012211892498970082,1.9955092103527228,0.9213646273319492,0.20566801619433198,0.49887477601607166,0.3891825033237428
"frozenset({'LUNCH BAG PINK POLKADOT', 'LUNCH BAG BLACK SKULL.'})",frozenset({'LUNCH BAG SPACEBOY DESIGN'}),0.02796228840797086,0.055603171202056996,0.013606170987786586,0.4865900383141762,8.751120265172487,1.0,0.012051379078236888,1.8394594948974854,0.9112083876102064,0.19448698315467075,0.45636204397328656,0.36564569353088383
"frozenset({'LUNCH BAG PINK POLKADOT', 'LUNCH BAG SPACEBOY DESIGN'})",frozenset({'LUNCH BAG BLACK SKULL.'}),0.021105635311763446,0.06513820441397043,0.013606170987786586,0.6446700507614213,9.896957654288004,1.0,0.012231387800562226,2.630968196149254,0.9183410189081513,0.1873156342182891,0.6199117870510091,0.4267758148543948
frozenset({'LUNCH BAG BLACK SKULL.'}),"frozenset({'LUNCH BAG PINK POLKADOT', 'LUNCH BAG SPACEBOY DESIGN'})",0.06513820441397043,0.021105635311763446,0.013606170987786586,0.2088815789473684,9.896957654288002,1.0,0.012231387800562226,1.2373550389406398,0.9615954492051088,0.1873156342182891,0.19182452204166978,0.4267758148543948
frozenset({'LUNCH BAG SPACEBOY DESIGN'}),"frozenset({'LUNCH BAG PINK POLKADOT', 'LUNCH BAG BLACK SKULL.'})",0.055603171202056996,0.02796228840797086,0.013606170987786586,0.2447013487475915,8.751120265172487,1.0,0.012051379078236888,1.2869580926435285,0.9378779013939197,0.19448698315467075,0.22297392143833564,0.36564569353088383
frozenset({'LUNCH BAG PINK POLKADOT'}),"frozenset({'LUNCH BAG SPACEBOY DESIGN', 'LUNCH BAG BLACK SKULL.'})",0.05388900792800514,0.025873151917720164,0.013606170987786586,0.2524850894632207,9.7585748449263,1.0,0.012211892498970082,1.3031537355994327,0.9486477039990655,0.20566801619433198,0.2326308303601542,0.3891825033237428
"frozenset({'LUNCH BAG SUKI DESIGN', 'LUNCH BAG BLACK SKULL.'})",frozenset({'LUNCH BAG PINK POLKADOT'}),0.03026569530747804,0.05388900792800514,0.014998928647953718,0.49557522123893805,9.196220904660533,1.0,0.013367940353582446,1.8756235456865864,0.9190761594368732,0.21688613477924087,0.4668439718088832,0.3869526205598269
"frozenset({'LUNCH BAG SUKI DESIGN', 'LUNCH BAG PINK POLKADOT'})",frozenset({'LUNCH BAG BLACK SKULL.'}),0.02330190700664238,0.06513820441397043,0.014998928647953718,0.6436781609195403,9.881730187537812,1.0,0.013481084266119717,2.6236443940640193,0.9202466485414985,0.20423048869438368,0.6188507854713488,0.4369706594071386
"frozenset({'LUNCH BAG PINK POLKADOT', 'LUNCH BAG BLACK SKULL.'})",frozenset({'LUNCH BAG SUKI DESIGN'}),0.02796228840797086,0.06433469037925862,0.014998928647953718,0.5363984674329502,8.337624138250053,1.0,0.01319998348093138,2.0182532711654004,0.9053782022011935,0.19404019404019404,0.5045220467188591,0.38476875911197883
frozenset({'LUNCH BAG SUKI DESIGN'}),"frozenset({'LUNCH BAG PINK POLKADOT', 'LUNCH BAG BLACK SKULL.'})",0.06433469037925862,0.02796228840797086,0.014998928647953718,0.2331390507910075,8.337624138250053,1.0,0.01319998348093138,1.2675540625646329,0.940573244240159,0.19404019404019404,0.21107901466805512,0.38476875911197883
frozenset({'LUNCH BAG BLACK SKULL.'}),"frozenset({'LUNCH BAG SUKI DESIGN', 'LUNCH BAG PINK POLKADOT'})",0.06513820441397043,0.02330190700664238,0.014998928647953718,0.23026315789473684,9.88173018753781,1.0,0.013481084266119717,1.2688727361964989,0.9614288988572738,0.20423048869438368,0.21189889933521347,0.4369706594071386
frozenset({'LUNCH BAG PINK POLKADOT'}),"frozenset({'LUNCH BAG SUKI DESIGN', 'LUNCH BAG BLACK SKULL.'})",0.05388900792800514,0.03026569530747804,0.014998928647953718,0.2783300198807157,9.196220904660532,1.0,0.013367940353582446,1.3437365158687014,0.9420244431143536,0.21688613477924087,0.2558064857279567,0.3869526205598269
"frozenset({'LUNCH BAG PINK POLKADOT', 'LUNCH BAG BLACK SKULL.'})",frozenset({'LUNCH BAG WOODLAND'}),0.02796228840797086,0.04665738161559889,0.01269552174844654,0.4540229885057471,9.731000171556012,1.0,0.011390874587350407,1.746122269461956,0.9230461223800761,0.20501730103806226,0.4273024189147208,0.36306201090040513
"frozenset({'LUNCH BAG BLACK SKULL.', 'LUNCH BAG WOODLAND'})",frozenset({'LUNCH BAG PINK POLKADOT'}),0.022551960574244696,0.05388900792800514,0.01269552174844654,0.5629453681710215,10.44638581810798,1.0,0.011480218966269008,2.1647430851212497,0.9251367602419587,0.19915966386554626,0.5380514173375965,0.3992659246421708
"frozenset({'LUNCH BAG PINK POLKADOT', 'LUNCH BAG WOODLAND'})",frozenset({'LUNCH BAG BLACK SKULL.'}),0.019498607242339833,0.06513820441397043,0.01269552174844654,0.6510989010989011,9.995653195488721,1.0,0.011425417484107284,2.679446406246573,0.9178533755274262,0.17647058823529413,0.6267885792868603,0.4230001084441874
frozenset({'LUNCH BAG PINK POLKADOT'}),"frozenset({'LUNCH BAG BLACK SKULL.', 'LUNCH BAG WOODLAND'})",0.05388900792800514,0.022551960574244696,0.01269552174844654,0.2355864811133201,10.44638581810798,1.0,0.011480218966269008,1.278690153006905,0.9557790999963209,0.19915966386554626,0.21794971389398035,0.3992659246421708
frozenset({'LUNCH BAG WOODLAND'}),"frozenset({'LUNCH BAG PINK POLKADOT', 'LUNCH BAG BLACK SKULL.'})",0.04665738161559889,0.02796228840797086,0.01269552174844654,0.27210103329506313,9.731000171556012,1.0,0.011390874587350407,1.3354019665562418,0.9411470998881193,0.20501730103806226,0.25116180367862,0.36306201090040513
"frozenset({'LUNCH BAG SPACEBOY DESIGN', 'LUNCH BAG BLACK SKULL.'})",frozenset({'LUNCH BAG RED RETROSPOT'}),0.025873151917720164,0.07456610242125562,0.015963145489607884,0.6169772256728777,8.274231931653219,1.0,0.014033885393750455,2.41613282448937,0.9024932046287872,0.18896639188332273,0.5861154693714564,0.4155288427214963
"frozenset({'LUNCH BAG BLACK SKULL.', 'LUNCH BAG RED RETROSPOT'})",frozenset({'LUNCH BAG SPACEBOY DESIGN'}),0.0325155346046711,0.055603171202056996,0.015963145489607884,0.4909390444810543,8.829335339472372,1.0,0.014155178652257948,1.8551743530108455,0.9165430797717949,0.22123236822568668,0.4609671062037619,0.3890148016239568
"frozenset({'LUNCH BAG SPACEBOY DESIGN', 'LUNCH BAG RED RETROSPOT'})",frozenset({'LUNCH BAG BLACK SKULL.'}),0.02683736875937433,0.06513820441397043,0.015963145489607884,0.5948103792415169,9.13151328921105,1.0,0.014215007477426654,2.30722049058424,0.9150465683223102,0.2100070472163495,0.5665780517809212,0.41993808435760055
frozenset({'LUNCH BAG BLACK SKULL.'}),"frozenset({'LUNCH BAG SPACEBOY DESIGN', 'LUNCH BAG RED RETROSPOT'})",0.06513820441397043,0.02683736875937433,0.015963145489607884,0.24506578947368418,9.13151328921105,1.0,0.014215007477426654,1.2890694548895432,0.9525355836987972,0.2100070472163495,0.22424660967109245,0.41993808435760055
frozenset({'LUNCH BAG SPACEBOY DESIGN'}),"frozenset({'LUNCH BAG BLACK SKULL.', 'LUNCH BAG RED RETROSPOT'})",0.055603171202056996,0.0325155346046711,0.015963145489607884,0.2870905587668593,8.82933533947237,1.0,0.014155178652257948,1.3570930744329073,0.9389497767304815,0.22123236822568668,0.2631308649055827,0.3890148016239568
frozenset({'LUNCH BAG RED RETROSPOT'}),"frozenset({'LUNCH BAG SPACEBOY DESIGN', 'LUNCH BAG BLACK SKULL.'})",0.07456610242125562,0.025873151917720164,0.015963145489607884,0.21408045977011492,8.274231931653219,1.0,0.014033885393750455,1.2394740151101769,0.9499790996859514,0.18896639188332273,0.19320616018633519,0.4155288427214963
"frozenset({'LUNCH BAG SUKI DESIGN', 'LUNCH BAG BLACK SKULL.'})",frozenset({'LUNCH BAG RED RETROSPOT'}),0.03026569530747804,0.07456610242125562,0.018480822798371543,0.6106194690265486,8.188968568812939,1.0,0.01622402786222362,2.376682509690866,0.9052835345570875,0.2140198511166253,0.5792454415250989,0.42923214830637774
"frozenset({'LUNCH BAG SUKI DESIGN', 'LUNCH BAG RED RETROSPOT'})",frozenset({'LUNCH BAG BLACK SKULL.'}),0.03224769659310049,0.06513820441397043,0.018480822798371543,0.5730897009966777,8.798058008393074,1.0,0.016380265745810467,2.189831910283228,0.9158733596779601,0.23421588594704681,0.5433439455767808,0.42840340312991776
"frozenset({'LUNCH BAG BLACK SKULL.', 'LUNCH BAG RED RETROSPOT'})",frozenset({'LUNCH BAG SUKI DESIGN'}),0.0325155346046711,0.06433469037925862,0.018480822798371543,0.5683690280065897,8.834565374543727,1.0,0.016388945947063957,2.1677436753427095,0.9166123820322271,0.23581681476418315,0.5386908464434085,0.4278148220798977
frozenset({'LUNCH BAG SUKI DESIGN'}),"frozenset({'LUNCH BAG BLACK SKULL.', 'LUNCH BAG RED RETROSPOT'})",0.06433469037925862,0.0325155346046711,0.018480822798371543,0.28726061615320564,8.834565374543727,1.0,0.016388945947063957,1.3574168725932128,0.9477836051917362,0.23581681476418315,0.26330663763623513,0.4278148220798977
frozenset({'LUNCH BAG BLACK SKULL.'}),"frozenset({'LUNCH BAG SUKI DESIGN', 'LUNCH BAG RED RETROSPOT'})",0.06513820441397043,0.03224769659310049,0.018480822798371543,0.28371710526315785,8.798058008393074,1.0,0.016380265745810467,1.3510755464325945,0.9480958122818032,0.23421588594704681,0.25984893839547385,0.42840340312991776
frozenset({'LUNCH BAG RED RETROSPOT'}),"frozenset({'LUNCH BAG SUKI DESIGN', 'LUNCH BAG BLACK SKULL.'})",0.07456610242125562,0.03026569530747804,0.018480822798371543,0.24784482758620688,8.188968568812937,1.0,0.01622402786222362,1.289274261826161,0.9486193462657418,0.2140198511166253,0.2243698415389333,0.42923214830637774
"frozenset({'LUNCH BAG VINTAGE LEAF DESIGN', 'LUNCH BAG BLACK SKULL.'})",frozenset({'LUNCH BAG RED RETROSPOT'}),0.015481037068780802,0.07456610242125562,0.01017784443968288,0.6574394463667821,8.816867517798196,1.0,0.009023483844024916,2.7015191555581533,0.9005220489059309,0.12743125419181758,0.629837901410922,0.39696684962017265
"frozenset({'LUNCH BAG VINTAGE LEAF DESIGN', 'LUNCH BAG RED RETROSPOT'})",frozenset({'LUNCH BAG BLACK SKULL.'}),0.015588172273409043,0.06513820441397043,0.01017784443968288,0.6529209621993127,10.023625429553265,1.0,0.009162458887697376,2.69351269817361,0.9144909397616585,0.1442672741078208,0.6287375958249353,0.40458548109965636
"frozenset({'LUNCH BAG BLACK SKULL.', 'LUNCH BAG RED RETROSPOT'})",frozenset({'LUNCH BAG VINTAGE LEAF DESIGN'}),0.0325155346046711,0.033372616241697024,0.01017784443968288,0.31301482701812194,9.379391317454735,1.0,0.009092715981427572,1.4070571269575296,0.9234083908625447,0.18269230769230768,0.2892968019270879,0.3089953749857865
frozenset({'LUNCH BAG VINTAGE LEAF DESIGN'}),"frozenset({'LUNCH BAG BLACK SKULL.', 'LUNCH BAG RED RETROSPOT'})",0.033372616241697024,0.0325155346046711,0.01017784443968288,0.30497592295345105,9.379391317454735,1.0,0.009092715981427572,1.3920157550607157,0.9242271514196965,0.18269230769230768,0.2816173262662656,0.3089953749857865
"frozenset({'LUNCH BAG BLACK SKULL.', 'LUNCH BAG WOODLAND'})",frozenset({'LUNCH BAG RED RETROSPOT'}),0.022551960574244696,0.07456610242125562,0.014570387829440755,0.6460807600950119,8.664537090124773,1.0,0.012888776027461506,2.6148165830916206,0.9049964700079627,0.1765087605451006,0.6175639980003289,0.4207415294727933
"frozenset({'LUNCH BAG RED RETROSPOT', 'LUNCH BAG WOODLAND'})",frozenset({'LUNCH BAG BLACK SKULL.'}),0.02442682665523891,0.06513820441397043,0.014570387829440755,0.5964912280701755,9.157317636195753,1.0,0.012979268201587181,2.3168314064523345,0.9131018979082958,0.19428571428571428,0.568376016824091,0.41008771929824567
"frozenset({'LUNCH BAG BLACK SKULL.', 'LUNCH BAG RED RETROSPOT'})",frozenset({'LUNCH BAG WOODLAND'}),0.0325155346046711,0.04665738161559889,0.014570387829440755,0.44810543657331137,9.604170252526494,1.0,0.013053298122955404,1.727399908535318,0.925987543846507,0.22553897180762855,0.42109525706302053,0.3801950833842447
frozenset({'LUNCH BAG WOODLAND'}),"frozenset({'LUNCH BAG BLACK SKULL.', 'LUNCH BAG RED RETROSPOT'})",0.04665738161559889,0.0325155346046711,0.014570387829440755,0.31228473019517794,9.604170252526494,1.0,0.013053298122955404,1.4068096316516385,0.9397236067546083,0.22553897180762855,0.28917177029420194,0.3801950833842447
frozenset({'LUNCH BAG BLACK SKULL.'}),"frozenset({'LUNCH BAG RED RETROSPOT', 'LUNCH BAG WOODLAND'})",0.06513820441397043,0.02442682665523891,0.014570387829440755,0.2236842105263158,9.157317636195753,1.0,0.012979268201587181,1.2566705283763024,0.9528656752639173,0.19428571428571428,0.20424647716369773,0.41008771929824567
"frozenset({'RED RETROSPOT CHARLOTTE BAG', 'LUNCH BAG BLACK SKULL.'})",frozenset({'LUNCH BAG RED RETROSPOT'}),0.018320119991429185,0.07456610242125562,0.011142061281337047,0.6081871345029239,8.156348726221685,1.0,0.009776001337686446,2.3619283057606757,0.8937700954507676,0.1363040629095675,0.5766171235760931,0.3788062109296229
"frozenset({'LUNCH BAG BLACK SKULL.', 'LUNCH BAG RED RETROSPOT'})",frozenset({'RED RETROSPOT CHARLOTTE BAG'}),0.0325155346046711,0.04847868009427898,0.011142061281337047,0.34266886326194396,7.06844457389389,1.0,0.00956575108114274,1.4475524841673497,0.8873797877279135,0.15950920245398773,0.3091787614352289,0.2862515587027952
"frozenset({'RED RETROSPOT CHARLOTTE BAG', 'LUNCH BAG RED RETROSPOT'})",frozenset({'LUNCH BAG BLACK SKULL.'}),0.01933790443539747,0.06513820441397043,0.011142061281337047,0.5761772853185596,8.845458521650388,1.0,0.009882424909286302,2.205785020957887,0.9044375627649786,0.15193571950328708,0.5466466629799949,0.3736149584487535
frozenset({'RED RETROSPOT CHARLOTTE BAG'}),"frozenset({'LUNCH BAG BLACK SKULL.', 'LUNCH BAG RED RETROSPOT'})",0.04847868009427898,0.0325155346046711,0.011142061281337047,0.22983425414364642,7.06844457389389,1.0,0.00956575108114274,1.2562029285262162,0.9022668663037688,0.15950920245398773,0.20395027165459226,0.2862515587027952
"frozenset({'LUNCH BAG SUKI DESIGN', 'LUNCH BAG BLACK SKULL.'})",frozenset({'LUNCH BAG SPACEBOY DESIGN'}),0.03026569530747804,0.055603171202056996,0.016016713091922007,0.5292035398230088,9.517506436816888,1.0,0.014333844454191013,2.005955670191119,0.9228615076456775,0.22929447852760737,0.5014844969606312,0.4086287448633349
"frozenset({'LUNCH BAG SUKI DESIGN', 'LUNCH BAG SPACEBOY DESIGN'})",frozenset({'LUNCH BAG BLACK SKULL.'}),0.026408827940861367,0.06513820441397043,0.016016713091922007,0.6064908722109534,9.310831909896446,1.0,0.014296489459176805,2.375705490844911,0.9168100914096967,0.2120567375886525,0.5790724044484344,0.42618951505284514
"frozenset({'LUNCH BAG SPACEBOY DESIGN', 'LUNCH BAG BLACK SKULL.'})",frozenset({'LUNCH BAG SUKI DESIGN'}),0.025873151917720164,0.06433469037925862,0.016016713091922007,0.6190476190476191,9.622298877919194,1.0,0.014352171874159958,2.456121437754446,0.9198747911423194,0.21588447653429607,0.5928540076934191,0.43400340985686536
frozenset({'LUNCH BAG SUKI DESIGN'}),"frozenset({'LUNCH BAG SPACEBOY DESIGN', 'LUNCH BAG BLACK SKULL.'})",0.06433469037925862,0.025873151917720164,0.016016713091922007,0.2489592006661116,9.622298877919194,1.0,0.014352171874159958,1.297035858699355,0.9576872431970617,0.21588447653429607,0.2290112927156982,0.43400340985686536
frozenset({'LUNCH BAG BLACK SKULL.'}),"frozenset({'LUNCH BAG SUKI DESIGN', 'LUNCH BAG SPACEBOY DESIGN'})",0.06513820441397043,0.026408827940861367,0.016016713091922007,0.24588815789473686,9.310831909896446,1.0,0.014296489459176805,1.291043473526622,0.9547916233882213,0.2120567375886525,0.22543274451603565,0.42618951505284514
frozenset({'LUNCH BAG SPACEBOY DESIGN'}),"frozenset({'LUNCH BAG SUKI DESIGN', 'LUNCH BAG BLACK SKULL.'})",0.055603171202056996,0.03026569530747804,0.016016713091922007,0.2880539499036609,9.517506436816888,1.0,0.014333844454191013,1.3620895917061406,0.9476212066312932,0.22929447852760737,0.26583390249138494,0.4086287448633349
"frozenset({'LUNCH BAG SPACEBOY DESIGN', 'LUNCH BAG BLACK SKULL.'})",frozenset({'LUNCH BAG WOODLAND'}),0.025873151917720164,0.04665738161559889,0.013124062566959502,0.5072463768115941,10.871728314947001,1.0,0.01191688904433607,1.934724725544814,0.9321355905573669,0.22091974752028853,0.4831306041646816,0.3942661275561989
"frozenset({'LUNCH BAG BLACK SKULL.', 'LUNCH BAG WOODLAND'})",frozenset({'LUNCH BAG SPACEBOY DESIGN'}),0.022551960574244696,0.055603171202056996,0.013124062566959502,0.5819477434679334,10.466089089652582,1.0,0.011870102042207734,2.259040141613261,0.9253211319053845,0.20181219110378912,0.5573341165660455,0.40898928599215556
"frozenset({'LUNCH BAG SPACEBOY DESIGN', 'LUNCH BAG WOODLAND'})",frozenset({'LUNCH BAG BLACK SKULL.'}),0.022444825369616457,0.06513820441397043,0.013124062566959502,0.58472553699284,8.976691056399948,1.0,0.011662046943997556,2.25119018592268,0.9090027857271463,0.17625899280575535,0.5557905297147798,0.39310290007536736
frozenset({'LUNCH BAG BLACK SKULL.'}),"frozenset({'LUNCH BAG SPACEBOY DESIGN', 'LUNCH BAG WOODLAND'})",0.06513820441397043,0.022444825369616457,0.013124062566959502,0.20148026315789472,8.976691056399948,1.0,0.011662046943997556,1.2242091579305316,0.950515232450991,0.17625899280575535,0.18314612047956483,0.39310290007536736
frozenset({'LUNCH BAG SPACEBOY DESIGN'}),"frozenset({'LUNCH BAG BLACK SKULL.', 'LUNCH BAG WOODLAND'})",0.055603171202056996,0.022551960574244696,0.013124062566959502,0.23603082851637763,10.466089089652584,1.0,0.011870102042207734,1.2794338775837757,0.9577047472420619,0.20181219110378912,0.21840431340734026,0.40898928599215556
frozenset({'LUNCH BAG WOODLAND'}),"frozenset({'LUNCH BAG SPACEBOY DESIGN', 'LUNCH BAG BLACK SKULL.'})",0.04665738161559889,0.025873151917720164,0.013124062566959502,0.28128587830080365,10.871728314947003,1.0,0.01191688904433607,1.3553745761656002,0.9524574767818011,0.22091974752028853,0.26219657828536724,0.3942661275561989
"frozenset({'LUNCH BAG SUKI DESIGN', 'LUNCH BAG VINTAGE LEAF DESIGN'})",frozenset({'LUNCH BAG BLACK SKULL.'}),0.015106063852581958,0.06513820441397043,0.01007070923505464,0.6666666666666667,10.234649122807019,1.0,0.009086727359934666,2.8045853867580894,0.9161318394430544,0.1435114503816794,0.643441057376423,0.4106359649122807
"frozenset({'LUNCH BAG SUKI DESIGN', 'LUNCH BAG BLACK SKULL.'})",frozenset({'LUNCH BAG VINTAGE LEAF DESIGN'}),0.03026569530747804,0.033372616241697024,0.01007070923505464,0.3327433628318584,9.97055071804997,1.0,0.009060663800270045,1.448659076454751,0.9277846859754055,0.18799999999999997,0.3097064614765937,0.3172545064560576
"frozenset({'LUNCH BAG VINTAGE LEAF DESIGN', 'LUNCH BAG BLACK SKULL.'})",frozenset({'LUNCH BAG SUKI DESIGN'}),0.015481037068780802,0.06433469037925862,0.01007070923505464,0.6505190311418685,10.111481493219317,1.0,0.009074741508484802,2.677299747330636,0.9152718817614461,0.1443932411674347,0.6264893383727258,0.4035276254793439
frozenset({'LUNCH BAG VINTAGE LEAF DESIGN'}),"frozenset({'LUNCH BAG SUKI DESIGN', 'LUNCH BAG BLACK SKULL.'})",0.033372616241697024,0.03026569530747804,0.01007070923505464,0.3017656500802568,9.97055071804997,1.0,0.009060663800270045,1.3888378662607843,0.9307667592248694,0.18799999999999997,0.2799735488978752,0.3172545064560576
"frozenset({'LUNCH BAG SUKI DESIGN', 'LUNCH BAG BLACK SKULL.'})",frozenset({'LUNCH BAG WOODLAND'}),0.03026569530747804,0.04665738161559889,0.01387400899935719,0.4584070796460177,9.824963677189274,1.0,0.012461890903534745,1.7602567953829629,0.9262521176016176,0.22005097706032284,0.43190107112613685,0.37788321835343364
"frozenset({'LUNCH BAG SUKI DESIGN', 'LUNCH BAG WOODLAND'})",frozenset({'LUNCH BAG BLACK SKULL.'}),0.02185558174416113,0.06513820441397043,0.01387400899935719,0.6348039215686275,9.745493098555212,1.0,0.012450375648119781,2.559890017443625,0.9174396427408477,0.18974358974358974,0.6093582172726988,0.4238986713106295
"frozenset({'LUNCH BAG BLACK SKULL.', 'LUNCH BAG WOODLAND'})",frozenset({'LUNCH BAG SUKI DESIGN'}),0.022551960574244696,0.06433469037925862,0.01387400899935719,0.6152019002375297,9.562522126256624,1.0,0.012423135598367909,2.4315746626563715,0.9160845819474634,0.19002201027146004,0.5887438640656212,0.41542776110960583
frozenset({'LUNCH BAG SUKI DESIGN'}),"frozenset({'LUNCH BAG BLACK SKULL.', 'LUNCH BAG WOODLAND'})",0.06433469037925862,0.022551960574244696,0.01387400899935719,0.21565362198168195,9.562522126256624,1.0,0.012423135598367909,1.246194368737083,0.9569929218981719,0.19002201027146004,0.19755695813854546,0.41542776110960583
frozenset({'LUNCH BAG BLACK SKULL.'}),"frozenset({'LUNCH BAG SUKI DESIGN', 'LUNCH BAG WOODLAND'})",0.06513820441397043,0.02185558174416113,0.01387400899935719,0.21299342105263158,9.745493098555212,1.0,0.012450375648119781,1.2428668888182866,0.9599156472867223,0.18974358974358974,0.19540860811667723,0.4238986713106295
frozenset({'LUNCH BAG WOODLAND'}),"frozenset({'LUNCH BAG SUKI DESIGN', 'LUNCH BAG BLACK SKULL.'})",0.04665738161559889,0.03026569530747804,0.01387400899935719,0.2973593570608496,9.824963677189274,1.0,0.012461890903534745,1.3801283976914813,0.9421780123021904,0.22005097706032284,0.2754297341662675,0.37788321835343364
"frozenset({'LUNCH BAG SUKI DESIGN', 'LUNCH BAG BLACK SKULL.'})",frozenset({'RED RETROSPOT CHARLOTTE BAG'}),0.03026569530747804,0.04847868009427898,0.010231412041997,0.3380530973451327,6.97323228866181,1.0,0.008764171081354851,1.4374586784671988,0.8833290481777772,0.14933541829554337,0.3043278287022991,0.2745514105510194
"frozenset({'LUNCH BAG SUKI DESIGN', 'RED RETROSPOT CHARLOTTE BAG'})",frozenset({'LUNCH BAG BLACK SKULL.'}),0.016284551103492608,0.06513820441397043,0.010231412041997,0.6282894736842105,9.645483466066482,1.0,0.009170665623427951,2.515026423523478,0.9111624040206141,0.14371708051166288,0.6023898633243664,0.3926809210526316
"frozenset({'RED RETROSPOT CHARLOTTE BAG', 'LUNCH BAG BLACK SKULL.'})",frozenset({'LUNCH BAG SUKI DESIGN'}),0.018320119991429185,0.06433469037925862,0.010231412041997,0.5584795321637427,8.680845883790798,1.0,0.009052792794637537,2.1191889794059176,0.9013160714071444,0.14127218934911243,0.5281213663727456,0.35875683519094714
frozenset({'RED RETROSPOT CHARLOTTE BAG'}),"frozenset({'LUNCH BAG SUKI DESIGN', 'LUNCH BAG BLACK SKULL.'})",0.04847868009427898,0.03026569530747804,0.010231412041997,0.2110497237569061,6.97323228866181,1.0,0.008764171081354851,1.229145022054247,0.900236770768581,0.14933541829554337,0.18642635160437068,0.2745514105510194
"frozenset({'STRAWBERRY CHARLOTTE BAG', 'LUNCH BAG BLACK SKULL.'})",frozenset({'RED RETROSPOT CHARLOTTE BAG'}),0.014891793443325477,0.04847868009427898,0.011945575316048854,0.802158273381295,16.546619499980128,1.0,0.011223640825679797,4.8095077624325535,0.9537680109827675,0.23229166666666667,0.7920785141857802,0.5242835565801502
"frozenset({'STRAWBERRY CHARLOTTE BAG', 'RED RETROSPOT CHARLOTTE BAG'})",frozenset({'LUNCH BAG BLACK SKULL.'}),0.024533961859867153,0.06513820441397043,0.011945575316048854,0.48689956331877726,7.474869282923465,1.0,0.010347477093336273,1.821985967567666,0.8880046689962398,0.15368711233631976,0.45114835251174273,0.33514386060675705
"frozenset({'RED RETROSPOT CHARLOTTE BAG', 'LUNCH BAG BLACK SKULL.'})",frozenset({'STRAWBERRY CHARLOTTE BAG'}),0.018320119991429185,0.03605099635740304,0.011945575316048854,0.652046783625731,18.086789534509876,1.0,0.011285116736970654,2.7703408339980515,0.9623412349040718,0.2815656565656566,0.6390335847027033,0.49169946907883877
frozenset({'STRAWBERRY CHARLOTTE BAG'}),"frozenset({'RED RETROSPOT CHARLOTTE BAG', 'LUNCH BAG BLACK SKULL.'})",0.03605099635740304,0.018320119991429185,0.011945575316048854,0.33135215453194655,18.086789534509876,1.0,0.011285116736970654,1.4681567983239294,0.9800425379745497,0.2815656565656566,0.3188738415803982,0.49169946907883877
frozenset({'RED RETROSPOT CHARLOTTE BAG'}),"frozenset({'STRAWBERRY CHARLOTTE BAG', 'LUNCH BAG BLACK SKULL.'})",0.04847868009427898,0.014891793443325477,0.011945575316048854,0.24640883977900555,16.546619499980128,1.0,0.011223640825679797,1.307218367938109,0.9874342015410177,0.23229166666666667,0.23501686900459356,0.5242835565801502
"frozenset({'RED RETROSPOT CHARLOTTE BAG', 'LUNCH BAG BLACK SKULL.'})",frozenset({'WOODLAND CHARLOTTE BAG'}),0.018320119991429185,0.03658667238054425,0.011249196485965288,0.6140350877192983,16.78302638000565,1.0,0.01057892425786661,2.4961163488322264,0.9579660435602813,0.2576687116564417,0.5993776490155052,0.46075107241016156
"frozenset({'WOODLAND CHARLOTTE BAG', 'LUNCH BAG BLACK SKULL.'})",frozenset({'RED RETROSPOT CHARLOTTE BAG'}),0.014623955431754874,0.04847868009427898,0.011249196485965288,0.7692307692307693,15.867403314917128,1.0,0.01054024642887625,4.123259052924792,0.9508833922261484,0.2169421487603306,0.7574733997635534,0.5006374840628984
"frozenset({'WOODLAND CHARLOTTE BAG', 'RED RETROSPOT CHARLOTTE BAG'})",frozenset({'LUNCH BAG BLACK SKULL.'}),0.0230876365973859,0.06513820441397043,0.011249196485965288,0.48723897911832953,7.480079985346197,1.0,0.009745309293849301,1.8231920085863296,0.8867853683119352,0.14613778705636743,0.451511417727537,0.32996817376969106
frozenset({'RED RETROSPOT CHARLOTTE BAG'}),"frozenset({'WOODLAND CHARLOTTE BAG', 'LUNCH BAG BLACK SKULL.'})",0.04847868009427898,0.014623955431754874,0.011249196485965288,0.23204419889502764,15.867403314917128,1.0,0.01054024642887625,1.283115568826276,0.9847154196926196,0.2169421487603306,0.22064697499170297,0.5006374840628984
frozenset({'WOODLAND CHARLOTTE BAG'}),"frozenset({'RED RETROSPOT CHARLOTTE BAG', 'LUNCH BAG BLACK SKULL.'})",0.03658667238054425,0.018320119991429185,0.011249196485965288,0.3074670571010249,16.78302638000565,1.0,0.01057892425786661,1.417520841534575,0.9761293141109655,0.2576687116564417,0.2945430002161919,0.46075107241016156
"frozenset({'STRAWBERRY CHARLOTTE BAG', 'LUNCH BAG BLACK SKULL.'})",frozenset({'WOODLAND CHARLOTTE BAG'}),0.014891793443325477,0.03658667238054425,0.01007070923505464,0.6762589928057554,18.483752383159356,1.0,0.009525868067184954,2.9758767230912078,0.9601974940127036,0.24320827943078915,0.663964574795543,0.4757576076766698
"frozenset({'STRAWBERRY CHARLOTTE BAG', 'WOODLAND CHARLOTTE BAG'})",frozenset({'LUNCH BAG BLACK SKULL.'}),0.020034283265481036,0.06513820441397043,0.01007070923505464,0.5026737967914439,7.717034900084435,1.0,0.008765711996420348,1.8797758685439518,0.8882112260966856,0.1340941512125535,0.468021684534877,0.3286395299746693
"frozenset({'WOODLAND CHARLOTTE BAG', 'LUNCH BAG BLACK SKULL.'})",frozenset({'STRAWBERRY CHARLOTTE BAG'}),0.014623955431754874,0.03605099635740304,0.01007070923505464,0.6886446886446888,19.10195995188566,1.0,0.00954350107105362,3.0959773881697537,0.9617134050071424,0.24802110817941955,0.6770002249302056,0.48399544982011555
frozenset({'STRAWBERRY CHARLOTTE BAG'}),"frozenset({'WOODLAND CHARLOTTE BAG', 'LUNCH BAG BLACK SKULL.'})",0.03605099635740304,0.014623955431754874,0.01007070923505464,0.2793462109955424,19.10195995188566,1.0,0.00954350107105362,1.3673362432874827,0.9830907521592878,0.24802110817941955,0.26865099575236673,0.48399544982011555
frozenset({'WOODLAND CHARLOTTE BAG'}),"frozenset({'STRAWBERRY CHARLOTTE BAG', 'LUNCH BAG BLACK SKULL.'})",0.03658667238054425,0.014891793443325477,0.01007070923505464,0.2752562225475842,18.48375238315936,1.0,0.009525868067184954,1.3592503132893106,0.9818199563466009,0.24320827943078915,0.26430033510159334,0.4757576076766698
"frozenset({'LUNCH BAG CARS BLUE', 'LUNCH BAG PINK POLKADOT'})",frozenset({'LUNCH BAG RED RETROSPOT'}),0.0251767730876366,0.07456610242125562,0.015909577887293764,0.6319148936170212,8.4745597945708,1.0,0.014032244046604341,2.514184577237051,0.904779190964486,0.18977635782747604,0.6022567280645145,0.42263848129126924
"frozenset({'LUNCH BAG CARS BLUE', 'LUNCH BAG RED RETROSPOT'})",frozenset({'LUNCH BAG PINK POLKADOT'}),0.027265909577887295,0.05388900792800514,0.015909577887293764,0.5834970530451866,10.827756447562171,1.0,0.014440245069886724,2.271558938512478,0.933086208376698,0.24384236453201968,0.559773694159639,0.43936284063790143
"frozenset({'LUNCH BAG PINK POLKADOT', 'LUNCH BAG RED RETROSPOT'})",frozenset({'LUNCH BAG CARS BLUE'}),0.029676451682022712,0.057049496464538246,0.015909577887293764,0.5361010830324909,9.397122082676564,1.0,0.01421655126198017,2.0326637313565983,0.9209138977274122,0.22465960665658094,0.508034711018039,0.4074871612345553
frozenset({'LUNCH BAG CARS BLUE'}),"frozenset({'LUNCH BAG PINK POLKADOT', 'LUNCH BAG RED RETROSPOT'})",0.057049496464538246,0.029676451682022712,0.015909577887293764,0.27887323943661974,9.397122082676566,1.0,0.01421655126198017,1.3455658580190701,0.9476472387339854,0.22465960665658094,0.25681824190144736,0.4074871612345553
frozenset({'LUNCH BAG PINK POLKADOT'}),"frozenset({'LUNCH BAG CARS BLUE', 'LUNCH BAG RED RETROSPOT'})",0.05388900792800514,0.027265909577887295,0.015909577887293764,0.2952286282306163,10.827756447562171,1.0,0.014440245069886724,1.3802122637018974,0.9593427957146675,0.24384236453201968,0.27547376131995954,0.43936284063790143
frozenset({'LUNCH BAG RED RETROSPOT'}),"frozenset({'LUNCH BAG CARS BLUE', 'LUNCH BAG PINK POLKADOT'})",0.07456610242125562,0.0251767730876366,0.015909577887293764,0.21336206896551724,8.4745597945708,1.0,0.014032244046604341,1.239227335033799,0.9530662026610163,0.18977635782747604,0.19304556014112956,0.42263848129126924
"frozenset({'LUNCH BAG CARS BLUE', 'LUNCH BAG SPACEBOY DESIGN'})",frozenset({'LUNCH BAG PINK POLKADOT'}),0.02431969145061067,0.05388900792800514,0.013284765373901865,0.5462555066079295,10.136677730971003,1.0,0.011974201328513267,2.0851184000033287,0.9238152502328942,0.20462046204620465,0.5204109272651358,0.3963881906797103
"frozenset({'LUNCH BAG CARS BLUE', 'LUNCH BAG PINK POLKADOT'})",frozenset({'LUNCH BAG SPACEBOY DESIGN'}),0.0251767730876366,0.055603171202056996,0.013284765373901865,0.5276595744680851,9.489738859508876,1.0,0.011884856949594666,1.9993986915992485,0.9177284636028773,0.19682539682539682,0.4998496276897455,0.3832902881974337
"frozenset({'LUNCH BAG PINK POLKADOT', 'LUNCH BAG SPACEBOY DESIGN'})",frozenset({'LUNCH BAG CARS BLUE'}),0.021105635311763446,0.057049496464538246,0.013284765373901865,0.6294416243654822,11.033254688877769,1.0,0.012080699506801582,2.5446746465272048,0.9289714454168976,0.20478943022295626,0.6070224531985924,0.4311527370653702
frozenset({'LUNCH BAG CARS BLUE'}),"frozenset({'LUNCH BAG PINK POLKADOT', 'LUNCH BAG SPACEBOY DESIGN'})",0.057049496464538246,0.021105635311763446,0.013284765373901865,0.23286384976525823,11.033254688877769,1.0,0.012080699506801582,1.2760373297343597,0.9643824458074411,0.20478943022295626,0.21632386710177526,0.4311527370653702
frozenset({'LUNCH BAG SPACEBOY DESIGN'}),"frozenset({'LUNCH BAG CARS BLUE', 'LUNCH BAG PINK POLKADOT'})",0.055603171202056996,0.0251767730876366,0.013284765373901865,0.23892100192678228,9.489738859508876,1.0,0.011884856949594666,1.2808436829557381,0.9472956653797596,0.19682539682539682,0.21926460402072598,0.3832902881974337
frozenset({'LUNCH BAG PINK POLKADOT'}),"frozenset({'LUNCH BAG CARS BLUE', 'LUNCH BAG SPACEBOY DESIGN'})",0.05388900792800514,0.02431969145061067,0.013284765373901865,0.24652087475149106,10.136677730971002,1.0,0.011974201328513267,1.2949002511882397,0.9526877458805307,0.20462046204620465,0.22773974359618068,0.3963881906797103
"frozenset({'LUNCH BAG SUKI DESIGN', 'LUNCH BAG CARS BLUE'})",frozenset({'LUNCH BAG PINK POLKADOT'}),0.02689093636168845,0.05388900792800514,0.013338332976215984,0.4960159362549801,9.204399103387642,1.0,0.011889207093429473,1.8772637075894918,0.9159880742832609,0.1977760127084988,0.46730978926554,0.3717654233958797
"frozenset({'LUNCH BAG SUKI DESIGN', 'LUNCH BAG PINK POLKADOT'})",frozenset({'LUNCH BAG CARS BLUE'}),0.02330190700664238,0.057049496464538246,0.013338332976215984,0.5724137931034483,10.033634450380445,1.0,0.01200897091482354,2.2052874679458383,0.9218152707357704,0.19904076738609117,0.5465443782113942,0.4031083050024284
"frozenset({'LUNCH BAG CARS BLUE', 'LUNCH BAG PINK POLKADOT'})",frozenset({'LUNCH BAG SUKI DESIGN'}),0.0251767730876366,0.06433469037925862,0.013338332976215984,0.5297872340425531,8.234861020071925,1.0,0.011718593074874033,1.9898764503246533,0.9012557538650039,0.17510548523206748,0.49745623662371224,0.3685572306765638
frozenset({'LUNCH BAG SUKI DESIGN'}),"frozenset({'LUNCH BAG CARS BLUE', 'LUNCH BAG PINK POLKADOT'})",0.06433469037925862,0.0251767730876366,0.013338332976215984,0.2073272273105745,8.234861020071925,1.0,0.011718593074874033,1.2297927473967947,0.9389736193298989,0.17510548523206748,0.18685485654653283,0.3685572306765638
frozenset({'LUNCH BAG CARS BLUE'}),"frozenset({'LUNCH BAG SUKI DESIGN', 'LUNCH BAG PINK POLKADOT'})",0.057049496464538246,0.02330190700664238,0.013338332976215984,0.23380281690140844,10.033634450380443,1.0,0.01200897091482354,1.2747346434288307,0.9548064438632792,0.19904076738609117,0.21552300696075757,0.4031083050024284
frozenset({'LUNCH BAG PINK POLKADOT'}),"frozenset({'LUNCH BAG SUKI DESIGN', 'LUNCH BAG CARS BLUE'})",0.05388900792800514,0.02689093636168845,0.013338332976215984,0.24751491053677932,9.204399103387642,1.0,0.011889207093429473,1.293193815086052,0.9421265630975947,0.1977760127084988,0.2267207062589781,0.3717654233958797
"frozenset({'LUNCH BAG CARS BLUE', 'LUNCH BAG PINK POLKADOT'})",frozenset({'LUNCH BAG WOODLAND'}),0.0251767730876366,0.04665738161559889,0.011999142918362973,0.47659574468085103,10.21479834868212,1.0,0.010824460608563773,1.8214269538238559,0.9254014373636036,0.20053715308863024,0.45097990457392406,0.3668857024207929
"frozenset({'LUNCH BAG CARS BLUE', 'LUNCH BAG WOODLAND'})",frozenset({'LUNCH BAG PINK POLKADOT'}),0.02169487893721877,0.05388900792800514,0.011999142918362973,0.5530864197530864,10.263436663966816,1.0,0.01083002741531808,2.116988683917999,0.9225820550527608,0.18871103622577928,0.527630918579471,0.38787521782882944
"frozenset({'LUNCH BAG PINK POLKADOT', 'LUNCH BAG WOODLAND'})",frozenset({'LUNCH BAG CARS BLUE'}),0.019498607242339833,0.057049496464538246,0.011999142918362973,0.6153846153846153,10.786854460093895,1.0,0.010886757193427687,2.4516713091922,0.9253373579545455,0.18589211618257262,0.5921149804010679,0.41285662694113395
frozenset({'LUNCH BAG CARS BLUE'}),"frozenset({'LUNCH BAG PINK POLKADOT', 'LUNCH BAG WOODLAND'})",0.057049496464538246,0.019498607242339833,0.011999142918362973,0.21032863849765257,10.786854460093895,1.0,0.010886757193427687,1.2416575306621975,0.9621868431517355,0.18589211618257262,0.1946249466495945,0.41285662694113395
frozenset({'LUNCH BAG PINK POLKADOT'}),"frozenset({'LUNCH BAG CARS BLUE', 'LUNCH BAG WOODLAND'})",0.05388900792800514,0.02169487893721877,0.011999142918362973,0.22266401590457255,10.263436663966816,1.0,0.01083002741531808,1.2585357439759053,0.9539755447530615,0.18871103622577928,0.20542582537954115,0.38787521782882944
frozenset({'LUNCH BAG WOODLAND'}),"frozenset({'LUNCH BAG CARS BLUE', 'LUNCH BAG PINK POLKADOT'})",0.04665738161559889,0.0251767730876366,0.011999142918362973,0.25717566016073473,10.214798348682118,1.0,0.010824460608563773,1.3123199855342633,0.9462524783470729,0.20053715308863024,0.23799072556767753,0.3668857024207929
"frozenset({'LUNCH BAG CARS BLUE', 'LUNCH BAG SPACEBOY DESIGN'})",frozenset({'LUNCH BAG RED RETROSPOT'}),0.02431969145061067,0.07456610242125562,0.014731090636383115,0.605726872246696,8.123354347055546,1.0,0.012917666032823545,2.34718988547905,0.8987556025834273,0.17504774029280712,0.5739586276395763,0.4016421717555319
"frozenset({'LUNCH BAG CARS BLUE', 'LUNCH BAG RED RETROSPOT'})",frozenset({'LUNCH BAG SPACEBOY DESIGN'}),0.027265909577887295,0.055603171202056996,0.014731090636383115,0.5402750491159135,9.71662294498639,1.0,0.013215019598144043,2.0542648968297135,0.9222289973917267,0.21619496855345913,0.5132078625579055,0.4026038058681687
"frozenset({'LUNCH BAG SPACEBOY DESIGN', 'LUNCH BAG RED RETROSPOT'})",frozenset({'LUNCH BAG CARS BLUE'}),0.02683736875937433,0.057049496464538246,0.014731090636383115,0.5489021956087824,9.621508157394132,1.0,0.013200032262227681,2.090346027748966,0.9207774336083909,0.21301316808675447,0.5216103043586178,0.4035590790250485
frozenset({'LUNCH BAG CARS BLUE'}),"frozenset({'LUNCH BAG SPACEBOY DESIGN', 'LUNCH BAG RED RETROSPOT'})",0.057049496464538246,0.02683736875937433,0.014731090636383115,0.25821596244131456,9.621508157394132,1.0,0.013200032262227681,1.3119217750269192,0.9502791363042458,0.21301316808675447,0.23775943121343426,0.4035590790250485
frozenset({'LUNCH BAG SPACEBOY DESIGN'}),"frozenset({'LUNCH BAG CARS BLUE', 'LUNCH BAG RED RETROSPOT'})",0.055603171202056996,0.027265909577887295,0.014731090636383115,0.26493256262042386,9.71662294498639,1.0,0.013215019598144043,1.3233263248468583,0.9499010983344506,0.21619496855345913,0.24432849160185433,0.4026038058681687
"frozenset({'LUNCH BAG SUKI DESIGN', 'LUNCH BAG CARS BLUE'})",frozenset({'LUNCH BAG RED RETROSPOT'}),0.02689093636168845,0.07456610242125562,0.016659524319691452,0.6195219123505977,8.308358519943218,1.0,0.014654372004742323,2.4322922334268577,0.9039472701378816,0.19646241313960836,0.5888651921602778,0.4214707262902414
"frozenset({'LUNCH BAG SUKI DESIGN', 'LUNCH BAG RED RETROSPOT'})",frozenset({'LUNCH BAG CARS BLUE'}),0.03224769659310049,0.057049496464538246,0.016659524319691452,0.5166112956810632,9.055492645797266,1.0,0.014819809466913863,1.9507086018156292,0.9192122631451736,0.2293510324483776,0.48736577104891715,0.4043150375118931
"frozenset({'LUNCH BAG CARS BLUE', 'LUNCH BAG RED RETROSPOT'})",frozenset({'LUNCH BAG SUKI DESIGN'}),0.027265909577887295,0.06433469037925862,0.016659524319691452,0.6110019646365423,9.497239530253932,1.0,0.014905380469089211,2.405321427257361,0.919785021520336,0.22230164403145103,0.5842551483274158,0.4349764194539914
frozenset({'LUNCH BAG SUKI DESIGN'}),"frozenset({'LUNCH BAG CARS BLUE', 'LUNCH BAG RED RETROSPOT'})",0.06433469037925862,0.027265909577887295,0.016659524319691452,0.2589508742714405,9.49723953025393,1.0,0.014905380469089211,1.3126445422437722,0.9562246639828123,0.22230164403145103,0.2381791354644667,0.4349764194539914
frozenset({'LUNCH BAG CARS BLUE'}),"frozenset({'LUNCH BAG SUKI DESIGN', 'LUNCH BAG RED RETROSPOT'})",0.057049496464538246,0.03224769659310049,0.016659524319691452,0.292018779342723,9.055492645797266,1.0,0.014819809466913863,1.3669180412842812,0.9433896918696079,0.2293510324483776,0.2684272430405155,0.4043150375118931
frozenset({'LUNCH BAG RED RETROSPOT'}),"frozenset({'LUNCH BAG SUKI DESIGN', 'LUNCH BAG CARS BLUE'})",0.07456610242125562,0.02689093636168845,0.016659524319691452,0.22341954022988508,8.308358519943218,1.0,0.014654372004742323,1.2530692105314798,0.9505155191783259,0.19646241313960836,0.20195948348626525,0.4214707262902414
"frozenset({'LUNCH BAG CARS BLUE', 'LUNCH BAG WOODLAND'})",frozenset({'LUNCH BAG RED RETROSPOT'}),0.02169487893721877,0.07456610242125562,0.013659738590100707,0.6296296296296297,8.443912303107705,1.0,0.01204203602525131,2.49867152346261,0.9011211997255782,0.1653696498054475,0.5997873307435706,0.40640964240102173
"frozenset({'LUNCH BAG CARS BLUE', 'LUNCH BAG RED RETROSPOT'})",frozenset({'LUNCH BAG WOODLAND'}),0.027265909577887295,0.04665738161559889,0.013659738590100707,0.5009823182711198,10.737471776676538,1.0,0.012387582641828807,1.9104385541640165,0.9322878840395676,0.22666666666666666,0.47655997738300077,0.39687462641454957
"frozenset({'LUNCH BAG RED RETROSPOT', 'LUNCH BAG WOODLAND'})",frozenset({'LUNCH BAG CARS BLUE'}),0.02442682665523891,0.057049496464538246,0.013659738590100707,0.5592105263157895,9.80219915987151,1.0,0.012266200429192766,2.139230993095376,0.9204661438482706,0.20142180094786732,0.5325422999070135,0.3993235730170497
frozenset({'LUNCH BAG CARS BLUE'}),"frozenset({'LUNCH BAG RED RETROSPOT', 'LUNCH BAG WOODLAND'})",0.057049496464538246,0.02442682665523891,0.013659738590100707,0.23943661971830987,9.802199159871511,1.0,0.012266200429192766,1.2826980612495933,0.9523109363043064,0.20142180094786732,0.2203933020481775,0.3993235730170497
frozenset({'LUNCH BAG WOODLAND'}),"frozenset({'LUNCH BAG CARS BLUE', 'LUNCH BAG RED RETROSPOT'})",0.04665738161559889,0.027265909577887295,0.013659738590100707,0.2927669345579793,10.737471776676538,1.0,0.012387582641828807,1.3754081051260716,0.9512510921095977,0.22666666666666666,0.27294306593580914,0.39687462641454957
"frozenset({'LUNCH BAG SUKI DESIGN', 'LUNCH BAG CARS BLUE'})",frozenset({'LUNCH BAG SPACEBOY DESIGN'}),0.02689093636168845,0.055603171202056996,0.015159631454896079,0.5637450199203188,10.138720647276022,1.0,0.013664410116593497,2.1647817719477964,0.9262766734267294,0.22513922036595063,0.5380596728231714,0.4181923558175775
"frozenset({'LUNCH BAG SUKI DESIGN', 'LUNCH BAG SPACEBOY DESIGN'})",frozenset({'LUNCH BAG CARS BLUE'}),0.026408827940861367,0.057049496464538246,0.015159631454896079,0.5740365111561866,10.062078488510508,1.0,0.013653021118651309,2.213688563061822,0.9250463446760734,0.2219607843137255,0.5482652724117304,0.4198821053433515
"frozenset({'LUNCH BAG CARS BLUE', 'LUNCH BAG SPACEBOY DESIGN'})",frozenset({'LUNCH BAG SUKI DESIGN'}),0.02431969145061067,0.06433469037925862,0.015159631454896079,0.6233480176211453,9.689143041591624,1.0,0.013595031635301938,2.484164038408284,0.9191450214392609,0.20626822157434402,0.5974500940603161,0.42949249340674256
frozenset({'LUNCH BAG SUKI DESIGN'}),"frozenset({'LUNCH BAG CARS BLUE', 'LUNCH BAG SPACEBOY DESIGN'})",0.06433469037925862,0.02431969145061067,0.015159631454896079,0.23563696919233973,9.689143041591626,1.0,0.013595031635301938,1.2764619287231118,0.9584535077858075,0.20626822157434402,0.21658454710017558,0.42949249340674256
frozenset({'LUNCH BAG CARS BLUE'}),"frozenset({'LUNCH BAG SUKI DESIGN', 'LUNCH BAG SPACEBOY DESIGN'})",0.057049496464538246,0.026408827940861367,0.015159631454896079,0.26572769953051645,10.06207848851051,1.0,0.013653021118651309,1.325926596218648,0.9551052272048874,0.2219607843137255,0.24581043712988618,0.4198821053433515
frozenset({'LUNCH BAG SPACEBOY DESIGN'}),"frozenset({'LUNCH BAG SUKI DESIGN', 'LUNCH BAG CARS BLUE'})",0.055603171202056996,0.02689093636168845,0.015159631454896079,0.2726396917148362,10.13872064727602,1.0,0.013664410116593497,1.3378638517305526,0.9544380062093004,0.22513922036595063,0.2525397866857075,0.4181923558175775
"frozenset({'LUNCH BAG CARS BLUE', 'LUNCH BAG SPACEBOY DESIGN'})",frozenset({'LUNCH BAG WOODLAND'}),0.02431969145061067,0.04665738161559889,0.013124062566959502,0.539647577092511,11.566177920967847,1.0,0.011989369442174743,2.0708973624235316,0.9363118301015366,0.22685185185185178,0.5171175461686236,0.4104667276966573
"frozenset({'LUNCH BAG CARS BLUE', 'LUNCH BAG WOODLAND'})",frozenset({'LUNCH BAG SPACEBOY DESIGN'}),0.02169487893721877,0.055603171202056996,0.013124062566959502,0.6049382716049383,10.87956421418207,1.0,0.011917758499205428,2.390504472894793,0.9282222224705465,0.2045075125208681,0.5816782560590463,0.420484550060658
"frozenset({'LUNCH BAG SPACEBOY DESIGN', 'LUNCH BAG WOODLAND'})",frozenset({'LUNCH BAG CARS BLUE'}),0.022444825369616457,0.057049496464538246,0.013124062566959502,0.58472553699284,10.249442558293275,1.0,0.01184359658138839,2.270668166559531,0.9231537428385788,0.1977401129943503,0.5596009955452104,0.40738624267482376
frozenset({'LUNCH BAG CARS BLUE'}),"frozenset({'LUNCH BAG SPACEBOY DESIGN', 'LUNCH BAG WOODLAND'})",0.057049496464538246,0.022444825369616457,0.013124062566959502,0.2300469483568075,10.249442558293275,1.0,0.01184359658138839,1.2696295865626324,0.957031906667115,0.1977401129943503,0.2123687014041801,0.40738624267482376
frozenset({'LUNCH BAG SPACEBOY DESIGN'}),"frozenset({'LUNCH BAG CARS BLUE', 'LUNCH BAG WOODLAND'})",0.055603171202056996,0.02169487893721877,0.013124062566959502,0.23603082851637763,10.87956421418207,1.0,0.011917758499205428,1.2805557574567048,0.9615497702200564,0.2045075125208681,0.2190890602170365,0.420484550060658
frozenset({'LUNCH BAG WOODLAND'}),"frozenset({'LUNCH BAG CARS BLUE', 'LUNCH BAG SPACEBOY DESIGN'})",0.04665738161559889,0.02431969145061067,0.013124062566959502,0.28128587830080365,11.566177920967847,1.0,0.011989369442174743,1.35753602036185,0.9582504733083883,0.22685185185185178,0.26337129549354354,0.4104667276966573
"frozenset({'LUNCH BAG SUKI DESIGN', 'LUNCH BAG CARS BLUE'})",frozenset({'LUNCH BAG WOODLAND'}),0.02689093636168845,0.04665738161559889,0.012641954146132419,0.4701195219123506,10.075994529345305,1.0,0.011387293466304337,1.7991653925901105,0.925645693108937,0.2075637642919965,0.44418673007022313,0.3705362247908481
"frozenset({'LUNCH BAG SUKI DESIGN', 'LUNCH BAG WOODLAND'})",frozenset({'LUNCH BAG CARS BLUE'}),0.02185558174416113,0.057049496464538246,0.012641954146132419,0.5784313725490197,10.13911442511277,1.0,0.011395104212688472,2.2367663107120257,0.9215122431173074,0.19078415521422798,0.5529260275376412,0.40001380834023753
"frozenset({'LUNCH BAG CARS BLUE', 'LUNCH BAG WOODLAND'})",frozenset({'LUNCH BAG SUKI DESIGN'}),0.02169487893721877,0.06433469037925862,0.012641954146132419,0.582716049382716,9.05757136542593,1.0,0.01124622082689095,2.2422748544165696,0.909322776345988,0.17226277372262774,0.5540243436123286,0.38960948181042543
frozenset({'LUNCH BAG CARS BLUE'}),"frozenset({'LUNCH BAG SUKI DESIGN', 'LUNCH BAG WOODLAND'})",0.057049496464538246,0.02185558174416113,0.012641954146132419,0.2215962441314554,10.13911442511277,1.0,0.011395104212688472,1.256602901619383,0.9559060137091425,0.19078415521422798,0.20420365199594795,0.40001380834023753
frozenset({'LUNCH BAG WOODLAND'}),"frozenset({'LUNCH BAG SUKI DESIGN', 'LUNCH BAG CARS BLUE'})",0.04665738161559889,0.02689093636168845,0.012641954146132419,0.27095292766934553,10.075994529345303,1.0,0.011387293466304337,1.334768495163731,0.9448378749798814,0.2075637642919965,0.250806410532387,0.3705362247908481
"frozenset({'STRAWBERRY CHARLOTTE BAG', 'LUNCH BAG CARS BLUE'})",frozenset({'RED RETROSPOT CHARLOTTE BAG'}),0.013606170987786586,0.04847868009427898,0.010659952860509964,0.7834645669291339,16.161012746334887,1.0,0.010000343649884998,4.394298459200967,0.9510630157412456,0.2072916666666667,0.772432389541917,0.5016770348457824
"frozenset({'STRAWBERRY CHARLOTTE BAG', 'RED RETROSPOT CHARLOTTE BAG'})",frozenset({'LUNCH BAG CARS BLUE'}),0.024533961859867153,0.057049496464538246,0.010659952860509964,0.4344978165938865,7.6161551550935895,1.0,0.009260302690124357,1.667456874977766,0.8905488452697314,0.15030211480362538,0.4002843401792123,0.31067613834389163
"frozenset({'LUNCH BAG CARS BLUE', 'RED RETROSPOT CHARLOTTE BAG'})",frozenset({'STRAWBERRY CHARLOTTE BAG'}),0.015106063852581958,0.03605099635740304,0.010659952860509964,0.7056737588652483,19.574320550514795,1.0,0.010115364207585834,3.275103843701354,0.9634668501869732,0.26322751322751325,0.6946661700748239,0.500682347486116
frozenset({'STRAWBERRY CHARLOTTE BAG'}),"frozenset({'LUNCH BAG CARS BLUE', 'RED RETROSPOT CHARLOTTE BAG'})",0.03605099635740304,0.015106063852581958,0.010659952860509964,0.2956909361069837,19.574320550514795,1.0,0.010115364207585834,1.3983831625046674,0.9844013063371876,0.26322751322751325,0.2848884148398331,0.500682347486116
frozenset({'RED RETROSPOT CHARLOTTE BAG'}),"frozenset({'STRAWBERRY CHARLOTTE BAG', 'LUNCH BAG CARS BLUE'})",0.04847868009427898,0.013606170987786586,0.010659952860509964,0.21988950276243097,16.161012746334887,1.0,0.010000343649884998,1.2644283502210385,0.9859187283600347,0.2072916666666667,0.20912877362708057,0.5016770348457824
"frozenset({'LUNCH BAG SPACEBOY DESIGN', 'LUNCH BAG DOLLY GIRL DESIGN'})",frozenset({'LUNCH BAG RED RETROSPOT'}),0.018480822798371543,0.07456610242125562,0.011034926076708806,0.5971014492753624,8.00767949358654,1.0,0.009656883151096357,2.2969402493860924,0.8915973292625481,0.13455258001306336,0.5646382180523538,0.3725449775112444
"frozenset({'LUNCH BAG RED RETROSPOT', 'LUNCH BAG DOLLY GIRL DESIGN'})",frozenset({'LUNCH BAG SPACEBOY DESIGN'}),0.01687379472894793,0.055603171202056996,0.011034926076708806,0.653968253968254,11.76134813591461,1.0,0.010096689579566748,2.7292201933151565,0.9306798338305051,0.17959895379250218,0.6335949724945754,0.42621341407468577
"frozenset({'LUNCH BAG SPACEBOY DESIGN', 'LUNCH BAG RED RETROSPOT'})",frozenset({'LUNCH BAG DOLLY GIRL DESIGN'}),0.02683736875937433,0.03219412899078637,0.011034926076708806,0.4111776447105788,12.771820751176515,1.0,0.010170920365096208,1.6436296317817494,0.9471208598114259,0.2299107142857143,0.39159042848602893,0.37696985396926613
frozenset({'LUNCH BAG DOLLY GIRL DESIGN'}),"frozenset({'LUNCH BAG SPACEBOY DESIGN', 'LUNCH BAG RED RETROSPOT'})",0.03219412899078637,0.02683736875937433,0.011034926076708806,0.34276206322795344,12.771820751176516,1.0,0.010170920365096208,1.4806854212040912,0.9523631294733034,0.2299107142857143,0.32463710003519763,0.37696985396926613
"frozenset({'LUNCH BAG SUKI DESIGN', 'LUNCH BAG DOLLY GIRL DESIGN'})",frozenset({'LUNCH BAG RED RETROSPOT'}),0.01676665952431969,0.07456610242125562,0.011195628883651167,0.6677316293929711,8.954895156255738,1.0,0.009945404432298424,2.7852000955975664,0.9034775343797695,0.13970588235294118,0.6409593689226665,0.40893765377694535
"frozenset({'LUNCH BAG RED RETROSPOT', 'LUNCH BAG DOLLY GIRL DESIGN'})",frozenset({'LUNCH BAG SUKI DESIGN'}),0.01687379472894793,0.06433469037925862,0.011195628883651167,0.6634920634920635,10.31313059223134,1.0,0.010110058524241135,2.780514835193712,0.9185354101659193,0.15990818668706963,0.6403543734625202,0.4187568560591042
"frozenset({'LUNCH BAG SUKI DESIGN', 'LUNCH BAG RED RETROSPOT'})",frozenset({'LUNCH BAG DOLLY GIRL DESIGN'}),0.03224769659310049,0.03219412899078637,0.011195628883651167,0.34717607973421927,10.78383204072946,1.0,0.010157442379877148,1.4824914359988464,0.937500827640491,0.21026156941649898,0.32545984704037223,0.3474649117473093
frozenset({'LUNCH BAG DOLLY GIRL DESIGN'}),"frozenset({'LUNCH BAG SUKI DESIGN', 'LUNCH BAG RED RETROSPOT'})",0.03219412899078637,0.03224769659310049,0.011195628883651167,0.3477537437603993,10.78383204072946,1.0,0.010157442379877148,1.4837222814988433,0.9374489374081535,0.21026156941649898,0.3260194225904535,0.3474649117473093
"frozenset({'LUNCH BAG SUKI DESIGN', 'LUNCH BAG SPACEBOY DESIGN'})",frozenset({'LUNCH BAG DOLLY GIRL DESIGN'}),0.026408827940861367,0.03219412899078637,0.010874223269766446,0.411764705882353,12.790055789370658,1.0,0.010024014056542872,1.6452699807156634,0.9468186284142269,0.22783389450056118,0.39219701828813663,0.3747675442889302
"frozenset({'LUNCH BAG SUKI DESIGN', 'LUNCH BAG DOLLY GIRL DESIGN'})",frozenset({'LUNCH BAG SPACEBOY DESIGN'}),0.01676665952431969,0.055603171202056996,0.010874223269766446,0.6485623003194888,11.664124299002136,1.0,0.0099419438297491,2.687238249215965,0.9298576380175869,0.17682926829268295,0.6278707329758489,0.42206535054510086
"frozenset({'LUNCH BAG SPACEBOY DESIGN', 'LUNCH BAG DOLLY GIRL DESIGN'})",frozenset({'LUNCH BAG SUKI DESIGN'}),0.018480822798371543,0.06433469037925862,0.010874223269766446,0.5884057971014494,9.146011174262995,1.0,0.00968526525707927,2.2732713508391256,0.9074328235341245,0.1511541325390916,0.5601053083122377,0.3787158044624649
frozenset({'LUNCH BAG DOLLY GIRL DESIGN'}),"frozenset({'LUNCH BAG SUKI DESIGN', 'LUNCH BAG SPACEBOY DESIGN'})",0.03219412899078637,0.026408827940861367,0.010874223269766446,0.3377703826955075,12.790055789370658,1.0,0.010024014056542872,1.4701715939887998,0.9524784729854747,0.22783389450056118,0.31980729046270895,0.3747675442889302
"frozenset({'LUNCH BAG PINK POLKADOT', 'LUNCH BAG SPACEBOY DESIGN'})",frozenset({'LUNCH BAG RED RETROSPOT'}),0.021105635311763446,0.07456610242125562,0.014409685022498392,0.682741116751269,9.156186183557967,1.0,0.01283592005817577,2.916967645168202,0.909990141802622,0.17732366512854317,0.6571782338222211,0.4379941215940253
"frozenset({'LUNCH BAG SPACEBOY DESIGN', 'LUNCH BAG RED RETROSPOT'})",frozenset({'LUNCH BAG PINK POLKADOT'}),0.02683736875937433,0.05388900792800514,0.014409685022498392,0.5369261477045908,9.963555989412825,1.0,0.01296344584465767,2.043110375120989,0.9244438678489512,0.21728594507269788,0.5105501826151795,0.4021608869735678
"frozenset({'LUNCH BAG PINK POLKADOT', 'LUNCH BAG RED RETROSPOT'})",frozenset({'LUNCH BAG SPACEBOY DESIGN'}),0.029676451682022712,0.055603171202056996,0.014409685022498392,0.48555956678700357,8.732587661637556,1.0,0.012759580198953312,1.835774888259861,0.9125681916224097,0.20332577475434618,0.4552709014622679,0.3723558912933091
frozenset({'LUNCH BAG SPACEBOY DESIGN'}),"frozenset({'LUNCH BAG PINK POLKADOT', 'LUNCH BAG RED RETROSPOT'})",0.055603171202056996,0.029676451682022712,0.014409685022498392,0.2591522157996146,8.732587661637556,1.0,0.012759580198953312,1.3097475203563855,0.9376211130486857,0.20332577475434618,0.23649406892719474,0.3723558912933091
frozenset({'LUNCH BAG PINK POLKADOT'}),"frozenset({'LUNCH BAG SPACEBOY DESIGN', 'LUNCH BAG RED RETROSPOT'})",0.05388900792800514,0.02683736875937433,0.014409685022498392,0.2673956262425447,9.963555989412823,1.0,0.01296344584465767,1.3283603894546396,0.9508759906699069,0.21728594507269788,0.24719224696955053,0.4021608869735678
"frozenset({'LUNCH BAG SUKI DESIGN', 'LUNCH BAG PINK POLKADOT'})",frozenset({'LUNCH BAG RED RETROSPOT'}),0.02330190700664238,0.07456610242125562,0.016391686308120847,0.7034482758620689,9.433888228299644,1.0,0.014654153923652977,3.1206491895097193,0.9153280574007697,0.20118343195266272,0.6795538558574382,0.46163793103448275
"frozenset({'LUNCH BAG SUKI DESIGN', 'LUNCH BAG RED RETROSPOT'})",frozenset({'LUNCH BAG PINK POLKADOT'}),0.03224769659310049,0.05388900792800514,0.016391686308120847,0.5083056478405316,9.432455103267438,1.0,0.014653889930755351,1.9241851933356113,0.9237726014055941,0.23502304147465436,0.4802995036738219,0.40624029906937115
"frozenset({'LUNCH BAG PINK POLKADOT', 'LUNCH BAG RED RETROSPOT'})",frozenset({'LUNCH BAG SUKI DESIGN'}),0.029676451682022712,0.06433469037925862,0.016391686308120847,0.5523465703971119,8.58551688274212,1.0,0.014482460977602887,2.090155570685043,0.9105465674547761,0.2111801242236025,0.521566713011581,0.4035671236664993
frozenset({'LUNCH BAG SUKI DESIGN'}),"frozenset({'LUNCH BAG PINK POLKADOT', 'LUNCH BAG RED RETROSPOT'})",0.06433469037925862,0.029676451682022712,0.016391686308120847,0.2547876769358867,8.585516882742118,1.0,0.014482460977602887,1.3020766274076991,0.9442743758444962,0.2111801242236025,0.23199604466374812,0.4035671236664993
frozenset({'LUNCH BAG PINK POLKADOT'}),"frozenset({'LUNCH BAG SUKI DESIGN', 'LUNCH BAG RED RETROSPOT'})",0.05388900792800514,0.03224769659310049,0.016391686308120847,0.30417495029821073,9.432455103267438,1.0,0.014653889930755351,1.3907983103247727,0.9449029451360811,0.23502304147465436,0.2809884851193954,0.40624029906937115
frozenset({'LUNCH BAG RED RETROSPOT'}),"frozenset({'LUNCH BAG SUKI DESIGN', 'LUNCH BAG PINK POLKADOT'})",0.07456610242125562,0.02330190700664238,0.016391686308120847,0.21982758620689655,9.433888228299644,1.0,0.014654153923652977,1.2519003180909336,0.9660324421502798,0.20118343195266272,0.20121435744585886,0.46163793103448275
"frozenset({'LUNCH BAG PINK POLKADOT', 'LUNCH BAG WOODLAND'})",frozenset({'LUNCH BAG RED RETROSPOT'}),0.019498607242339833,0.07456610242125562,0.013820441397043068,0.7087912087912087,9.505541871921181,1.0,0.01236650625233892,3.1779050822515367,0.9125924947145878,0.17222963951935916,0.6853272913703569,0.4470680181887078
"frozenset({'LUNCH BAG RED RETROSPOT', 'LUNCH BAG WOODLAND'})",frozenset({'LUNCH BAG PINK POLKADOT'}),0.02442682665523891,0.05388900792800514,0.013820441397043068,0.5657894736842105,10.499162917233441,1.0,0.01250410394176289,2.178922284771867,0.927407944672309,0.21428571428571427,0.5410575186692811,0.4111253531442921
"frozenset({'LUNCH BAG PINK POLKADOT', 'LUNCH BAG RED RETROSPOT'})",frozenset({'LUNCH BAG WOODLAND'}),0.029676451682022712,0.04665738161559889,0.013820441397043068,0.4657039711191336,9.98135675413546,1.0,0.012435815865918052,1.7842966573816155,0.9273331775584946,0.2210796915167095,0.4395550785442482,0.3809576112771328
frozenset({'LUNCH BAG WOODLAND'}),"frozenset({'LUNCH BAG PINK POLKADOT', 'LUNCH BAG RED RETROSPOT'})",0.04665738161559889,0.029676451682022712,0.013820441397043068,0.296211251435132,9.981356754135458,1.0,0.012435815865918052,1.3787142097633902,0.9438508275717578,0.2210796915167095,0.2746865210219192,0.3809576112771328
frozenset({'LUNCH BAG PINK POLKADOT'}),"frozenset({'LUNCH BAG RED RETROSPOT', 'LUNCH BAG WOODLAND'})",0.05388900792800514,0.02442682665523891,0.013820441397043068,0.25646123260437376,10.499162917233441,1.0,0.01250410394176289,1.3120676636160826,0.9562877074154734,0.21428571428571427,0.23784418461774925,0.4111253531442921
"frozenset({'LUNCH BAG SUKI DESIGN', 'LUNCH BAG SPACEBOY DESIGN'})",frozenset({'LUNCH BAG PINK POLKADOT'}),0.026408827940861367,0.05388900792800514,0.011677737304478252,0.4421906693711968,8.205581924275847,1.0,0.01025459176620385,1.6961189785145219,0.9019512133563848,0.17017954722872758,0.41041871904775795,0.32944523528201985
"frozenset({'LUNCH BAG SUKI DESIGN', 'LUNCH BAG PINK POLKADOT'})",frozenset({'LUNCH BAG SPACEBOY DESIGN'}),0.02330190700664238,0.055603171202056996,0.011677737304478252,0.5011494252873564,9.012964808539854,1.0,0.010382077379853505,1.8931457167147707,0.9102595002407673,0.17370517928286855,0.471778642726283,0.3555843465550462
"frozenset({'LUNCH BAG PINK POLKADOT', 'LUNCH BAG SPACEBOY DESIGN'})",frozenset({'LUNCH BAG SUKI DESIGN'}),0.021105635311763446,0.06433469037925862,0.011677737304478252,0.5532994923857868,8.600328829190564,1.0,0.010319912791438403,2.094614386310069,0.9027791026103161,0.15831517792302108,0.5225851562293392,0.36740744810796416
frozenset({'LUNCH BAG SPACEBOY DESIGN'}),"frozenset({'LUNCH BAG SUKI DESIGN', 'LUNCH BAG PINK POLKADOT'})",0.055603171202056996,0.02330190700664238,0.011677737304478252,0.21001926782273606,9.012964808539856,1.0,0.010382077379853505,1.236356854301348,0.9413931632382251,0.17370517928286855,0.19117203376925554,0.3555843465550462
frozenset({'LUNCH BAG PINK POLKADOT'}),"frozenset({'LUNCH BAG SUKI DESIGN', 'LUNCH BAG SPACEBOY DESIGN'})",0.05388900792800514,0.026408827940861367,0.011677737304478252,0.21669980119284296,8.205581924275847,1.0,0.01025459176620385,1.2429349227049409,0.928148754543783,0.17017954722872758,0.19545264861997208,0.32944523528201985
"frozenset({'LUNCH BAG PINK POLKADOT', 'LUNCH BAG SPACEBOY DESIGN'})",frozenset({'LUNCH BAG WOODLAND'}),0.021105635311763446,0.04665738161559889,0.011838440111420613,0.5609137055837563,12.021971361466775,1.0,0.010853706430440006,2.1711964834881736,0.9365862137784959,0.21168582375478925,0.5394244566970592,0.4073225244336692
"frozenset({'LUNCH BAG SPACEBOY DESIGN', 'LUNCH BAG WOODLAND'})",frozenset({'LUNCH BAG PINK POLKADOT'}),0.022444825369616457,0.05388900792800514,0.011838440111420613,0.5274463007159904,9.787641691616411,1.0,0.01062891073913466,2.0021237660513425,0.9184446727261321,0.18355481727574752,0.5005303783131078,0.37356410463234907
"frozenset({'LUNCH BAG PINK POLKADOT', 'LUNCH BAG WOODLAND'})",frozenset({'LUNCH BAG SPACEBOY DESIGN'}),0.019498607242339833,0.055603171202056996,0.011838440111420613,0.6071428571428571,10.919212771813926,1.0,0.010754255714723122,2.4039192005765817,0.9264834430275607,0.18712955122777306,0.5840126407908597,0.41002614918799885
frozenset({'LUNCH BAG SPACEBOY DESIGN'}),"frozenset({'LUNCH BAG PINK POLKADOT', 'LUNCH BAG WOODLAND'})",0.055603171202056996,0.019498607242339833,0.011838440111420613,0.21290944123314065,10.919212771813928,1.0,0.010754255714723122,1.245728819684763,0.9619031730672984,0.18712955122777306,0.19725707216675423,0.41002614918799885
frozenset({'LUNCH BAG PINK POLKADOT'}),"frozenset({'LUNCH BAG SPACEBOY DESIGN', 'LUNCH BAG WOODLAND'})",0.05388900792800514,0.022444825369616457,0.011838440111420613,0.21968190854870775,9.787641691616411,1.0,0.01062891073913466,1.2527649753861985,0.9489693597881997,0.18355481727574752,0.20176567860087,0.37356410463234907
frozenset({'LUNCH BAG WOODLAND'}),"frozenset({'LUNCH BAG PINK POLKADOT', 'LUNCH BAG SPACEBOY DESIGN'})",0.04665738161559889,0.021105635311763446,0.011838440111420613,0.25373134328358204,12.021971361466775,1.0,0.010853706430440006,1.3117184486822369,0.961688850401092,0.21168582375478925,0.2376412781229019,0.4073225244336692
"frozenset({'LUNCH BAG SUKI DESIGN', 'LUNCH BAG PINK POLKADOT'})",frozenset({'LUNCH BAG WOODLAND'}),0.02330190700664238,0.04665738161559889,0.011784872509106493,0.5057471264367817,10.83959512780923,1.0,0.010697666541526383,1.9288559953358817,0.929402482013133,0.20257826887661146,0.4815579792280631,0.3791651820473231
"frozenset({'LUNCH BAG SUKI DESIGN', 'LUNCH BAG WOODLAND'})",frozenset({'LUNCH BAG PINK POLKADOT'}),0.02185558174416113,0.05388900792800514,0.011784872509106493,0.5392156862745099,10.006042178302735,1.0,0.01060709689122423,2.0532621530073083,0.9201712635666635,0.18425460636515917,0.5129701297346025,0.3789517795189647
"frozenset({'LUNCH BAG PINK POLKADOT', 'LUNCH BAG WOODLAND'})",frozenset({'LUNCH BAG SUKI DESIGN'}),0.019498607242339833,0.06433469037925862,0.011784872509106493,0.6043956043956045,9.394552158915191,1.0,0.01053043564934379,2.3651539770968744,0.9113248966942149,0.16356877323420077,0.5771945464508584,0.39378814357998376
frozenset({'LUNCH BAG PINK POLKADOT'}),"frozenset({'LUNCH BAG SUKI DESIGN', 'LUNCH BAG WOODLAND'})",0.05388900792800514,0.02185558174416113,0.011784872509106493,0.2186878727634195,10.006042178302733,1.0,0.01060709689122423,1.2519252986836817,0.9513264224168991,0.18425460636515917,0.20123029620742142,0.3789517795189647
frozenset({'LUNCH BAG WOODLAND'}),"frozenset({'LUNCH BAG SUKI DESIGN', 'LUNCH BAG PINK POLKADOT'})",0.04665738161559889,0.02330190700664238,0.011784872509106493,0.2525832376578645,10.839595127809229,1.0,0.010697666541526383,1.3067650368620807,0.9521714589282158,0.20257826887661146,0.2347514879941323,0.3791651820473231
"frozenset({'LUNCH BAG SUKI DESIGN', 'LUNCH BAG SPACEBOY DESIGN'})",frozenset({'LUNCH BAG RED RETROSPOT'}),0.026408827940861367,0.07456610242125562,0.016338118705806728,0.6186612576064908,8.296816348418082,1.0,0.014368915336743142,2.4268027207783027,0.9033276659075024,0.1930379746835443,0.5879351908426702,0.41888522650439486
"frozenset({'LUNCH BAG SUKI DESIGN', 'LUNCH BAG RED RETROSPOT'})",frozenset({'LUNCH BAG SPACEBOY DESIGN'}),0.03224769659310049,0.055603171202056996,0.016338118705806728,0.5066445182724253,9.111791779489051,1.0,0.014545044511268571,1.9142319560146859,0.9199173159253956,0.2284644194756554,0.4775972698303821,0.4002394074984477
"frozenset({'LUNCH BAG SPACEBOY DESIGN', 'LUNCH BAG RED RETROSPOT'})",frozenset({'LUNCH BAG SUKI DESIGN'}),0.02683736875937433,0.06433469037925862,0.016338118705806728,0.6087824351297405,9.46273979933555,1.0,0.014611544896078393,2.3916751026530174,0.9189855141776614,0.21832498210450968,0.5818830079007268,0.43136873629925826
frozenset({'LUNCH BAG SUKI DESIGN'}),"frozenset({'LUNCH BAG SPACEBOY DESIGN', 'LUNCH BAG RED RETROSPOT'})",0.06433469037925862,0.02683736875937433,0.016338118705806728,0.253955037468776,9.46273979933555,1.0,0.014611544896078393,1.3044289287053474,0.9558143834697186,0.21832498210450968,0.23338100068625037,0.43136873629925826
frozenset({'LUNCH BAG SPACEBOY DESIGN'}),"frozenset({'LUNCH BAG SUKI DESIGN', 'LUNCH BAG RED RETROSPOT'})",0.055603171202056996,0.03224769659310049,0.016338118705806728,0.29383429672447015,9.111791779489051,1.0,0.014545044511268571,1.3704323205134539,0.9426673981570163,0.2284644194756554,0.27030325756960083,0.4002394074984477
frozenset({'LUNCH BAG RED RETROSPOT'}),"frozenset({'LUNCH BAG SUKI DESIGN', 'LUNCH BAG SPACEBOY DESIGN'})",0.07456610242125562,0.026408827940861367,0.016338118705806728,0.21910919540229884,8.296816348418082,1.0,0.014368915336743142,1.2467699277887037,0.9503345871653653,0.1930379746835443,0.19792739806162943,0.41888522650439486
"frozenset({'LUNCH BAG SPACEBOY DESIGN', 'LUNCH BAG WOODLAND'})",frozenset({'LUNCH BAG RED RETROSPOT'}),0.022444825369616457,0.07456610242125562,0.014409685022498392,0.6420047732696896,8.609874358763339,1.0,0.012736061875160375,2.585045353903292,0.9041477243444209,0.17444876783398183,0.613159591768845,0.41762594985323565
"frozenset({'LUNCH BAG RED RETROSPOT', 'LUNCH BAG WOODLAND'})",frozenset({'LUNCH BAG SPACEBOY DESIGN'}),0.02442682665523891,0.055603171202056996,0.014409685022498392,0.5899122807017544,10.609327992428083,1.0,0.013051475998064175,2.3029141921489944,0.9284217195737604,0.21959183673469387,0.5657675811764238,0.4245322482506845
"frozenset({'LUNCH BAG SPACEBOY DESIGN', 'LUNCH BAG RED RETROSPOT'})",frozenset({'LUNCH BAG WOODLAND'}),0.02683736875937433,0.04665738161559889,0.014409685022498392,0.5369261477045908,11.507849971698393,1.0,0.013157523666733712,2.058726947459418,0.938283864918682,0.2438803263825929,0.5142629277602574,0.42288328051130797
frozenset({'LUNCH BAG WOODLAND'}),"frozenset({'LUNCH BAG SPACEBOY DESIGN', 'LUNCH BAG RED RETROSPOT'})",0.04665738161559889,0.02683736875937433,0.014409685022498392,0.3088404133180252,11.507849971698391,1.0,0.013157523666733712,1.40801437177838,0.9577908059772824,0.2438803263825929,0.2897799766511199,0.42288328051130797
frozenset({'LUNCH BAG SPACEBOY DESIGN'}),"frozenset({'LUNCH BAG RED RETROSPOT', 'LUNCH BAG WOODLAND'})",0.055603171202056996,0.02442682665523891,0.014409685022498392,0.2591522157996146,10.609327992428083,1.0,0.013051475998064175,1.3168334901584682,0.9590706952284359,0.21959183673469387,0.24060254582402843,0.4245322482506845
"frozenset({'LUNCH BAG SUKI DESIGN', 'LUNCH BAG WOODLAND'})",frozenset({'LUNCH BAG RED RETROSPOT'}),0.02185558174416113,0.07456610242125562,0.014945361045639597,0.6838235294117647,9.170702332657202,1.0,0.013315675498828353,2.9269537225746336,0.910864572660142,0.1834319526627219,0.6583478610244746,0.4421272819472617
"frozenset({'LUNCH BAG SUKI DESIGN', 'LUNCH BAG RED RETROSPOT'})",frozenset({'LUNCH BAG WOODLAND'}),0.03224769659310049,0.04665738161559889,0.014945361045639597,0.46345514950166117,9.933158129617693,1.0,0.013440767959471259,1.7768181308588533,0.9292946968245067,0.2336683417085427,0.43719619772416757,0.391888309538431
"frozenset({'LUNCH BAG RED RETROSPOT', 'LUNCH BAG WOODLAND'})",frozenset({'LUNCH BAG SUKI DESIGN'}),0.02442682665523891,0.06433469037925862,0.014945361045639597,0.611842105263158,9.510298435514265,1.0,0.01337386871582698,2.410527577328012,0.9172564940048981,0.20246734397677796,0.5851530555363046,0.42207425829352735
frozenset({'LUNCH BAG SUKI DESIGN'}),"frozenset({'LUNCH BAG RED RETROSPOT', 'LUNCH BAG WOODLAND'})",0.06433469037925862,0.02442682665523891,0.014945361045639597,0.23230641132389676,9.510298435514265,1.0,0.01337386871582698,1.2707845782939893,0.9563791875432075,0.20246734397677796,0.2130845643858173,0.42207425829352735
frozenset({'LUNCH BAG WOODLAND'}),"frozenset({'LUNCH BAG SUKI DESIGN', 'LUNCH BAG RED RETROSPOT'})",0.04665738161559889,0.03224769659310049,0.014945361045639597,0.3203214695752009,9.933158129617693,1.0,0.013440767959471259,1.4238382707219754,0.9433408997489207,0.2336683417085427,0.2976730429552668,0.391888309538431
frozenset({'LUNCH BAG RED RETROSPOT'}),"frozenset({'LUNCH BAG SUKI DESIGN', 'LUNCH BAG WOODLAND'})",0.07456610242125562,0.02185558174416113,0.014945361045639597,0.20043103448275862,9.170702332657202,1.0,0.013315675498828353,1.2233396497862783,0.9627452591325649,0.1834319526627219,0.18256552857196812,0.4421272819472617
"frozenset({'LUNCH BAG SUKI DESIGN', 'RED RETROSPOT CHARLOTTE BAG'})",frozenset({'LUNCH BAG RED RETROSPOT'}),0.016284551103492608,0.07456610242125562,0.01039211484893936,0.638157894736842,8.558284180278282,1.0,0.00917783934347216,2.5575627714903475,0.8977739952888553,0.1291611185086551,0.6090027540488173,0.38876285541439803
"frozenset({'LUNCH BAG SUKI DESIGN', 'LUNCH BAG RED RETROSPOT'})",frozenset({'RED RETROSPOT CHARLOTTE BAG'}),0.03224769659310049,0.04847868009427898,0.01039211484893936,0.3222591362126246,6.647440392063289,1.0,0.008828789082025073,1.4039603788805,0.8778756244286414,0.14775323686214772,0.2877291873454527,0.26831188854830124
"frozenset({'RED RETROSPOT CHARLOTTE BAG', 'LUNCH BAG RED RETROSPOT'})",frozenset({'LUNCH BAG SUKI DESIGN'}),0.01933790443539747,0.06433469037925862,0.01039211484893936,0.5373961218836565,8.353131393275687,1.0,0.009148016754504372,2.0226058489406444,0.8976429499391536,0.141812865497076,0.5055882981235529,0.34946408925157013
frozenset({'RED RETROSPOT CHARLOTTE BAG'}),"frozenset({'LUNCH BAG SUKI DESIGN', 'LUNCH BAG RED RETROSPOT'})",0.04847868009427898,0.03224769659310049,0.01039211484893936,0.21436464088397789,6.647440392063288,1.0,0.008828789082025073,1.2318084874588524,0.892850364855477,0.14775323686214772,0.18818549297144352,0.26831188854830124
"frozenset({'STRAWBERRY CHARLOTTE BAG', 'RED RETROSPOT CHARLOTTE BAG'})",frozenset({'LUNCH BAG RED RETROSPOT'}),0.024533961859867153,0.07456610242125562,0.011838440111420613,0.482532751091703,6.471207900416603,1.0,0.010009038198578579,1.7883912451099784,0.8667337572464037,0.1356660527931246,0.4408382378663992,0.3206485594538975
"frozenset({'STRAWBERRY CHARLOTTE BAG', 'LUNCH BAG RED RETROSPOT'})",frozenset({'RED RETROSPOT CHARLOTTE BAG'}),0.01532033426183844,0.04847868009427898,0.011838440111420613,0.7727272727272727,15.93952787543948,1.0,0.011095730527803525,4.186693807585172,0.9518454754331284,0.22783505154639178,0.7611480452216814,0.5084630838774485
"frozenset({'RED RETROSPOT CHARLOTTE BAG', 'LUNCH BAG RED RETROSPOT'})",frozenset({'STRAWBERRY CHARLOTTE BAG'}),0.01933790443539747,0.03605099635740304,0.011838440111420613,0.6121883656509696,16.981177429379347,1.0,0.01114128938906029,2.4856113593926965,0.9596692608494587,0.2718327183271833,0.5976844906903195,0.47028437599041795
frozenset({'STRAWBERRY CHARLOTTE BAG'}),"frozenset({'RED RETROSPOT CHARLOTTE BAG', 'LUNCH BAG RED RETROSPOT'})",0.03605099635740304,0.01933790443539747,0.011838440111420613,0.32838038632986627,16.981177429379347,1.0,0.01114128938906029,1.4601451113163217,0.9763081499511553,0.2718327183271833,0.31513656262664247,0.47028437599041795
frozenset({'RED RETROSPOT CHARLOTTE BAG'}),"frozenset({'STRAWBERRY CHARLOTTE BAG', 'LUNCH BAG RED RETROSPOT'})",0.04847868009427898,0.01532033426183844,0.011838440111420613,0.24419889502762432,15.93952787543948,1.0,0.011095730527803525,1.3028290899020998,0.9850151173457053,0.22783505154639178,0.23243961333781368,0.5084630838774485
"frozenset({'WOODLAND CHARLOTTE BAG', 'RED RETROSPOT CHARLOTTE BAG'})",frozenset({'LUNCH BAG RED RETROSPOT'}),0.0230876365973859,0.07456610242125562,0.01146346689522177,0.4965197215777263,6.658786036216232,1.0,0.009741911820036364,1.8380737781402714,0.8699065625546094,0.13300186451211932,0.45595219740755927,0.3251276768808172
"frozenset({'RED RETROSPOT CHARLOTTE BAG', 'LUNCH BAG RED RETROSPOT'})",frozenset({'WOODLAND CHARLOTTE BAG'}),0.01933790443539747,0.03658667238054425,0.01146346689522177,0.592797783933518,16.202560805960342,1.0,0.01075595732111761,2.3659334100042417,0.9567835499316181,0.25783132530120484,0.5773338354445879,0.4530606782039479
"frozenset({'WOODLAND CHARLOTTE BAG', 'LUNCH BAG RED RETROSPOT'})",frozenset({'RED RETROSPOT CHARLOTTE BAG'}),0.01537390186415256,0.04847868009427898,0.01146346689522177,0.7456445993031359,15.38087666275242,1.0,0.01071816042494868,3.740912586478656,0.9495829958505507,0.21881390593047037,0.7326855474745786,0.491054343850463
frozenset({'RED RETROSPOT CHARLOTTE BAG'}),"frozenset({'WOODLAND CHARLOTTE BAG', 'LUNCH BAG RED RETROSPOT'})",0.04847868009427898,0.01537390186415256,0.01146346689522177,0.23646408839779007,15.38087666275242,1.0,0.01071816042494868,1.2895609534195978,0.9826203370336639,0.21881390593047037,0.22454227747184294,0.491054343850463
frozenset({'WOODLAND CHARLOTTE BAG'}),"frozenset({'RED RETROSPOT CHARLOTTE BAG', 'LUNCH BAG RED RETROSPOT'})",0.03658667238054425,0.01933790443539747,0.01146346689522177,0.31332357247437775,16.202560805960342,1.0,0.01075595732111761,1.4281283822401354,0.9739136196051227,0.25783132530120484,0.2997828399492918,0.4530606782039479
"frozenset({'LUNCH BAG SUKI DESIGN', 'LUNCH BAG SPACEBOY DESIGN'})",frozenset({'LUNCH BAG WOODLAND'}),0.026408827940861367,0.04665738161559889,0.0125883865438183,0.47667342799188644,10.216463322333565,1.0,0.01135621978056084,1.8216973289283327,0.9265888963680531,0.20814880425155005,0.45106138977089033,0.37323912501775725
"frozenset({'LUNCH BAG SUKI DESIGN', 'LUNCH BAG WOODLAND'})",frozenset({'LUNCH BAG SPACEBOY DESIGN'}),0.02185558174416113,0.055603171202056996,0.0125883865438183,0.5759803921568628,10.358768748347124,1.0,0.011373146890377156,2.227248012425207,0.9236503460651114,0.19405450041288194,0.5510154260229333,0.40118865465261255
"frozenset({'LUNCH BAG SPACEBOY DESIGN', 'LUNCH BAG WOODLAND'})",frozenset({'LUNCH BAG SUKI DESIGN'}),0.022444825369616457,0.06433469037925862,0.0125883865438183,0.5608591885441527,8.717834580967729,1.0,0.011144405653047496,2.1306726344081013,0.905619077932571,0.1696750902527076,0.5306646437134164,0.37826473165758845
frozenset({'LUNCH BAG SPACEBOY DESIGN'}),"frozenset({'LUNCH BAG SUKI DESIGN', 'LUNCH BAG WOODLAND'})",0.055603171202056996,0.02185558174416113,0.0125883865438183,0.22639691714836224,10.358768748347124,1.0,0.011373146890377156,1.2644008793892412,0.9566565694355608,0.19405450041288194,0.20911159087215916,0.40118865465261255
frozenset({'LUNCH BAG WOODLAND'}),"frozenset({'LUNCH BAG SUKI DESIGN', 'LUNCH BAG SPACEBOY DESIGN'})",0.04665738161559889,0.026408827940861367,0.0125883865438183,0.269804822043628,10.216463322333565,1.0,0.01135621978056084,1.333330048527531,0.9462692134342509,0.20814880425155005,0.2499981522921842,0.37323912501775725
"frozenset({'LUNCH BAG SUKI DESIGN', 'RED RETROSPOT CHARLOTTE BAG'})",frozenset({'WOODLAND CHARLOTTE BAG'}),0.016284551103492608,0.03658667238054425,0.01012427683736876,0.6217105263157895,16.99281420975572,1.0,0.009528479301281045,2.5467621877940396,0.9567315393932689,0.23684210526315785,0.6073445707680377,0.4492154388533559
"frozenset({'LUNCH BAG SUKI DESIGN', 'WOODLAND CHARLOTTE BAG'})",frozenset({'RED RETROSPOT CHARLOTTE BAG'}),0.013659738590100707,0.04847868009427898,0.01012427683736876,0.7411764705882352,15.288709782255443,1.0,0.00946207074008779,3.676332372363012,0.9475353420935347,0.19464469618949537,0.7279897738524559,0.47500812479688004
"frozenset({'WOODLAND CHARLOTTE BAG', 'RED RETROSPOT CHARLOTTE BAG'})",frozenset({'LUNCH BAG SUKI DESIGN'}),0.0230876365973859,0.06433469037925862,0.01012427683736876,0.4385150812064965,6.816152819286326,1.0,0.008638940885287097,1.6664121836633865,0.8734557021555979,0.13097713097713098,0.39990837212817754,0.2979419702452133
frozenset({'RED RETROSPOT CHARLOTTE BAG'}),"frozenset({'LUNCH BAG SUKI DESIGN', 'WOODLAND CHARLOTTE BAG'})",0.04847868009427898,0.013659738590100707,0.01012427683736876,0.20883977900552486,15.288709782255443,1.0,0.00946207074008779,1.2467010287373728,0.982208425039028,0.19464469618949537,0.1978830714427382,0.47500812479688004
frozenset({'WOODLAND CHARLOTTE BAG'}),"frozenset({'LUNCH BAG SUKI DESIGN', 'RED RETROSPOT CHARLOTTE BAG'})",0.03658667238054425,0.016284551103492608,0.01012427683736876,0.2767203513909224,16.99281420975572,1.0,0.009528479301281045,1.3600762178063048,0.9768928545686955,0.23684210526315785,0.26474708776768346,0.4492154388533559
"frozenset({'STRAWBERRY CHARLOTTE BAG', 'RED RETROSPOT CHARLOTTE BAG'})",frozenset({'PACK OF 72 RETROSPOT CAKE CASES'}),0.024533961859867153,0.06047782301264196,0.010445682451253482,0.425764192139738,7.040005260287536,1.0,0.008961921848093529,1.6361260724722813,0.87953308269618,0.1400862068965517,0.3888001561585397,0.29924170634444824
"frozenset({'STRAWBERRY CHARLOTTE BAG', 'PACK OF 72 RETROSPOT CAKE CASES'})",frozenset({'RED RETROSPOT CHARLOTTE BAG'}),0.012963359760017142,0.04847868009427898,0.010445682451253482,0.8057851239669421,16.621432811287157,1.0,0.009817235880500562,4.899322540791158,0.9521801690476389,0.20483193277310927,0.7958901477348914,0.5106273686133054
"frozenset({'PACK OF 72 RETROSPOT CAKE CASES', 'RED RETROSPOT CHARLOTTE BAG'})",frozenset({'STRAWBERRY CHARLOTTE BAG'}),0.015856010284979644,0.03605099635740304,0.010445682451253482,0.6587837837837838,18.273663708284808,1.0,0.009874057482226736,2.82503866414068,0.960506233007866,0.2519379844961241,0.6460225437997041,0.4742655917433035
frozenset({'STRAWBERRY CHARLOTTE BAG'}),"frozenset({'PACK OF 72 RETROSPOT CAKE CASES', 'RED RETROSPOT CHARLOTTE BAG'})",0.03605099635740304,0.015856010284979644,0.010445682451253482,0.2897473997028232,18.273663708284808,1.0,0.009874057482226736,1.3856253244313992,0.9806290921267304,0.2519379844961241,0.27830418341238317,0.4742655917433035
frozenset({'RED RETROSPOT CHARLOTTE BAG'}),"frozenset({'STRAWBERRY CHARLOTTE BAG', 'PACK OF 72 RETROSPOT CAKE CASES'})",0.04847868009427898,0.012963359760017142,0.010445682451253482,0.2154696132596685,16.621432811287157,1.0,0.009817235880500562,1.2581241681932176,0.9877200807786859,0.20483193277310927,0.20516589277822056,0.5106273686133054
"frozenset({'PACK OF 72 RETROSPOT CAKE CASES', 'RED RETROSPOT CHARLOTTE BAG'})",frozenset({'WOODLAND CHARLOTTE BAG'}),0.015856010284979644,0.03658667238054425,0.010499250053567602,0.6621621621621622,18.09845277195204,1.0,0.009919131400008512,2.851703449753589,0.9599679192382374,0.2503192848020434,0.6493324016259796,0.47456570772822604
"frozenset({'WOODLAND CHARLOTTE BAG', 'RED RETROSPOT CHARLOTTE BAG'})",frozenset({'PACK OF 72 RETROSPOT CAKE CASES'}),0.0230876365973859,0.06047782301264196,0.010499250053567602,0.4547563805104408,7.519390709804171,1.0,0.009102960053650702,1.7231236522619207,0.8875007973250165,0.14369501466275658,0.41965859577905856,0.31418067032607955
"frozenset({'WOODLAND CHARLOTTE BAG', 'PACK OF 72 RETROSPOT CAKE CASES'})",frozenset({'RED RETROSPOT CHARLOTTE BAG'}),0.013659738590100707,0.04847868009427898,0.010499250053567602,0.7686274509803921,15.854958292709348,1.0,0.009837043956286632,4.112507399592522,0.949903683843602,0.2033195020746888,0.7568393432923469,0.4926010183078756
frozenset({'RED RETROSPOT CHARLOTTE BAG'}),"frozenset({'WOODLAND CHARLOTTE BAG', 'PACK OF 72 RETROSPOT CAKE CASES'})",0.04847868009427898,0.013659738590100707,0.010499250053567602,0.2165745856353591,15.854958292709348,1.0,0.009837043956286632,1.2590097836050196,0.984663431324227,0.2033195020746888,0.2057249967219293,0.4926010183078756
frozenset({'WOODLAND CHARLOTTE BAG'}),"frozenset({'PACK OF 72 RETROSPOT CAKE CASES', 'RED RETROSPOT CHARLOTTE BAG'})",0.03658667238054425,0.015856010284979644,0.010499250053567602,0.28696925329428985,18.098452771952036,1.0,0.009919131400008512,1.3802265810582317,0.9806244432718876,0.2503192848020434,0.27548127697027014,0.47456570772822604
"frozenset({'REGENCY CAKESTAND 3 TIER', 'PINK REGENCY TEACUP AND SAUCER'})",frozenset({'ROSES REGENCY TEACUP AND SAUCER'}),0.018641525605313906,0.051264195414613245,0.015588172273409043,0.8362068965517242,16.31171404893165,1.0,0.014632529461951715,5.7922817543107845,0.956525458065097,0.2869822485207101,0.8273564646167685,0.570141065830721
"frozenset({'REGENCY CAKESTAND 3 TIER', 'ROSES REGENCY TEACUP AND SAUCER'})",frozenset({'PINK REGENCY TEACUP AND SAUCER'}),0.02431969145061067,0.037658024426826656,0.015588172273409043,0.6409691629955947,17.020785682506062,1.0,0.014672340738709058,2.6803880792038077,0.9647097489676949,0.3360277136258661,0.6269196957863491,0.527454709520557
"frozenset({'PINK REGENCY TEACUP AND SAUCER', 'ROSES REGENCY TEACUP AND SAUCER'})",frozenset({'REGENCY CAKESTAND 3 TIER'}),0.02924791086350975,0.0902614098992929,0.015588172273409043,0.532967032967033,5.904705383637134,1.0,0.012948214602259808,1.9479108635097493,0.8556701030927835,0.15,0.48662948662948663,0.352833664851469
frozenset({'PINK REGENCY TEACUP AND SAUCER'}),"frozenset({'REGENCY CAKESTAND 3 TIER', 'ROSES REGENCY TEACUP AND SAUCER'})",0.037658024426826656,0.02431969145061067,0.015588172273409043,0.4139402560455192,17.020785682506062,1.0,0.014672340738709058,1.6648137303646133,0.978080899955335,0.3360277136258661,0.3993322004972961,0.527454709520557
frozenset({'ROSES REGENCY TEACUP AND SAUCER'}),"frozenset({'REGENCY CAKESTAND 3 TIER', 'PINK REGENCY TEACUP AND SAUCER'})",0.051264195414613245,0.018641525605313906,0.015588172273409043,0.30407523510971785,16.311714048931645,1.0,0.014632529461951715,1.4101502402338055,0.989415978304589,0.2869822485207101,0.29085570354957496,0.570141065830721
"frozenset({""POPPY'S PLAYHOUSE BEDROOM"", ""POPPY'S PLAYHOUSE LIVINGROOM""})","frozenset({""POPPY'S PLAYHOUSE KITCHEN""})",0.011892007713734734,0.020087850867795156,0.01007070923505464,0.8468468468468469,42.15716516516517,1.0,0.009831824357582467,6.398249914922044,0.9880288870792493,0.4596577017114914,0.8437072616266844,0.6740900900900901
"frozenset({""POPPY'S PLAYHOUSE BEDROOM"", ""POPPY'S PLAYHOUSE KITCHEN""})","frozenset({""POPPY'S PLAYHOUSE LIVINGROOM""})",0.014195414613241912,0.015159631454896079,0.01007070923505464,0.7094339622641509,46.79757317154477,1.0,0.009855511981168446,3.3893856839539285,0.992723492122584,0.5222222222222223,0.7049612840656605,0.6868724581638777
"frozenset({""POPPY'S PLAYHOUSE LIVINGROOM"", ""POPPY'S PLAYHOUSE KITCHEN""})","frozenset({""POPPY'S PLAYHOUSE BEDROOM""})",0.011945575316048854,0.019498607242339833,0.01007070923505464,0.8430493273542602,43.2363869314542,1.0,0.009837787153683213,6.247194588141667,0.988681704665394,0.4711779448621555,0.8399281492050551,0.6797664219188884
"frozenset({""POPPY'S PLAYHOUSE BEDROOM""})","frozenset({""POPPY'S PLAYHOUSE LIVINGROOM"", ""POPPY'S PLAYHOUSE KITCHEN""})",0.019498607242339833,0.011945575316048854,0.01007070923505464,0.5164835164835165,43.2363869314542,1.0,0.009837787153683213,2.0434761965054444,0.9962977514506769,0.4711779448621555,0.5106378035085002,0.6797664219188884
"frozenset({""POPPY'S PLAYHOUSE LIVINGROOM""})","frozenset({""POPPY'S PLAYHOUSE BEDROOM"", ""POPPY'S PLAYHOUSE KITCHEN""})",0.015159631454896079,0.014195414613241912,0.01007070923505464,0.6643109540636043,46.79757317154477,1.0,0.009855511981168446,2.9366599754152904,0.9936954270074471,0.5222222222222223,0.6594770901733068,0.6868724581638777
"frozenset({""POPPY'S PLAYHOUSE KITCHEN""})","frozenset({""POPPY'S PLAYHOUSE BEDROOM"", ""POPPY'S PLAYHOUSE LIVINGROOM""})",0.020087850867795156,0.011892007713734734,0.01007070923505464,0.5013333333333334,42.15716516516517,1.0,0.009831824357582467,1.9814999845312808,0.996292617452787,0.4596577017114914,0.4953318153890637,0.6740900900900901
"frozenset({'STRAWBERRY CHARLOTTE BAG', 'RED RETROSPOT CHARLOTTE BAG'})",frozenset({'WOODLAND CHARLOTTE BAG'}),0.024533961859867153,0.03658667238054425,0.016338118705806728,0.6659388646288209,18.201678952988036,1.0,0.015440502681043,2.883943163723599,0.9688292327220677,0.3648325358851674,0.6532525284898987,0.556249080923488
"frozenset({'STRAWBERRY CHARLOTTE BAG', 'WOODLAND CHARLOTTE BAG'})",frozenset({'RED RETROSPOT CHARLOTTE BAG'}),0.020034283265481036,0.04847868009427898,0.016338118705806728,0.8155080213903744,16.821993086536477,1.0,0.015366883096461306,5.157521357170141,0.959782567786267,0.31314168377823415,0.8061084131799532,0.5762622979880049
"frozenset({'WOODLAND CHARLOTTE BAG', 'RED RETROSPOT CHARLOTTE BAG'})",frozenset({'STRAWBERRY CHARLOTTE BAG'}),0.0230876365973859,0.03605099635740304,0.016338118705806728,0.7076566125290024,19.629321905930784,1.0,0.015505786402933323,3.297317623571106,0.971485100098251,0.3817271589486859,0.6967231810331435,0.5804256316731193
frozenset({'STRAWBERRY CHARLOTTE BAG'}),"frozenset({'WOODLAND CHARLOTTE BAG', 'RED RETROSPOT CHARLOTTE BAG'})",0.03605099635740304,0.0230876365973859,0.016338118705806728,0.4531946508172363,19.629321905930784,1.0,0.015505786402933323,1.7865815776357592,0.9845498066402781,0.3817271589486859,0.4402718507131747,0.5804256316731193
frozenset({'RED RETROSPOT CHARLOTTE BAG'}),"frozenset({'STRAWBERRY CHARLOTTE BAG', 'WOODLAND CHARLOTTE BAG'})",0.04847868009427898,0.020034283265481036,0.016338118705806728,0.3370165745856354,16.821993086536477,1.0,0.015366883096461306,1.478114956074566,0.9884739230468934,0.31314168377823415,0.3234626333423331,0.5762622979880049
frozenset({'WOODLAND CHARLOTTE BAG'}),"frozenset({'STRAWBERRY CHARLOTTE BAG', 'RED RETROSPOT CHARLOTTE BAG'})",0.03658667238054425,0.024533961859867153,0.016338118705806728,0.4465592972181552,18.201678952988036,1.0,0.015440502681043,1.762548423411933,0.9809496985192578,0.3648325358851674,0.432639701288771,0.556249080923488
"frozenset({'REGENCY TEA PLATE PINK', 'REGENCY TEA PLATE ROSES'})",frozenset({'REGENCY TEA PLATE GREEN'}),0.012641954146132419,0.01799871437754446,0.011945575316048854,0.9449152542372882,52.49904156577886,1.0,0.011718036394198602,17.827100262069205,0.9935119659317388,0.6389684813753582,0.9439056276511943,0.8043028652138822
"frozenset({'REGENCY TEA PLATE PINK', 'REGENCY TEA PLATE GREEN'})",frozenset({'REGENCY TEA PLATE ROSES'}),0.01290979215770302,0.02040925648167988,0.011945575316048854,0.9253112033195021,45.33782032432668,1.0,0.011682096056777114,13.115631621550849,0.9907335234585826,0.5588972431077696,0.9237551016333169,0.7553065202949216
"frozenset({'REGENCY TEA PLATE ROSES', 'REGENCY TEA PLATE GREEN'})",frozenset({'REGENCY TEA PLATE PINK'}),0.015052496250267838,0.014248982215556032,0.011945575316048854,0.7935943060498221,55.694806411045406,1.0,0.011731092564679064,4.7757937240935995,0.9970531431716844,0.6882716049382716,0.7906107219507704,0.8159700853557381
frozenset({'REGENCY TEA PLATE PINK'}),"frozenset({'REGENCY TEA PLATE ROSES', 'REGENCY TEA PLATE GREEN'})",0.014248982215556032,0.015052496250267838,0.011945575316048854,0.8383458646616542,55.69480641104541,1.0,0.011731092564679064,6.092931069707647,0.9962404164491773,0.6882716049382716,0.8358753794258856,0.8159700853557381
frozenset({'REGENCY TEA PLATE ROSES'}),"frozenset({'REGENCY TEA PLATE PINK', 'REGENCY TEA PLATE GREEN'})",0.02040925648167988,0.01290979215770302,0.011945575316048854,0.5853018372703412,45.337820324326685,1.0,0.011682096056777114,2.3802618303032608,0.9983182936934053,0.5588972431077696,0.579878151525627,0.7553065202949216
frozenset({'REGENCY TEA PLATE GREEN'}),"frozenset({'REGENCY TEA PLATE PINK', 'REGENCY TEA PLATE ROSES'})",0.01799871437754446,0.012641954146132419,0.011945575316048854,0.6636904761904763,52.49904156577886,1.0,0.011718036394198602,2.9358610920964563,0.998931516258663,0.6389684813753582,0.6593844297701721,0.8043028652138822
"frozenset({'SET/6 RED SPOTTY PAPER PLATES', 'SET/6 RED SPOTTY PAPER CUPS'})",frozenset({'SET/20 RED RETROSPOT PAPER NAPKINS'}),0.013606170987786586,0.04499678594386115,0.010338547246625241,0.7598425196850395,16.886595425571805,1.0,0.009726313283172234,3.9765707601681863,0.9537584322809126,0.21420643729189787,0.7485270449562663,0.4948022122234721
"frozenset({'SET/6 RED SPOTTY PAPER PLATES', 'SET/20 RED RETROSPOT PAPER NAPKINS'})",frozenset({'SET/6 RED SPOTTY PAPER CUPS'}),0.015534604671094921,0.017141632740518536,0.010338547246625241,0.6655172413793103,38.824612068965514,1.0,0.010072258758584187,2.9384425412912334,0.9896164427280421,0.4628297362110312,0.6596836637273253,0.6343211206896551
"frozenset({'SET/6 RED SPOTTY PAPER CUPS', 'SET/20 RED RETROSPOT PAPER NAPKINS'})",frozenset({'SET/6 RED SPOTTY PAPER PLATES'}),0.011892007713734734,0.022391257767302334,0.010338547246625241,0.8693693693693693,38.826285615759296,1.0,0.010072270236536259,7.483763475022714,0.9859694085354309,0.43176733780760634,0.8663773910897198,0.6655459287038235
frozenset({'SET/6 RED SPOTTY PAPER PLATES'}),"frozenset({'SET/6 RED SPOTTY PAPER CUPS', 'SET/20 RED RETROSPOT PAPER NAPKINS'})",0.022391257767302334,0.011892007713734734,0.010338547246625241,0.46172248803827753,38.826285615759296,1.0,0.010072270236536259,1.8356850701140395,0.9965584498544963,0.43176733780760634,0.4552442484386081,0.6655459287038235
frozenset({'SET/6 RED SPOTTY PAPER CUPS'}),"frozenset({'SET/6 RED SPOTTY PAPER PLATES', 'SET/20 RED RETROSPOT PAPER NAPKINS'})",0.017141632740518536,0.015534604671094921,0.010338547246625241,0.6031249999999999,38.824612068965514,1.0,0.010072258758584187,2.4805427283877917,0.991234520626551,0.4628297362110312,0.5968624170203504,0.6343211206896551
frozenset({'SET/20 RED RETROSPOT PAPER NAPKINS'}),"frozenset({'SET/6 RED SPOTTY PAPER PLATES', 'SET/6 RED SPOTTY PAPER CUPS'})",0.04499678594386115,0.013606170987786586,0.010338547246625241,0.22976190476190475,16.886595425571805,1.0,0.009726313283172234,1.2806349557500143,0.9851081317041016,0.21420643729189787,0.21913735408359064,0.4948022122234721
"frozenset({'WHITE HANGING HEART T-LIGHT HOLDER', 'WOODEN FRAME ANTIQUE WHITE'})",frozenset({'WOODEN PICTURE FRAME WHITE FINISH'}),0.017784443968287978,0.05763874008999357,0.011570602099850011,0.6506024096385543,11.287589017781164,1.0,0.010545529156316806,2.697102916294157,0.92790947579342,0.18120805369127518,0.6292317975859784,0.42567295203117306
"frozenset({'WHITE HANGING HEART T-LIGHT HOLDER', 'WOODEN PICTURE FRAME WHITE FINISH'})",frozenset({'WOODEN FRAME ANTIQUE WHITE'}),0.02164131133490465,0.05046068137990144,0.011570602099850011,0.5346534653465347,10.59544680582708,1.0,0.010478566783936138,2.040499386821914,0.9256521633328466,0.19115044247787613,0.5099238909561723,0.38197641420192974
"frozenset({'WOODEN FRAME ANTIQUE WHITE', 'WOODEN PICTURE FRAME WHITE FINISH'})",frozenset({'WHITE HANGING HEART T-LIGHT HOLDER'}),0.02828369402185558,0.11602742661238483,0.011570602099850011,0.4090909090909091,3.525812138000504,1.0,0.008288917867402015,1.4959535857328874,0.7372289599411981,0.08716707021791768,0.3315300624717666,0.2544069503903299
frozenset({'WOODEN FRAME ANTIQUE WHITE'}),"frozenset({'WHITE HANGING HEART T-LIGHT HOLDER', 'WOODEN PICTURE FRAME WHITE FINISH'})",0.05046068137990144,0.02164131133490465,0.011570602099850011,0.22929936305732485,10.59544680582708,1.0,0.010478566783936138,1.2694406125654543,0.9537465367883963,0.19115044247787613,0.21225145146485655,0.38197641420192974
frozenset({'WOODEN PICTURE FRAME WHITE FINISH'}),"frozenset({'WHITE HANGING HEART T-LIGHT HOLDER', 'WOODEN FRAME ANTIQUE WHITE'})",0.05763874008999357,0.017784443968287978,0.011570602099850011,0.20074349442379183,11.287589017781164,1.0,0.010545529156316806,1.2289115561513049,0.9671525777710408,0.18120805369127518,0.18627179067971997,0.42567295203117306
"frozenset({'WOODEN HEART CHRISTMAS SCANDINAVIAN', 'WOODEN TREE CHRISTMAS SCANDINAVIAN'})",frozenset({'WOODEN STAR CHRISTMAS SCANDINAVIAN'}),0.012427683736875937,0.025658881508463682,0.011731304906792372,0.9439655172413793,36.78903606651789,1.0,0.011412424442363211,17.38824149923358,0.9850600027145618,0.44512195121951215,0.942489871673103,0.700584011230293
"frozenset({'WOODEN HEART CHRISTMAS SCANDINAVIAN', 'WOODEN STAR CHRISTMAS SCANDINAVIAN'})",frozenset({'WOODEN TREE CHRISTMAS SCANDINAVIAN'}),0.019712877651596315,0.01660595671737733,0.011731304906792372,0.5951086956521738,35.83706171107994,1.0,0.011403953713735008,2.4287852881074166,0.991644085136113,0.4771241830065359,0.5882715508462132,0.6507801542776999
"frozenset({'WOODEN TREE CHRISTMAS SCANDINAVIAN', 'WOODEN STAR CHRISTMAS SCANDINAVIAN'})",frozenset({'WOODEN HEART CHRISTMAS SCANDINAVIAN'}),0.014088279408613671,0.027265909577887295,0.011731304906792372,0.832699619771863,30.539953834776302,1.0,0.011347175154329099,5.814296949568534,0.9810777049615512,0.3960216998191682,0.8280101603558092,0.631477511261177
frozenset({'WOODEN HEART CHRISTMAS SCANDINAVIAN'}),"frozenset({'WOODEN TREE CHRISTMAS SCANDINAVIAN', 'WOODEN STAR CHRISTMAS SCANDINAVIAN'})",0.027265909577887295,0.014088279408613671,0.011731304906792372,0.4302554027504911,30.539953834776306,1.0,0.011347175154329099,1.7304450544172951,0.9943683660893964,0.3960216998191682,0.42211398307775977,0.631477511261177
frozenset({'WOODEN TREE CHRISTMAS SCANDINAVIAN'}),"frozenset({'WOODEN HEART CHRISTMAS SCANDINAVIAN', 'WOODEN STAR CHRISTMAS SCANDINAVIAN'})",0.01660595671737733,0.019712877651596315,0.011731304906792372,0.7064516129032259,35.83706171107995,1.0,0.011403953713735008,3.339439647560497,0.9885110991388423,0.4771241830065359,0.7005485633703509,0.6507801542776999
frozenset({'WOODEN STAR CHRISTMAS SCANDINAVIAN'}),"frozenset({'WOODEN HEART CHRISTMAS SCANDINAVIAN', 'WOODEN TREE CHRISTMAS SCANDINAVIAN'})",0.025658881508463682,0.012427683736875937,0.011731304906792372,0.45720250521920663,36.78903606651789,1.0,0.011412424442363211,1.8194120749616782,0.9984367590326936,0.44512195121951215,0.4503719010323362,0.700584011230293
"frozenset({'STRAWBERRY CHARLOTTE BAG', 'CHARLOTTE BAG SUKI DESIGN', 'CHARLOTTE BAG PINK POLKADOT'})",frozenset({'RED RETROSPOT CHARLOTTE BAG'}),0.013927576601671309,0.04847868009427898,0.01274908935076066,0.9153846153846155,18.882209944751384,1.0,0.012073898820199672,11.245251962522168,0.9604163699378057,0.2567421790722762,0.9110735799133031,0.58918402039949
"frozenset({'STRAWBERRY CHARLOTTE BAG', 'CHARLOTTE BAG SUKI DESIGN', 'RED RETROSPOT CHARLOTTE BAG'})",frozenset({'CHARLOTTE BAG PINK POLKADOT'}),0.017248767945146775,0.036104563959717166,0.01274908935076066,0.7391304347826088,20.47193910463166,1.0,0.012126330105258789,3.694932504821085,0.9678468138590877,0.3139841688654354,0.7293590617162243,0.546123080892788
"frozenset({'STRAWBERRY CHARLOTTE BAG', 'CHARLOTTE BAG PINK POLKADOT', 'RED RETROSPOT CHARLOTTE BAG'})",frozenset({'CHARLOTTE BAG SUKI DESIGN'}),0.01687379472894793,0.04306835226055282,0.01274908935076066,0.7555555555555556,17.54317302377004,1.0,0.01202236281540207,3.9147203771159216,0.9591828231319771,0.2701475595913735,0.7445539135194309,0.5257877280265341
"frozenset({'CHARLOTTE BAG SUKI DESIGN', 'CHARLOTTE BAG PINK POLKADOT', 'RED RETROSPOT CHARLOTTE BAG'})",frozenset({'STRAWBERRY CHARLOTTE BAG'}),0.01676665952431969,0.03605099635740304,0.01274908935076066,0.7603833865814696,21.091882705353456,1.0,0.012144634569323593,4.0228805085351045,0.968832479872908,0.31818181818181823,0.7514218983441442,0.557011901314509
"frozenset({'STRAWBERRY CHARLOTTE BAG', 'CHARLOTTE BAG SUKI DESIGN'})","frozenset({'CHARLOTTE BAG PINK POLKADOT', 'RED RETROSPOT CHARLOTTE BAG'})",0.021052067709449326,0.025658881508463682,0.01274908935076066,0.6055979643765903,23.601884757791623,1.0,0.012208916839895745,2.4704261907559597,0.978224143282484,0.3753943217665615,0.5952115453835938,0.5512332201841198
"frozenset({'STRAWBERRY CHARLOTTE BAG', 'CHARLOTTE BAG PINK POLKADOT'})","frozenset({'CHARLOTTE BAG SUKI DESIGN', 'RED RETROSPOT CHARLOTTE BAG'})",0.01939147203771159,0.0254446110992072,0.01274908935076066,0.6574585635359117,25.838813608607158,1.0,0.012255680886119938,2.8450729901781218,0.9803081507922737,0.39732888146911516,0.6485151686961139,0.5792555975574295
"frozenset({'STRAWBERRY CHARLOTTE BAG', 'RED RETROSPOT CHARLOTTE BAG'})","frozenset({'CHARLOTTE BAG SUKI DESIGN', 'CHARLOTTE BAG PINK POLKADOT'})",0.024533961859867153,0.020569959288622243,0.01274908935076066,0.519650655021834,25.262600072780202,1.0,0.012244426754114583,2.038995266571868,0.9845712255248064,0.39403973509933776,0.509562373000853,0.5697211608442503
"frozenset({'CHARLOTTE BAG SUKI DESIGN', 'CHARLOTTE BAG PINK POLKADOT'})","frozenset({'STRAWBERRY CHARLOTTE BAG', 'RED RETROSPOT CHARLOTTE BAG'})",0.020569959288622243,0.024533961859867153,0.01274908935076066,0.6197916666666666,25.262600072780202,1.0,0.012244426754114583,2.565609305793226,0.9805864152705493,0.39403973509933776,0.6102290408200622,0.5697211608442503
"frozenset({'CHARLOTTE BAG SUKI DESIGN', 'RED RETROSPOT CHARLOTTE BAG'})","frozenset({'STRAWBERRY CHARLOTTE BAG', 'CHARLOTTE BAG PINK POLKADOT'})",0.0254446110992072,0.01939147203771159,0.01274908935076066,0.5010526315789473,25.83881360860715,1.0,0.012255680886119938,1.9653546446501557,0.986397021294089,0.39732888146911516,0.49118597871276026,0.5792555975574295
"frozenset({'CHARLOTTE BAG PINK POLKADOT', 'RED RETROSPOT CHARLOTTE BAG'})","frozenset({'STRAWBERRY CHARLOTTE BAG', 'CHARLOTTE BAG SUKI DESIGN'})",0.025658881508463682,0.021052067709449326,0.01274908935076066,0.49686847599164924,23.601884757791623,1.0,0.012208916839895745,1.945709790735161,0.9828493165367748,0.3753943217665615,0.48604873925100456,0.5512332201841198
frozenset({'STRAWBERRY CHARLOTTE BAG'}),"frozenset({'CHARLOTTE BAG SUKI DESIGN', 'CHARLOTTE BAG PINK POLKADOT', 'RED RETROSPOT CHARLOTTE BAG'})",0.03605099635740304,0.01676665952431969,0.01274908935076066,0.3536404160475483,21.091882705353456,1.0,0.012144634569323593,1.5211862945750183,0.9882145133685594,0.31818181818181823,0.34261832126263314,0.557011901314509
frozenset({'CHARLOTTE BAG SUKI DESIGN'}),"frozenset({'STRAWBERRY CHARLOTTE BAG', 'CHARLOTTE BAG PINK POLKADOT', 'RED RETROSPOT CHARLOTTE BAG'})",0.04306835226055282,0.01687379472894793,0.01274908935076066,0.2960199004975124,17.543173023770038,1.0,0.01202236281540207,1.396525563671247,0.9854390031874819,0.2701475595913735,0.2839372038624509,0.5257877280265341
frozenset({'CHARLOTTE BAG PINK POLKADOT'}),"frozenset({'STRAWBERRY CHARLOTTE BAG', 'CHARLOTTE BAG SUKI DESIGN', 'RED RETROSPOT CHARLOTTE BAG'})",0.036104563959717166,0.017248767945146775,0.01274908935076066,0.35311572700296734,20.47193910463166,1.0,0.012126330105258789,1.5192071798279154,0.9867799070278328,0.3139841688654354,0.34176193130335736,0.546123080892788
frozenset({'RED RETROSPOT CHARLOTTE BAG'}),"frozenset({'STRAWBERRY CHARLOTTE BAG', 'CHARLOTTE BAG SUKI DESIGN', 'CHARLOTTE BAG PINK POLKADOT'})",0.04847868009427898,0.013927576601671309,0.01274908935076066,0.26298342541436465,18.88220994475138,1.0,0.012073898820199672,1.3379243525869375,0.9952904654515076,0.2567421790722762,0.25257358679027375,0.58918402039949
"frozenset({'CHARLOTTE BAG SUKI DESIGN', 'CHARLOTTE BAG PINK POLKADOT', 'RED RETROSPOT CHARLOTTE BAG'})",frozenset({'WOODLAND CHARLOTTE BAG'}),0.01676665952431969,0.03658667238054425,0.012856224555388901,0.7667731629392971,20.95771801720468,1.0,0.012242788276456484,4.130799610203967,0.9685237900662852,0.3174603174603175,0.7579161193078009,0.5590820426702342
"frozenset({'CHARLOTTE BAG SUKI DESIGN', 'WOODLAND CHARLOTTE BAG', 'RED RETROSPOT CHARLOTTE BAG'})",frozenset({'CHARLOTTE BAG PINK POLKADOT'}),0.01687379472894793,0.036104563959717166,0.012856224555388901,0.761904761904762,21.102727144270172,1.0,0.012247003554354463,4.048360831369189,0.9689628398626927,0.32042723631508674,0.7529864452171888,0.5589939239790872
"frozenset({'CHARLOTTE BAG SUKI DESIGN', 'CHARLOTTE BAG PINK POLKADOT', 'WOODLAND CHARLOTTE BAG'})",frozenset({'RED RETROSPOT CHARLOTTE BAG'}),0.014731090636383115,0.04847868009427898,0.012856224555388901,0.8727272727272728,18.002290306378708,1.0,0.012142080724987856,7.4762389421163835,0.9585723282408163,0.25531914893617025,0.8662429053241417,0.5689603214465093
"frozenset({'WOODLAND CHARLOTTE BAG', 'CHARLOTTE BAG PINK POLKADOT', 'RED RETROSPOT CHARLOTTE BAG'})",frozenset({'CHARLOTTE BAG SUKI DESIGN'}),0.016070280694236126,0.04306835226055282,0.012856224555388901,0.8,18.575124378109454,1.0,0.012164104045523578,4.7846582386972365,0.961618031358885,0.2777777777777778,0.790998656515898,0.5492537313432836
"frozenset({'CHARLOTTE BAG SUKI DESIGN', 'RED RETROSPOT CHARLOTTE BAG'})","frozenset({'CHARLOTTE BAG PINK POLKADOT', 'WOODLAND CHARLOTTE BAG'})",0.0254446110992072,0.01912363402614099,0.012856224555388901,0.5052631578947369,26.420875718708537,1.0,0.012369631124790177,1.9826224418620555,0.9872718902874732,0.40540540540540543,0.49561753217076887,0.5887660327288811
"frozenset({'CHARLOTTE BAG SUKI DESIGN', 'CHARLOTTE BAG PINK POLKADOT'})","frozenset({'WOODLAND CHARLOTTE BAG', 'RED RETROSPOT CHARLOTTE BAG'})",0.020569959288622243,0.0230876365973859,0.012856224555388901,0.625,27.070765661252903,1.0,0.012381312810510168,2.6050996357403045,0.983285933056224,0.4173913043478261,0.6161375226188518,0.5909222737819027
"frozenset({'CHARLOTTE BAG SUKI DESIGN', 'WOODLAND CHARLOTTE BAG'})","frozenset({'CHARLOTTE BAG PINK POLKADOT', 'RED RETROSPOT CHARLOTTE BAG'})",0.022123419755731732,0.025658881508463682,0.012856224555388901,0.5811138014527846,22.647666900878043,1.0,0.012288562349314577,2.326028219289044,0.9774703277640829,0.36809815950920244,0.570082601875891,0.5410788213944507
"frozenset({'CHARLOTTE BAG PINK POLKADOT', 'RED RETROSPOT CHARLOTTE BAG'})","frozenset({'CHARLOTTE BAG SUKI DESIGN', 'WOODLAND CHARLOTTE BAG'})",0.025658881508463682,0.022123419755731732,0.012856224555388901,0.5010438413361169,22.64766690087804,1.0,0.012288562349314577,1.95984469429709,0.9810171440614291,0.36809815950920244,0.48975548781498934,0.5410788213944507
"frozenset({'WOODLAND CHARLOTTE BAG', 'RED RETROSPOT CHARLOTTE BAG'})","frozenset({'CHARLOTTE BAG SUKI DESIGN', 'CHARLOTTE BAG PINK POLKADOT'})",0.0230876365973859,0.020569959288622243,0.012856224555388901,0.5568445475638052,27.070765661252903,1.0,0.012381312810510168,2.210127474065989,0.9858200361901629,0.4173913043478261,0.5475374105185471,0.5909222737819027
"frozenset({'CHARLOTTE BAG PINK POLKADOT', 'WOODLAND CHARLOTTE BAG'})","frozenset({'CHARLOTTE BAG SUKI DESIGN', 'RED RETROSPOT CHARLOTTE BAG'})",0.01912363402614099,0.0254446110992072,0.012856224555388901,0.6722689075630253,26.420875718708537,1.0,0.012369631124790177,2.973643366133189,0.9809096990879799,0.40540540540540543,0.6637121951512426,0.5887660327288811
frozenset({'CHARLOTTE BAG SUKI DESIGN'}),"frozenset({'WOODLAND CHARLOTTE BAG', 'CHARLOTTE BAG PINK POLKADOT', 'RED RETROSPOT CHARLOTTE BAG'})",0.04306835226055282,0.016070280694236126,0.012856224555388901,0.29850746268656714,18.57512437810945,1.0,0.012164104045523578,1.4026232168826847,0.9887483206448725,0.2777777777777778,0.28705015861459254,0.5492537313432836
frozenset({'RED RETROSPOT CHARLOTTE BAG'}),"frozenset({'CHARLOTTE BAG SUKI DESIGN', 'CHARLOTTE BAG PINK POLKADOT', 'WOODLAND CHARLOTTE BAG'})",0.04847868009427898,0.014731090636383115,0.012856224555388901,0.2651933701657459,18.002290306378708,1.0,0.012142080724987856,1.3408546811640198,0.9925699956839124,0.25531914893617025,0.25420702627380765,0.5689603214465093
frozenset({'CHARLOTTE BAG PINK POLKADOT'}),"frozenset({'CHARLOTTE BAG SUKI DESIGN', 'WOODLAND CHARLOTTE BAG', 'RED RETROSPOT CHARLOTTE BAG'})",0.036104563959717166,0.01687379472894793,0.012856224555388901,0.35608308605341243,21.102727144270172,1.0,0.012247003554354463,1.5267904662504357,0.9882947093475604,0.32042723631508674,0.34503127828938607,0.5589939239790872
frozenset({'WOODLAND CHARLOTTE BAG'}),"frozenset({'CHARLOTTE BAG SUKI DESIGN', 'CHARLOTTE BAG PINK POLKADOT', 'RED RETROSPOT CHARLOTTE BAG'})",0.03658667238054425,0.01676665952431969,0.012856224555388901,0.35139092240117126,20.95771801720468,1.0,0.012242788276456484,1.515910545248058,0.9884489389305903,0.3174603174603175,0.3403304679588703,0.5590820426702342
"frozenset({'STRAWBERRY CHARLOTTE BAG', 'CHARLOTTE BAG SUKI DESIGN', 'CHARLOTTE BAG PINK POLKADOT'})",frozenset({'WOODLAND CHARLOTTE BAG'}),0.013927576601671309,0.03658667238054425,0.011409899292907649,0.8192307692307692,22.391508052708637,1.0,0.010900335610727367,5.329520535767202,0.9688337179385162,0.2917808219178082,0.812365860439255,0.5655451064309044
"frozenset({'STRAWBERRY CHARLOTTE BAG', 'CHARLOTTE BAG SUKI DESIGN', 'WOODLAND CHARLOTTE BAG'})",frozenset({'CHARLOTTE BAG PINK POLKADOT'}),0.01537390186415256,0.036104563959717166,0.011409899292907649,0.7421602787456445,20.555857690836337,1.0,0.010854831269742939,3.7383512181562306,0.9662064292251159,0.28475935828877,0.7325023943327604,0.5290920088090241
"frozenset({'STRAWBERRY CHARLOTTE BAG', 'CHARLOTTE BAG PINK POLKADOT', 'WOODLAND CHARLOTTE BAG'})",frozenset({'CHARLOTTE BAG SUKI DESIGN'}),0.013391900578530106,0.04306835226055282,0.011409899292907649,0.8519999999999999,19.782507462686564,1.0,0.010833132201353214,6.46575437661788,0.9623378232255954,0.25326991676575505,0.8453390058217644,0.5584626865671641
"frozenset({'CHARLOTTE BAG SUKI DESIGN', 'CHARLOTTE BAG PINK POLKADOT', 'WOODLAND CHARLOTTE BAG'})",frozenset({'STRAWBERRY CHARLOTTE BAG'}),0.014731090636383115,0.03605099635740304,0.011409899292907649,0.7745454545454545,21.48471700661894,1.0,0.010878828798034828,4.275580258092163,0.9677107207298961,0.28979591836734697,0.76611361741898,0.5455193840335
"frozenset({'STRAWBERRY CHARLOTTE BAG', 'CHARLOTTE BAG SUKI DESIGN'})","frozenset({'CHARLOTTE BAG PINK POLKADOT', 'WOODLAND CHARLOTTE BAG'})",0.021052067709449326,0.01912363402614099,0.011409899292907649,0.5419847328244274,28.341095216712635,1.0,0.0110073072545386,2.141580065709592,0.9854615518005433,0.39664804469273734,0.5330550484608383,0.5693116941433061
"frozenset({'STRAWBERRY CHARLOTTE BAG', 'CHARLOTTE BAG PINK POLKADOT'})","frozenset({'CHARLOTTE BAG SUKI DESIGN', 'WOODLAND CHARLOTTE BAG'})",0.01939147203771159,0.022123419755731732,0.011409899292907649,0.5883977900552486,26.59614998729148,1.0,0.010980893617335822,2.3757806848887593,0.9814319838694208,0.3790035587188612,0.5790857269105112,0.5520681444222975
"frozenset({'STRAWBERRY CHARLOTTE BAG', 'WOODLAND CHARLOTTE BAG'})","frozenset({'CHARLOTTE BAG SUKI DESIGN', 'CHARLOTTE BAG PINK POLKADOT'})",0.020034283265481036,0.020569959288622243,0.011409899292907649,0.56951871657754,27.686915106951865,1.0,0.010997794901759977,2.2751977343233243,0.9835873225578462,0.3908256880733945,0.5604777620361802,0.56210310828877
"frozenset({'CHARLOTTE BAG SUKI DESIGN', 'CHARLOTTE BAG PINK POLKADOT'})","frozenset({'STRAWBERRY CHARLOTTE BAG', 'WOODLAND CHARLOTTE BAG'})",0.020569959288622243,0.020034283265481036,0.011409899292907649,0.5546874999999999,27.68691510695187,1.0,0.010997794901759977,2.2006247674038315,0.984125272307659,0.3908256880733945,0.5455835929813052,0.56210310828877
"frozenset({'CHARLOTTE BAG SUKI DESIGN', 'WOODLAND CHARLOTTE BAG'})","frozenset({'STRAWBERRY CHARLOTTE BAG', 'CHARLOTTE BAG PINK POLKADOT'})",0.022123419755731732,0.01939147203771159,0.011409899292907649,0.5157384987893463,26.596149987291483,1.0,0.010980893617335822,2.0249566102421257,0.9841738645145778,0.3790035587188612,0.506162258024665,0.5520681444222975
"frozenset({'CHARLOTTE BAG PINK POLKADOT', 'WOODLAND CHARLOTTE BAG'})","frozenset({'STRAWBERRY CHARLOTTE BAG', 'CHARLOTTE BAG SUKI DESIGN'})",0.01912363402614099,0.021052067709449326,0.011409899292907649,0.5966386554621849,28.341095216712638,1.0,0.0110073072545386,2.42697508213699,0.9835241034981667,0.39664804469273734,0.5879644552759544,0.5693116941433061
frozenset({'STRAWBERRY CHARLOTTE BAG'}),"frozenset({'CHARLOTTE BAG SUKI DESIGN', 'CHARLOTTE BAG PINK POLKADOT', 'WOODLAND CHARLOTTE BAG'})",0.03605099635740304,0.014731090636383115,0.011409899292907649,0.3164933135215453,21.484717006618936,1.0,0.010878828798034828,1.4414912521776395,0.989113825306195,0.28979591836734697,0.3062739725341275,0.5455193840335
frozenset({'CHARLOTTE BAG SUKI DESIGN'}),"frozenset({'STRAWBERRY CHARLOTTE BAG', 'CHARLOTTE BAG PINK POLKADOT', 'WOODLAND CHARLOTTE BAG'})",0.04306835226055282,0.013391900578530106,0.011409899292907649,0.26492537313432835,19.782507462686564,1.0,0.010833132201353214,1.3421876682484972,0.992181931715686,0.25326991676575505,0.2549477068993181,0.5584626865671641
frozenset({'CHARLOTTE BAG PINK POLKADOT'}),"frozenset({'STRAWBERRY CHARLOTTE BAG', 'CHARLOTTE BAG SUKI DESIGN', 'WOODLAND CHARLOTTE BAG'})",0.036104563959717166,0.01537390186415256,0.011409899292907649,0.31602373887240354,20.555857690836337,1.0,0.010854831269742939,1.439561800745252,0.9869867942417948,0.28475935828877,0.3053441682862755,0.5290920088090241
frozenset({'WOODLAND CHARLOTTE BAG'}),"frozenset({'STRAWBERRY CHARLOTTE BAG', 'CHARLOTTE BAG SUKI DESIGN', 'CHARLOTTE BAG PINK POLKADOT'})",0.03658667238054425,0.013927576601671309,0.011409899292907649,0.3118594436310395,22.391508052708637,1.0,0.010900335610727367,1.4329520535767202,0.991620299127729,0.2917808219178082,0.3021399442472971,0.5655451064309044
"frozenset({'STRAWBERRY CHARLOTTE BAG', 'CHARLOTTE BAG PINK POLKADOT', 'RED RETROSPOT CHARLOTTE BAG'})",frozenset({'WOODLAND CHARLOTTE BAG'}),0.01687379472894793,0.03658667238054425,0.012427683736875937,0.7365079365079366,20.130498036208138,1.0,0.011810327737311365,3.656327689158176,0.9666349295520604,0.3028720626631854,0.7265015378776847,0.5380929140812011
"frozenset({'STRAWBERRY CHARLOTTE BAG', 'WOODLAND CHARLOTTE BAG', 'RED RETROSPOT CHARLOTTE BAG'})",frozenset({'CHARLOTTE BAG PINK POLKADOT'}),0.016338118705806728,0.036104563959717166,0.012427683736875937,0.760655737704918,21.06813250960743,1.0,0.011837803085080686,4.027234356058716,0.9683560645751295,0.31057563587684067,0.7516906364052134,0.552434693778275
"frozenset({'STRAWBERRY CHARLOTTE BAG', 'CHARLOTTE BAG PINK POLKADOT', 'WOODLAND CHARLOTTE BAG'})",frozenset({'RED RETROSPOT CHARLOTTE BAG'}),0.013391900578530106,0.04847868009427898,0.012427683736875937,0.9279999999999999,19.14243535911602,1.0,0.011778462072874987,13.215573887579446,0.9606246325745804,0.25135427952329364,0.9243317007262286,0.5921767955801105
"frozenset({'WOODLAND CHARLOTTE BAG', 'CHARLOTTE BAG PINK POLKADOT', 'RED RETROSPOT CHARLOTTE BAG'})",frozenset({'STRAWBERRY CHARLOTTE BAG'}),0.016070280694236126,0.03605099635740304,0.012427683736875937,0.7733333333333333,21.451094601287767,1.0,0.011848334106105586,4.252716192540869,0.9689536900756939,0.31309041835357626,0.7648561637491895,0.5590292223873204
"frozenset({'STRAWBERRY CHARLOTTE BAG', 'RED RETROSPOT CHARLOTTE BAG'})","frozenset({'CHARLOTTE BAG PINK POLKADOT', 'WOODLAND CHARLOTTE BAG'})",0.024533961859867153,0.01912363402614099,0.012427683736875937,0.5065502183406113,26.488177803872638,1.0,0.011958505229056537,1.9877936974160504,0.9864488060747222,0.3979416809605489,0.4969296857617024,0.5782050811591012
"frozenset({'STRAWBERRY CHARLOTTE BAG', 'CHARLOTTE BAG PINK POLKADOT'})","frozenset({'WOODLAND CHARLOTTE BAG', 'RED RETROSPOT CHARLOTTE BAG'})",0.01939147203771159,0.0230876365973859,0.012427683736875937,0.6408839779005525,27.758751970875906,1.0,0.011979980477380883,2.720325196551895,0.9830378771610591,0.41354723707664887,0.6323968909057145,0.589583520272782
"frozenset({'STRAWBERRY CHARLOTTE BAG', 'WOODLAND CHARLOTTE BAG'})","frozenset({'CHARLOTTE BAG PINK POLKADOT', 'RED RETROSPOT CHARLOTTE BAG'})",0.020034283265481036,0.025658881508463682,0.012427683736875937,0.6203208556149733,24.175677938664553,1.0,0.011913626436459962,2.5662223825058774,0.9782343372426611,0.3735909822866344,0.6103221580416912,0.5523316177866098
"frozenset({'CHARLOTTE BAG PINK POLKADOT', 'RED RETROSPOT CHARLOTTE BAG'})","frozenset({'STRAWBERRY CHARLOTTE BAG', 'WOODLAND CHARLOTTE BAG'})",0.025658881508463682,0.020034283265481036,0.012427683736875937,0.4843423799582463,24.175677938664553,1.0,0.011913626436459962,1.9004193454082368,0.9838814099465195,0.3735909822866344,0.47380034705698826,0.5523316177866098
"frozenset({'WOODLAND CHARLOTTE BAG', 'RED RETROSPOT CHARLOTTE BAG'})","frozenset({'STRAWBERRY CHARLOTTE BAG', 'CHARLOTTE BAG PINK POLKADOT'})",0.0230876365973859,0.01939147203771159,0.012427683736875937,0.5382830626450116,27.758751970875903,1.0,0.011979980477380883,2.1238305304107854,0.9867572177063304,0.41354723707664887,0.5291526392143054,0.589583520272782
"frozenset({'CHARLOTTE BAG PINK POLKADOT', 'WOODLAND CHARLOTTE BAG'})","frozenset({'STRAWBERRY CHARLOTTE BAG', 'RED RETROSPOT CHARLOTTE BAG'})",0.01912363402614099,0.024533961859867153,0.012427683736875937,0.6498599439775911,26.48817780387264,1.0,0.011958505229056537,2.7859310049282198,0.981007741719223,0.3979416809605489,0.6410535658524805,0.5782050811591012
frozenset({'STRAWBERRY CHARLOTTE BAG'}),"frozenset({'WOODLAND CHARLOTTE BAG', 'CHARLOTTE BAG PINK POLKADOT', 'RED RETROSPOT CHARLOTTE BAG'})",0.03605099635740304,0.016070280694236126,0.012427683736875937,0.3447251114413076,21.451094601287767,1.0,0.011848334106105586,1.5015526101877077,0.9890381427791245,0.31309041835357626,0.3340226687928098,0.5590292223873204
frozenset({'RED RETROSPOT CHARLOTTE BAG'}),"frozenset({'STRAWBERRY CHARLOTTE BAG', 'CHARLOTTE BAG PINK POLKADOT', 'WOODLAND CHARLOTTE BAG'})",0.04847868009427898,0.013391900578530106,0.012427683736875937,0.256353591160221,19.14243535911602,1.0,0.011778462072874987,1.3267166864434328,0.9960470912998155,0.25135427952329364,0.24625957431746148,0.5921767955801105
frozenset({'CHARLOTTE BAG PINK POLKADOT'}),"frozenset({'STRAWBERRY CHARLOTTE BAG', 'WOODLAND CHARLOTTE BAG', 'RED RETROSPOT CHARLOTTE BAG'})",0.036104563959717166,0.016338118705806728,0.012427683736875937,0.344213649851632,21.06813250960743,1.0,0.011837803085080686,1.4999730950051724,0.9882139832051297,0.31057563587684067,0.333321375343368,0.552434693778275
frozenset({'WOODLAND CHARLOTTE BAG'}),"frozenset({'STRAWBERRY CHARLOTTE BAG', 'CHARLOTTE BAG PINK POLKADOT', 'RED RETROSPOT CHARLOTTE BAG'})",0.03658667238054425,0.01687379472894793,0.012427683736875937,0.33967789165446555,20.130498036208138,1.0,0.011810327737311365,1.48885853259452,0.9864137259977185,0.3028720626631854,0.3283445148698067,0.5380929140812011
"frozenset({'STRAWBERRY CHARLOTTE BAG', 'CHARLOTTE BAG SUKI DESIGN', 'RED RETROSPOT CHARLOTTE BAG'})",frozenset({'WOODLAND CHARLOTTE BAG'}),0.017248767945146775,0.03658667238054425,0.013338332976215984,0.7732919254658385,21.13589116339132,1.0,0.012707257954438866,4.249576595800886,0.9694082117196574,0.3293650793650793,0.7646824389544772,0.5689300037285269
"frozenset({'STRAWBERRY CHARLOTTE BAG', 'CHARLOTTE BAG SUKI DESIGN', 'WOODLAND CHARLOTTE BAG'})",frozenset({'RED RETROSPOT CHARLOTTE BAG'}),0.01537390186415256,0.04847868009427898,0.013338332976215984,0.867595818815331,17.89644060292221,1.0,0.012593026505942894,7.186489968761628,0.9588644551548231,0.264050901378579,0.8608500110141643,0.5713669701811461
"frozenset({'STRAWBERRY CHARLOTTE BAG', 'WOODLAND CHARLOTTE BAG', 'RED RETROSPOT CHARLOTTE BAG'})",frozenset({'CHARLOTTE BAG SUKI DESIGN'}),0.016338118705806728,0.04306835226055282,0.013338332976215984,0.8163934426229509,18.955762172742844,1.0,0.012634677124519572,5.211859867152348,0.9629788554643339,0.28953488372093017,0.8081299141785293,0.5630474675801321
"frozenset({'CHARLOTTE BAG SUKI DESIGN', 'WOODLAND CHARLOTTE BAG', 'RED RETROSPOT CHARLOTTE BAG'})",frozenset({'STRAWBERRY CHARLOTTE BAG'}),0.01687379472894793,0.03605099635740304,0.013338332976215984,0.7904761904761906,21.926611476685775,1.0,0.012730015863907117,4.600665699203305,0.9707739583627377,0.3369418132611638,0.7826401513647971,0.5802306658175901
"frozenset({'STRAWBERRY CHARLOTTE BAG', 'CHARLOTTE BAG SUKI DESIGN'})","frozenset({'WOODLAND CHARLOTTE BAG', 'RED RETROSPOT CHARLOTTE BAG'})",0.021052067709449326,0.0230876365973859,0.013338332976215984,0.6335877862595419,27.442730380262482,1.0,0.012852290487316656,2.6661566584529672,0.9842816409275955,0.4330434782608696,0.6249282663756719,0.6056570021784948
"frozenset({'STRAWBERRY CHARLOTTE BAG', 'RED RETROSPOT CHARLOTTE BAG'})","frozenset({'CHARLOTTE BAG SUKI DESIGN', 'WOODLAND CHARLOTTE BAG'})",0.024533961859867153,0.022123419755731732,0.013338332976215984,0.5436681222707423,24.574325681719657,1.0,0.012795557839719031,2.1429065729754777,0.9834346722419607,0.40032154340836007,0.53334409786635,0.5732868456390031
"frozenset({'STRAWBERRY CHARLOTTE BAG', 'WOODLAND CHARLOTTE BAG'})","frozenset({'CHARLOTTE BAG SUKI DESIGN', 'RED RETROSPOT CHARLOTTE BAG'})",0.020034283265481036,0.0254446110992072,0.013338332976215984,0.6657754010695187,26.165674078243736,1.0,0.012828568429874464,2.915869723591172,0.9814445274264215,0.415,0.6570491500668265,0.5949929636926541
"frozenset({'CHARLOTTE BAG SUKI DESIGN', 'RED RETROSPOT CHARLOTTE BAG'})","frozenset({'STRAWBERRY CHARLOTTE BAG', 'WOODLAND CHARLOTTE BAG'})",0.0254446110992072,0.020034283265481036,0.013338332976215984,0.5242105263157895,26.16567407824374,1.0,0.012828568429874464,2.05966245773848,0.9868931009035868,0.415,0.5144835522719556,0.5949929636926541
"frozenset({'CHARLOTTE BAG SUKI DESIGN', 'WOODLAND CHARLOTTE BAG'})","frozenset({'STRAWBERRY CHARLOTTE BAG', 'RED RETROSPOT CHARLOTTE BAG'})",0.022123419755731732,0.024533961859867153,0.013338332976215984,0.6029055690072639,24.574325681719653,1.0,0.012795557839719031,2.4565089862919196,0.9810104290071819,0.40032154340836007,0.5929182406495114,0.5732868456390031
"frozenset({'WOODLAND CHARLOTTE BAG', 'RED RETROSPOT CHARLOTTE BAG'})","frozenset({'STRAWBERRY CHARLOTTE BAG', 'CHARLOTTE BAG SUKI DESIGN'})",0.0230876365973859,0.021052067709449326,0.013338332976215984,0.5777262180974478,27.442730380262482,1.0,0.012852290487316656,2.3182777956990517,0.9863325650025666,0.4330434782608696,0.5686453099558498,0.6056570021784948
frozenset({'STRAWBERRY CHARLOTTE BAG'}),"frozenset({'CHARLOTTE BAG SUKI DESIGN', 'WOODLAND CHARLOTTE BAG', 'RED RETROSPOT CHARLOTTE BAG'})",0.03605099635740304,0.01687379472894793,0.013338332976215984,0.3699851411589896,21.926611476685775,1.0,0.012730015863907117,1.5604809814797596,0.9900869384735386,0.3369418132611638,0.3591719400183086,0.5802306658175901
frozenset({'CHARLOTTE BAG SUKI DESIGN'}),"frozenset({'STRAWBERRY CHARLOTTE BAG', 'WOODLAND CHARLOTTE BAG', 'RED RETROSPOT CHARLOTTE BAG'})",0.04306835226055282,0.016338118705806728,0.013338332976215984,0.30970149253731344,18.955762172742844,1.0,0.012634677124519572,1.4249804550640204,0.9898780073271141,0.28953488372093017,0.2982359888191781,0.5630474675801321
frozenset({'RED RETROSPOT CHARLOTTE BAG'}),"frozenset({'STRAWBERRY CHARLOTTE BAG', 'CHARLOTTE BAG SUKI DESIGN', 'WOODLAND CHARLOTTE BAG'})",0.04847868009427898,0.01537390186415256,0.013338332976215984,0.2751381215469613,17.89644060292221,1.0,0.012593026505942894,1.3583637481904602,0.9922247114902215,0.264050901378579,0.26382016500944855,0.5713669701811461
frozenset({'WOODLAND CHARLOTTE BAG'}),"frozenset({'STRAWBERRY CHARLOTTE BAG', 'CHARLOTTE BAG SUKI DESIGN', 'RED RETROSPOT CHARLOTTE BAG'})",0.03658667238054425,0.017248767945146775,0.013338332976215984,0.3645680819912152,21.13589116339132,1.0,0.012707257954438866,1.5465877684181215,0.9888664471620147,0.3293650793650793,0.3534152924131694,0.5689300037285269
"frozenset({'REGENCY CAKESTAND 3 TIER', 'PINK REGENCY TEACUP AND SAUCER', 'ROSES REGENCY TEACUP AND SAUCER'})",frozenset({'GREEN REGENCY TEACUP AND SAUCER'}),0.015588172273409043,0.05003214056138847,0.01414184701092779,0.9072164948453608,18.132674010463806,1.0,0.01336193738464945,10.23854248506059,0.959812661083271,0.2747138397502601,0.9023298480756285,0.5949358705490188
"frozenset({'REGENCY CAKESTAND 3 TIER', 'PINK REGENCY TEACUP AND SAUCER', 'GREEN REGENCY TEACUP AND SAUCER'})",frozenset({'ROSES REGENCY TEACUP AND SAUCER'}),0.016177415898864365,0.051264195414613245,0.01414184701092779,0.8741721854304636,17.052295044530712,1.0,0.013312524800984937,7.539952973283865,0.9568360013067625,0.2653266331658291,0.867373178116193,0.5750171271979905
"frozenset({'REGENCY CAKESTAND 3 TIER', 'ROSES REGENCY TEACUP AND SAUCER', 'GREEN REGENCY TEACUP AND SAUCER'})",frozenset({'PINK REGENCY TEACUP AND SAUCER'}),0.019230769230769232,0.037658024426826656,0.01414184701092779,0.7353760445682451,19.52773826458037,1.0,0.013417654233488816,3.63663967611336,0.9673945335710042,0.3308270676691729,0.725020873921514,0.5554547363666261
"frozenset({'PINK REGENCY TEACUP AND SAUCER', 'ROSES REGENCY TEACUP AND SAUCER', 'GREEN REGENCY TEACUP AND SAUCER'})",frozenset({'REGENCY CAKESTAND 3 TIER'}),0.026408827940861367,0.0902614098992929,0.01414184701092779,0.5354969574036511,5.932734243804961,1.0,0.011758148967197804,1.9585201961556709,0.8539967070984953,0.13793103448275862,0.4894104222346676,0.3460867576335763
"frozenset({'REGENCY CAKESTAND 3 TIER', 'PINK REGENCY TEACUP AND SAUCER'})","frozenset({'ROSES REGENCY TEACUP AND SAUCER', 'GREEN REGENCY TEACUP AND SAUCER'})",0.018641525605313906,0.037550889222198416,0.01414184701092779,0.7586206896551724,20.202469378720053,1.0,0.013441841147989873,3.98728917322232,0.9685564708217548,0.33630573248407647,0.7492030408238859,0.5676127699345762
"frozenset({'REGENCY CAKESTAND 3 TIER', 'ROSES REGENCY TEACUP AND SAUCER'})","frozenset({'PINK REGENCY TEACUP AND SAUCER', 'GREEN REGENCY TEACUP AND SAUCER'})",0.02431969145061067,0.030908506535247484,0.01414184701092779,0.5814977973568282,18.813519724535993,1.0,0.013390161668791388,2.3156186212263035,0.9704477241948417,0.3441981747066493,0.5681499574958415,0.5195183960787607
"frozenset({'REGENCY CAKESTAND 3 TIER', 'GREEN REGENCY TEACUP AND SAUCER'})","frozenset({'PINK REGENCY TEACUP AND SAUCER', 'ROSES REGENCY TEACUP AND SAUCER'})",0.02431969145061067,0.02924791086350975,0.01414184701092779,0.5814977973568282,19.881686595342984,1.0,0.01343054684315227,2.3195865708840344,0.9733746269103687,0.3586956521739131,0.5688886922556708,0.5325071404366558
"frozenset({'PINK REGENCY TEACUP AND SAUCER', 'ROSES REGENCY TEACUP AND SAUCER'})","frozenset({'REGENCY CAKESTAND 3 TIER', 'GREEN REGENCY TEACUP AND SAUCER'})",0.02924791086350975,0.02431969145061067,0.01414184701092779,0.4835164835164835,19.881686595342984,1.0,0.01343054684315227,1.8890831505956265,0.9783161601669493,0.3586956521739131,0.4706426767478705,0.5325071404366558
"frozenset({'PINK REGENCY TEACUP AND SAUCER', 'GREEN REGENCY TEACUP AND SAUCER'})","frozenset({'REGENCY CAKESTAND 3 TIER', 'ROSES REGENCY TEACUP AND SAUCER'})",0.030908506535247484,0.02431969145061067,0.01414184701092779,0.4575389948006932,18.813519724535993,1.0,0.013390161668791388,1.798618332373794,0.9770457602390608,0.3441981747066493,0.44401767623472826,0.5195183960787607
"frozenset({'ROSES REGENCY TEACUP AND SAUCER', 'GREEN REGENCY TEACUP AND SAUCER'})","frozenset({'REGENCY CAKESTAND 3 TIER', 'PINK REGENCY TEACUP AND SAUCER'})",0.037550889222198416,0.018641525605313906,0.01414184701092779,0.37660485021398,20.202469378720053,1.0,0.013441841147989873,1.5742157678505146,0.9875858265405769,0.33630573248407647,0.36476306461760805,0.5676127699345762
frozenset({'PINK REGENCY TEACUP AND SAUCER'}),"frozenset({'REGENCY CAKESTAND 3 TIER', 'ROSES REGENCY TEACUP AND SAUCER', 'GREEN REGENCY TEACUP AND SAUCER'})",0.037658024426826656,0.019230769230769232,0.01414184701092779,0.3755334281650071,19.527738264580368,1.0,0.013417654233488816,1.570571228316103,0.9859185368856952,0.3308270676691729,0.3632889855800073,0.5554547363666261
frozenset({'ROSES REGENCY TEACUP AND SAUCER'}),"frozenset({'REGENCY CAKESTAND 3 TIER', 'PINK REGENCY TEACUP AND SAUCER', 'GREEN REGENCY TEACUP AND SAUCER'})",0.051264195414613245,0.016177415898864365,0.01414184701092779,0.27586206896551724,17.052295044530716,1.0,0.013312524800984937,1.3586121399491873,0.9922223476935238,0.2653266331658291,0.2639547589811759,0.5750171271979905
frozenset({'GREEN REGENCY TEACUP AND SAUCER'}),"frozenset({'REGENCY CAKESTAND 3 TIER', 'PINK REGENCY TEACUP AND SAUCER', 'ROSES REGENCY TEACUP AND SAUCER'})",0.05003214056138847,0.015588172273409043,0.01414184701092779,0.28265524625267663,18.132674010463806,1.0,0.01336193738464945,1.372299473278561,0.9946135825379087,0.2747138397502601,0.27129608407492883,0.5949358705490188
"frozenset({'JUMBO BAG PINK POLKADOT', 'JUMBO SHOPPER VINTAGE RED PAISLEY', 'JUMBO BAG BAROQUE BLACK WHITE'})",frozenset({'JUMBO BAG RED RETROSPOT'}),0.012641954146132419,0.10381401328476537,0.010659952860509964,0.8432203389830509,8.122413461370275,1.0,0.009347540864837979,5.716213320670148,0.888111346663875,0.10075949367088607,0.8250590130385891,0.47295175875881135
"frozenset({'JUMBO BAG PINK POLKADOT', 'JUMBO BAG RED RETROSPOT', 'JUMBO BAG BAROQUE BLACK WHITE'})",frozenset({'JUMBO SHOPPER VINTAGE RED PAISLEY'}),0.017034497535890293,0.060692093421898435,0.010659952860509964,0.6257861635220127,10.310835040272668,1.0,0.009626093544666611,2.5100833133767764,0.9186636178166034,0.1589456869009585,0.6016068491946924,0.40071302880425436
"frozenset({'JUMBO BAG PINK POLKADOT', 'JUMBO SHOPPER VINTAGE RED PAISLEY', 'JUMBO BAG RED RETROSPOT'})",frozenset({'JUMBO BAG BAROQUE BLACK WHITE'}),0.019605742446968073,0.04874651810584958,0.010659952860509964,0.5437158469945356,11.153942232630758,1.0,0.00970424118134021,2.084783080079396,0.9285505222539318,0.1847725162488394,0.520333789373465,0.3811985828379271
"frozenset({'JUMBO SHOPPER VINTAGE RED PAISLEY', 'JUMBO BAG RED RETROSPOT', 'JUMBO BAG BAROQUE BLACK WHITE'})",frozenset({'JUMBO BAG PINK POLKADOT'}),0.016338118705806728,0.062084851082065566,0.010659952860509964,0.6524590163934426,10.509150058699557,1.0,0.009645603193698844,2.6987181171695283,0.9198738341273432,0.1573122529644269,0.6294537048393847,0.4120793787748059
"frozenset({'JUMBO BAG PINK POLKADOT', 'JUMBO BAG BAROQUE BLACK WHITE'})","frozenset({'JUMBO SHOPPER VINTAGE RED PAISLEY', 'JUMBO BAG RED RETROSPOT'})",0.02180201414184701,0.03519391472037712,0.010659952860509964,0.48894348894348894,13.892841783252742,1.0,0.009892654634069345,1.8878657534077234,0.9487041472077545,0.2300578034682081,0.4703013187272806,0.3959177109862041
"frozenset({'JUMBO BAG PINK POLKADOT', 'JUMBO SHOPPER VINTAGE RED PAISLEY'})","frozenset({'JUMBO BAG RED RETROSPOT', 'JUMBO BAG BAROQUE BLACK WHITE'})",0.02431969145061067,0.03053353331904864,0.010659952860509964,0.43832599118942733,14.355560707937244,1.0,0.00991738675129376,1.7260304936202036,0.9535301410974936,0.24121212121212118,0.42063595996929104,0.3937243991034856
"frozenset({'JUMBO BAG PINK POLKADOT', 'JUMBO BAG RED RETROSPOT'})","frozenset({'JUMBO SHOPPER VINTAGE RED PAISLEY', 'JUMBO BAG BAROQUE BLACK WHITE'})",0.04205056781658453,0.022176987358045856,0.010659952860509964,0.2535031847133758,11.430911720360626,1.0,0.009727397949642919,1.3098823633514232,0.9525742001963067,0.19899999999999998,0.23657266638705485,0.3670897566078956
"frozenset({'JUMBO SHOPPER VINTAGE RED PAISLEY', 'JUMBO BAG BAROQUE BLACK WHITE'})","frozenset({'JUMBO BAG PINK POLKADOT', 'JUMBO BAG RED RETROSPOT'})",0.022176987358045856,0.04205056781658453,0.010659952860509964,0.48067632850241543,11.430911720360625,1.0,0.009727397949642919,1.8446096042973672,0.9332137844916486,0.19899999999999998,0.4578798691764856,0.3670897566078956
"frozenset({'JUMBO BAG RED RETROSPOT', 'JUMBO BAG BAROQUE BLACK WHITE'})","frozenset({'JUMBO BAG PINK POLKADOT', 'JUMBO SHOPPER VINTAGE RED PAISLEY'})",0.03053353331904864,0.02431969145061067,0.010659952860509964,0.3491228070175439,14.355560707937245,1.0,0.00991738675129376,1.4990236546446143,0.9596418383219001,0.24121212121212118,0.33289911943579165,0.3937243991034856
"frozenset({'JUMBO SHOPPER VINTAGE RED PAISLEY', 'JUMBO BAG RED RETROSPOT'})","frozenset({'JUMBO BAG PINK POLKADOT', 'JUMBO BAG BAROQUE BLACK WHITE'})",0.03519391472037712,0.02180201414184701,0.010659952860509964,0.3028919330289193,13.892841783252742,1.0,0.009892654634069345,1.4032228749100577,0.9618725463417247,0.2300578034682081,0.2873548330203092,0.3959177109862041
frozenset({'JUMBO BAG BAROQUE BLACK WHITE'}),"frozenset({'JUMBO BAG PINK POLKADOT', 'JUMBO SHOPPER VINTAGE RED PAISLEY', 'JUMBO BAG RED RETROSPOT'})",0.04874651810584958,0.019605742446968073,0.010659952860509964,0.21868131868131868,11.153942232630758,1.0,0.00970424118134021,1.2547943380777202,0.9569958136215485,0.1847725162488394,0.20305665266871692,0.3811985828379271
"frozenset({'JUMBO BAG PINK POLKADOT', 'JUMBO STORAGE BAG SUKI', 'JUMBO BAG BAROQUE BLACK WHITE'})",frozenset({'JUMBO BAG RED RETROSPOT'}),0.012534818941504178,0.10381401328476537,0.010927790872080565,0.8717948717948718,8.397660818713451,1.0,0.009626501011965122,6.990250696378831,0.8921015514809592,0.10365853658536585,0.85694361426579,0.4885290148448043
"frozenset({'JUMBO BAG PINK POLKADOT', 'JUMBO BAG RED RETROSPOT', 'JUMBO BAG BAROQUE BLACK WHITE'})",frozenset({'JUMBO STORAGE BAG SUKI'}),0.017034497535890293,0.06053139061495608,0.010927790872080565,0.6415094339622641,10.597962932042076,1.0,0.009896669047806084,2.620622963021438,0.9213367526847251,0.16398713826366562,0.6184113418410051,0.41102020370679576
"frozenset({'JUMBO BAG PINK POLKADOT', 'JUMBO STORAGE BAG SUKI', 'JUMBO BAG RED RETROSPOT'})",frozenset({'JUMBO BAG BAROQUE BLACK WHITE'}),0.02169487893721877,0.04874651810584958,0.010927790872080565,0.5037037037037038,10.333121693121694,1.0,0.009870241063163216,1.9167047769509002,0.923253701633969,0.18361836183618366,0.47827124342497707,0.36393976393976396
"frozenset({'JUMBO STORAGE BAG SUKI', 'JUMBO BAG RED RETROSPOT', 'JUMBO BAG BAROQUE BLACK WHITE'})",frozenset({'JUMBO BAG PINK POLKADOT'}),0.01687379472894793,0.062084851082065566,0.010927790872080565,0.6476190476190476,10.431192735938208,1.0,0.00988018383914449,2.661651098280625,0.9196516998342955,0.16062992125984252,0.6242933566138775,0.41181642631168086
"frozenset({'JUMBO BAG PINK POLKADOT', 'JUMBO BAG BAROQUE BLACK WHITE'})","frozenset({'JUMBO STORAGE BAG SUKI', 'JUMBO BAG RED RETROSPOT'})",0.02180201414184701,0.03739018641525605,0.010927790872080565,0.5012285012285012,13.405349084432178,1.0,0.010112609499088857,1.929961547433452,0.9460282333184081,0.22641509433962267,0.4818549616546277,0.39674605577184374
"frozenset({'JUMBO BAG PINK POLKADOT', 'JUMBO STORAGE BAG SUKI'})","frozenset({'JUMBO BAG RED RETROSPOT', 'JUMBO BAG BAROQUE BLACK WHITE'})",0.027051639168630813,0.03053353331904864,0.010927790872080565,0.40396039603960393,13.230057321521624,1.0,0.010101808746190296,1.626513507222194,0.9501167531924954,0.23421354764638344,0.3851880137731974,0.38092756644085457
"frozenset({'JUMBO BAG PINK POLKADOT', 'JUMBO BAG RED RETROSPOT'})","frozenset({'JUMBO STORAGE BAG SUKI', 'JUMBO BAG BAROQUE BLACK WHITE'})",0.04205056781658453,0.022444825369616457,0.010927790872080565,0.25987261146496815,11.578286183360442,1.0,0.009983973220744112,1.3207931361185044,0.9537365972503188,0.20400000000000001,0.2428791665750466,0.37337305990909503
"frozenset({'JUMBO STORAGE BAG SUKI', 'JUMBO BAG BAROQUE BLACK WHITE'})","frozenset({'JUMBO BAG PINK POLKADOT', 'JUMBO BAG RED RETROSPOT'})",0.022444825369616457,0.04205056781658453,0.010927790872080565,0.4868735083532219,11.57828618336044,1.0,0.009983973220744112,1.8668874980690744,0.9346085576539784,0.20400000000000001,0.46434908314812656,0.37337305990909503
"frozenset({'JUMBO BAG RED RETROSPOT', 'JUMBO BAG BAROQUE BLACK WHITE'})","frozenset({'JUMBO BAG PINK POLKADOT', 'JUMBO STORAGE BAG SUKI'})",0.03053353331904864,0.027051639168630813,0.010927790872080565,0.35789473684210527,13.230057321521626,1.0,0.010101808746190296,1.5152474471963946,0.953529151742474,0.23421354764638344,0.34004178535310364,0.38092756644085457
"frozenset({'JUMBO STORAGE BAG SUKI', 'JUMBO BAG RED RETROSPOT'})","frozenset({'JUMBO BAG PINK POLKADOT', 'JUMBO BAG BAROQUE BLACK WHITE'})",0.03739018641525605,0.02180201414184701,0.010927790872080565,0.2922636103151863,13.40534908443218,1.0,0.010112609499088857,1.382150190544516,0.9613478891834975,0.22641509433962267,0.27648962692973533,0.39674605577184374
frozenset({'JUMBO BAG BAROQUE BLACK WHITE'}),"frozenset({'JUMBO BAG PINK POLKADOT', 'JUMBO STORAGE BAG SUKI', 'JUMBO BAG RED RETROSPOT'})",0.04874651810584958,0.02169487893721877,0.010927790872080565,0.22417582417582418,10.333121693121694,1.0,0.009870241063163216,1.260988187205568,0.9495090862113513,0.18361836183618366,0.20697115948717548,0.36393976393976396
"frozenset({'JUMBO SHOPPER VINTAGE RED PAISLEY', 'JUMBO STORAGE BAG SUKI', 'JUMBO BAG BAROQUE BLACK WHITE'})",frozenset({'JUMBO BAG RED RETROSPOT'}),0.013016927362331262,0.10381401328476537,0.010713520462824084,0.823045267489712,7.928074847006163,1.0,0.0093621809927042,5.064492901669815,0.8853910447761194,0.10095911155981828,0.8025468651224115,0.46312222094815836
"frozenset({'JUMBO STORAGE BAG SUKI', 'JUMBO BAG RED RETROSPOT', 'JUMBO BAG BAROQUE BLACK WHITE'})",frozenset({'JUMBO SHOPPER VINTAGE RED PAISLEY'}),0.01687379472894793,0.060692093421898435,0.010713520462824084,0.634920634920635,10.461340170078035,1.0,0.009689414536752839,2.5728868745400177,0.9199327085490111,0.16025641025641027,0.611331531947443,0.4057215707701145
"frozenset({'JUMBO SHOPPER VINTAGE RED PAISLEY', 'JUMBO STORAGE BAG SUKI', 'JUMBO BAG RED RETROSPOT'})",frozenset({'JUMBO BAG BAROQUE BLACK WHITE'}),0.020569959288622243,0.04874651810584958,0.010713520462824084,0.5208333333333333,10.684523809523808,1.0,0.00971080656992467,1.9852246578660526,0.9254430102822139,0.18281535648994512,0.496278672523182,0.3703067765567765
"frozenset({'JUMBO SHOPPER VINTAGE RED PAISLEY', 'JUMBO BAG RED RETROSPOT', 'JUMBO BAG BAROQUE BLACK WHITE'})",frozenset({'JUMBO STORAGE BAG SUKI'}),0.016338118705806728,0.06053139061495608,0.010713520462824084,0.6557377049180327,10.833019004787465,1.0,0.009724551417529375,2.728932627261318,0.9227658879268092,0.16194331983805668,0.6335563619232429,0.4163644276802553
"frozenset({'JUMBO STORAGE BAG SUKI', 'JUMBO BAG BAROQUE BLACK WHITE'})","frozenset({'JUMBO SHOPPER VINTAGE RED PAISLEY', 'JUMBO BAG RED RETROSPOT'})",0.022444825369616457,0.03519391472037712,0.010713520462824084,0.477326968973747,13.56276994947018,1.0,0.009923599192852045,1.8459075330235704,0.9475360293714724,0.22831050228310498,0.45826105473332457,0.3908704860089435
"frozenset({'JUMBO SHOPPER VINTAGE RED PAISLEY', 'JUMBO STORAGE BAG SUKI'})","frozenset({'JUMBO BAG RED RETROSPOT', 'JUMBO BAG BAROQUE BLACK WHITE'})",0.027480179987143777,0.03053353331904864,0.010713520462824084,0.3898635477582846,12.768373174652028,1.0,0.009874453471573175,1.5889338575313996,0.9477251445882676,0.22650056625141562,0.37064718253683593,0.37037037037037035
"frozenset({'JUMBO STORAGE BAG SUKI', 'JUMBO BAG RED RETROSPOT'})","frozenset({'JUMBO SHOPPER VINTAGE RED PAISLEY', 'JUMBO BAG BAROQUE BLACK WHITE'})",0.03739018641525605,0.022176987358045856,0.010713520462824084,0.28653295128939826,12.920282933986682,1.0,0.009884318771377971,1.3705230177190442,0.9584385086254869,0.21929824561403505,0.2703515467662149,0.38481236936450586
"frozenset({'JUMBO SHOPPER VINTAGE RED PAISLEY', 'JUMBO BAG BAROQUE BLACK WHITE'})","frozenset({'JUMBO STORAGE BAG SUKI', 'JUMBO BAG RED RETROSPOT'})",0.022176987358045856,0.03739018641525605,0.010713520462824084,0.48309178743961345,12.920282933986682,1.0,0.009884318771377971,1.8622451533835698,0.94352689821409,0.21929824561403505,0.46301377228284385,0.38481236936450586
"frozenset({'JUMBO BAG RED RETROSPOT', 'JUMBO BAG BAROQUE BLACK WHITE'})","frozenset({'JUMBO SHOPPER VINTAGE RED PAISLEY', 'JUMBO STORAGE BAG SUKI'})",0.03053353331904864,0.027480179987143777,0.010713520462824084,0.3508771929824561,12.768373174652028,1.0,0.009874453471573175,1.4982062092089947,0.9507100232069842,0.22650056625141562,0.3325351384520237,0.37037037037037035
"frozenset({'JUMBO SHOPPER VINTAGE RED PAISLEY', 'JUMBO BAG RED RETROSPOT'})","frozenset({'JUMBO STORAGE BAG SUKI', 'JUMBO BAG BAROQUE BLACK WHITE'})",0.03519391472037712,0.022444825369616457,0.010713520462824084,0.30441400304414,13.56276994947018,1.0,0.009923599192852045,1.4053692554314265,0.9600569096663151,0.22831050228310498,0.28844323572951974,0.3908704860089435
frozenset({'JUMBO BAG BAROQUE BLACK WHITE'}),"frozenset({'JUMBO SHOPPER VINTAGE RED PAISLEY', 'JUMBO STORAGE BAG SUKI', 'JUMBO BAG RED RETROSPOT'})",0.04874651810584958,0.020569959288622243,0.010713520462824084,0.21978021978021978,10.684523809523808,1.0,0.00971080656992467,1.2553258268272587,0.9528550512445096,0.18281535648994512,0.2033940681938932,0.3703067765567765
"frozenset({'JUMBO BAG PINK POLKADOT', 'JUMBO SHOPPER VINTAGE RED PAISLEY', 'JUMBO BAG PINK VINTAGE PAISLEY'})",frozenset({'JUMBO BAG RED RETROSPOT'}),0.012052710520677095,0.10381401328476537,0.01012427683736876,0.84,8.09139318885449,1.0,0.008873036587257755,5.601162416970215,0.8871038953997258,0.09574468085106383,0.8214656306037059,0.46876160990712074
"frozenset({'JUMBO BAG PINK POLKADOT', 'JUMBO BAG RED RETROSPOT', 'JUMBO BAG PINK VINTAGE PAISLEY'})",frozenset({'JUMBO SHOPPER VINTAGE RED PAISLEY'}),0.015106063852581958,0.060692093421898435,0.01012427683736876,0.6702127659574468,11.04283487634035,1.0,0.009207458198790692,2.8482239747852116,0.9233923672083142,0.1541598694942904,0.648904015676853,0.4185132673564816
"frozenset({'JUMBO BAG PINK POLKADOT', 'JUMBO SHOPPER VINTAGE RED PAISLEY', 'JUMBO BAG RED RETROSPOT'})",frozenset({'JUMBO BAG PINK VINTAGE PAISLEY'}),0.019605742446968073,0.04365759588600814,0.01012427683736876,0.5163934426229508,11.828261088202757,1.0,0.009268337256573871,1.9775215813882545,0.9337638526798183,0.1905241935483871,0.4943165174976332,0.3741476415568742
"frozenset({'JUMBO SHOPPER VINTAGE RED PAISLEY', 'JUMBO BAG RED RETROSPOT', 'JUMBO BAG PINK VINTAGE PAISLEY'})",frozenset({'JUMBO BAG PINK POLKADOT'}),0.014998928647953718,0.062084851082065566,0.01012427683736876,0.6749999999999999,10.872217428817946,1.0,0.009193070585870025,2.8858927659013363,0.9218491931130609,0.1512,0.6534867782283397,0.41903580672993956
"frozenset({'JUMBO BAG PINK POLKADOT', 'JUMBO BAG PINK VINTAGE PAISLEY'})","frozenset({'JUMBO SHOPPER VINTAGE RED PAISLEY', 'JUMBO BAG RED RETROSPOT'})",0.019498607242339833,0.03519391472037712,0.01012427683736876,0.5192307692307692,14.753424657534243,1.0,0.009438044516915723,2.0067966573816154,0.9507575757575758,0.2271634615384615,0.5016934095830325,0.40345100105374077
"frozenset({'JUMBO BAG PINK POLKADOT', 'JUMBO SHOPPER VINTAGE RED PAISLEY'})","frozenset({'JUMBO BAG RED RETROSPOT', 'JUMBO BAG PINK VINTAGE PAISLEY'})",0.02431969145061067,0.026140989929290766,0.01012427683736876,0.4162995594713656,15.925164295515271,1.0,0.009488536028074887,1.6684226059324603,0.9605669921910176,0.250996015936255,0.4006314728389138,0.4017973207192893
"frozenset({'JUMBO BAG PINK POLKADOT', 'JUMBO BAG RED RETROSPOT'})","frozenset({'JUMBO SHOPPER VINTAGE RED PAISLEY', 'JUMBO BAG PINK VINTAGE PAISLEY'})",0.04205056781658453,0.021480608527962287,0.01012427683736876,0.24076433121019106,11.208450212049494,1.0,0.009221005051722178,1.2888216817207208,0.9507616674758654,0.18956870611835508,0.22409747276683892,0.3560430134853948
"frozenset({'JUMBO SHOPPER VINTAGE RED PAISLEY', 'JUMBO BAG PINK VINTAGE PAISLEY'})","frozenset({'JUMBO BAG PINK POLKADOT', 'JUMBO BAG RED RETROSPOT'})",0.021480608527962287,0.04205056781658453,0.01012427683736876,0.4713216957605985,11.208450212049494,1.0,0.009221005051722178,1.8119703882337248,0.9307752175765533,0.18956870611835508,0.4481146013788992,0.3560430134853948
"frozenset({'JUMBO BAG RED RETROSPOT', 'JUMBO BAG PINK VINTAGE PAISLEY'})","frozenset({'JUMBO BAG PINK POLKADOT', 'JUMBO SHOPPER VINTAGE RED PAISLEY'})",0.026140989929290766,0.02431969145061067,0.01012427683736876,0.3872950819672131,15.925164295515271,1.0,0.009488536028074887,1.592414684187632,0.9623634321104069,0.250996015936255,0.37202287197561945,0.4017973207192893
"frozenset({'JUMBO SHOPPER VINTAGE RED PAISLEY', 'JUMBO BAG RED RETROSPOT'})","frozenset({'JUMBO BAG PINK POLKADOT', 'JUMBO BAG PINK VINTAGE PAISLEY'})",0.03519391472037712,0.019498607242339833,0.01012427683736876,0.2876712328767123,14.753424657534245,1.0,0.009438044516915723,1.3764731090636384,0.9662243443821369,0.2271634615384615,0.2735056039850561,0.40345100105374077
frozenset({'JUMBO BAG PINK VINTAGE PAISLEY'}),"frozenset({'JUMBO BAG PINK POLKADOT', 'JUMBO SHOPPER VINTAGE RED PAISLEY', 'JUMBO BAG RED RETROSPOT'})",0.04365759588600814,0.019605742446968073,0.01012427683736876,0.23190184049079754,11.828261088202757,1.0,0.009268337256573871,1.2763918848334201,0.957247859281131,0.1905241935483871,0.21654155602022776,0.3741476415568742
"frozenset({'JUMBO BAG PINK POLKADOT', 'JUMBO BAG WOODLAND ANIMALS', 'JUMBO SHOPPER VINTAGE RED PAISLEY'})",frozenset({'JUMBO BAG RED RETROSPOT'}),0.013177630169273624,0.10381401328476537,0.011302764088279408,0.8577235772357723,8.262117512815994,1.0,0.009934741414824711,6.29890722091279,0.8907030075826298,0.10694374049670552,0.8412423036364254,0.48329935311737016
"frozenset({'JUMBO BAG PINK POLKADOT', 'JUMBO SHOPPER VINTAGE RED PAISLEY', 'JUMBO BAG RED RETROSPOT'})",frozenset({'JUMBO BAG WOODLAND ANIMALS'}),0.019605742446968073,0.03937218770087851,0.011302764088279408,0.5765027322404371,14.642385041448271,1.0,0.0105308431166423,2.268321156783732,0.950337181184974,0.23707865168539324,0.5591453189909374,0.43178878108620494
"frozenset({'JUMBO BAG PINK POLKADOT', 'JUMBO BAG WOODLAND ANIMALS', 'JUMBO BAG RED RETROSPOT'})",frozenset({'JUMBO SHOPPER VINTAGE RED PAISLEY'}),0.016927362331262054,0.060692093421898435,0.011302764088279408,0.6677215189873417,11.001787569687286,1.0,0.010275407032284127,2.826869509320762,0.9247594177268539,0.1704361873990307,0.6462518001970741,0.42697638173550667
"frozenset({'JUMBO BAG WOODLAND ANIMALS', 'JUMBO SHOPPER VINTAGE RED PAISLEY', 'JUMBO BAG RED RETROSPOT'})",frozenset({'JUMBO BAG PINK POLKADOT'}),0.015481037068780802,0.062084851082065566,0.011302764088279408,0.7301038062283737,11.759773817662882,1.0,0.010341626207268214,3.4750958722728593,0.9293516786751003,0.17057396928051738,0.7122381549301091,0.45607865031004535
"frozenset({'JUMBO BAG PINK POLKADOT', 'JUMBO SHOPPER VINTAGE RED PAISLEY'})","frozenset({'JUMBO BAG WOODLAND ANIMALS', 'JUMBO BAG RED RETROSPOT'})",0.02431969145061067,0.02539104349689308,0.011302764088279408,0.46475770925110127,18.30400193312143,1.0,0.010685261744825933,1.8208743467177388,0.9689312476158904,0.2942817294281729,0.4508132854951939,0.4549526942879979
"frozenset({'JUMBO BAG PINK POLKADOT', 'JUMBO BAG WOODLAND ANIMALS'})","frozenset({'JUMBO SHOPPER VINTAGE RED PAISLEY', 'JUMBO BAG RED RETROSPOT'})",0.02126633811870581,0.03519391472037712,0.011302764088279408,0.5314861460957178,15.101648973081977,1.0,0.01055431839811497,2.0592904078280116,0.9540716765308814,0.25029655990510075,0.5143958345075154,0.42632145965364276
"frozenset({'JUMBO BAG PINK POLKADOT', 'JUMBO BAG RED RETROSPOT'})","frozenset({'JUMBO BAG WOODLAND ANIMALS', 'JUMBO SHOPPER VINTAGE RED PAISLEY'})",0.04205056781658453,0.020034283265481036,0.011302764088279408,0.2687898089171974,13.41649238734289,1.0,0.010460311101167633,1.3401970167884971,0.966089481577595,0.2225738396624472,0.25384104913448347,0.4164804659559249
"frozenset({'JUMBO BAG WOODLAND ANIMALS', 'JUMBO SHOPPER VINTAGE RED PAISLEY'})","frozenset({'JUMBO BAG PINK POLKADOT', 'JUMBO BAG RED RETROSPOT'})",0.020034283265481036,0.04205056781658453,0.011302764088279408,0.5641711229946524,13.416492387342894,1.0,0.010460311101167633,2.197994402678512,0.9443849458320833,0.2225738396624472,0.5450397877349534,0.4164804659559249
"frozenset({'JUMBO SHOPPER VINTAGE RED PAISLEY', 'JUMBO BAG RED RETROSPOT'})","frozenset({'JUMBO BAG PINK POLKADOT', 'JUMBO BAG WOODLAND ANIMALS'})",0.03519391472037712,0.02126633811870581,0.011302764088279408,0.3211567732115677,15.101648973081979,1.0,0.01055431839811497,1.4417668516950901,0.9678442952582162,0.25029655990510075,0.30640658104720847,0.42632145965364276
"frozenset({'JUMBO BAG WOODLAND ANIMALS', 'JUMBO BAG RED RETROSPOT'})","frozenset({'JUMBO BAG PINK POLKADOT', 'JUMBO SHOPPER VINTAGE RED PAISLEY'})",0.02539104349689308,0.02431969145061067,0.011302764088279408,0.44514767932489446,18.30400193312143,1.0,0.010685261744825933,1.7584504420243747,0.9699963583640666,0.2942817294281729,0.4313174963015883,0.4549526942879979
frozenset({'JUMBO BAG WOODLAND ANIMALS'}),"frozenset({'JUMBO BAG PINK POLKADOT', 'JUMBO SHOPPER VINTAGE RED PAISLEY', 'JUMBO BAG RED RETROSPOT'})",0.03937218770087851,0.019605742446968073,0.011302764088279408,0.28707482993197275,14.642385041448271,1.0,0.0105308431166423,1.375171334544806,0.969891880334991,0.23707865168539324,0.2728178846667068,0.43178878108620494
"frozenset({'JUMBO BAG PINK POLKADOT', 'JUMBO BAG WOODLAND ANIMALS', 'JUMBO STORAGE BAG SUKI'})",frozenset({'JUMBO BAG RED RETROSPOT'}),0.014570387829440755,0.10381401328476537,0.012320548532247696,0.8455882352941176,8.145222485278941,1.0,0.01080793809655795,5.803871152060567,0.8901991926411223,0.11616161616161615,0.8277012060054147,0.48213364293085653
"frozenset({'JUMBO BAG PINK POLKADOT', 'JUMBO STORAGE BAG SUKI', 'JUMBO BAG RED RETROSPOT'})",frozenset({'JUMBO BAG WOODLAND ANIMALS'}),0.02169487893721877,0.03937218770087851,0.012320548532247696,0.5679012345679012,14.423918703283782,1.0,0.011466373686583682,2.2231672227493955,0.9513092520158362,0.25274725274725274,0.5501912812643496,0.4404132023179642
"frozenset({'JUMBO BAG PINK POLKADOT', 'JUMBO BAG WOODLAND ANIMALS', 'JUMBO BAG RED RETROSPOT'})",frozenset({'JUMBO STORAGE BAG SUKI'}),0.016927362331262054,0.06053139061495608,0.012320548532247696,0.7278481012658227,12.02430827825697,1.0,0.01129591175089318,3.45200093681016,0.9326219627762405,0.18914473684210525,0.7103129407247336,0.4656939621373361
"frozenset({'JUMBO BAG WOODLAND ANIMALS', 'JUMBO STORAGE BAG SUKI', 'JUMBO BAG RED RETROSPOT'})",frozenset({'JUMBO BAG PINK POLKADOT'}),0.016927362331262054,0.062084851082065566,0.012320548532247696,0.7278481012658227,11.723441203132337,1.0,0.011269615762699126,3.4462928727682227,0.9304508926879195,0.18473895582329314,0.7098331346410633,0.4631475191402452
"frozenset({'JUMBO BAG PINK POLKADOT', 'JUMBO STORAGE BAG SUKI'})","frozenset({'JUMBO BAG WOODLAND ANIMALS', 'JUMBO BAG RED RETROSPOT'})",0.027051639168630813,0.02539104349689308,0.012320548532247696,0.4554455445544554,17.937251953043404,1.0,0.011633679185454734,1.7897364473966144,0.9705038192790407,0.30707610146862485,0.4412585152106504,0.47033880603250194
"frozenset({'JUMBO BAG PINK POLKADOT', 'JUMBO BAG WOODLAND ANIMALS'})","frozenset({'JUMBO STORAGE BAG SUKI', 'JUMBO BAG RED RETROSPOT'})",0.02126633811870581,0.03739018641525605,0.012320548532247696,0.579345088161209,15.49457608279864,1.0,0.011525396185619421,2.288359856246367,0.9557873846175813,0.2658959537572254,0.5630057933107095,0.4544289910720085
"frozenset({'JUMBO BAG PINK POLKADOT', 'JUMBO BAG RED RETROSPOT'})","frozenset({'JUMBO BAG WOODLAND ANIMALS', 'JUMBO STORAGE BAG SUKI'})",0.04205056781658453,0.022766230983501178,0.012320548532247696,0.2929936305732484,12.869659048332709,1.0,0.011363215592347951,1.3822135291494622,0.9627834547748773,0.23469387755102036,0.2765227810963877,0.41708505058074186
"frozenset({'JUMBO BAG WOODLAND ANIMALS', 'JUMBO STORAGE BAG SUKI'})","frozenset({'JUMBO BAG PINK POLKADOT', 'JUMBO BAG RED RETROSPOT'})",0.022766230983501178,0.04205056781658453,0.012320548532247696,0.5411764705882353,12.869659048332707,1.0,0.011363215592347951,2.087838506040777,0.9437842746115842,0.23469387755102036,0.5210357519958159,0.41708505058074186
"frozenset({'JUMBO STORAGE BAG SUKI', 'JUMBO BAG RED RETROSPOT'})","frozenset({'JUMBO BAG PINK POLKADOT', 'JUMBO BAG WOODLAND ANIMALS'})",0.03739018641525605,0.02126633811870581,0.012320548532247696,0.32951289398280803,15.49457608279864,1.0,0.011525396185619421,1.459735247848597,0.97179695627979,0.2658959537572254,0.3149442671375984,0.4544289910720085
"frozenset({'JUMBO BAG WOODLAND ANIMALS', 'JUMBO BAG RED RETROSPOT'})","frozenset({'JUMBO BAG PINK POLKADOT', 'JUMBO STORAGE BAG SUKI'})",0.02539104349689308,0.027051639168630813,0.012320548532247696,0.4852320675105485,17.937251953043404,1.0,0.011633679185454734,1.8900718157133973,0.9688502181799062,0.30707610146862485,0.47091957475565266,0.47033880603250194
frozenset({'JUMBO STORAGE BAG SUKI'}),"frozenset({'JUMBO BAG PINK POLKADOT', 'JUMBO BAG WOODLAND ANIMALS', 'JUMBO BAG RED RETROSPOT'})",0.06053139061495608,0.016927362331262054,0.012320548532247696,0.20353982300884954,12.02430827825697,1.0,0.01129591175089318,1.2343023117396377,0.9759082142131124,0.18914473684210525,0.18982570923764186,0.4656939621373361
frozenset({'JUMBO BAG WOODLAND ANIMALS'}),"frozenset({'JUMBO BAG PINK POLKADOT', 'JUMBO STORAGE BAG SUKI', 'JUMBO BAG RED RETROSPOT'})",0.03937218770087851,0.02169487893721877,0.012320548532247696,0.31292517006802717,14.423918703283782,1.0,0.011466373686583682,1.4238698296656318,0.9688150822263546,0.25274725274725274,0.2976886094743433,0.4404132023179642
"frozenset({'JUMBO BAG PINK POLKADOT', 'JUMBO SHOPPER VINTAGE RED PAISLEY', 'JUMBO STORAGE BAG SUKI'})",frozenset({'JUMBO BAG RED RETROSPOT'}),0.016284551103492608,0.10381401328476537,0.01414184701092779,0.8684210526315789,8.365162131334527,1.0,0.012451282406333369,6.811013499035779,0.8950317815488802,0.13346814964610718,0.8531789725359423,0.5023219814241485
"frozenset({'JUMBO BAG PINK POLKADOT', 'JUMBO STORAGE BAG SUKI', 'JUMBO BAG RED RETROSPOT'})",frozenset({'JUMBO SHOPPER VINTAGE RED PAISLEY'}),0.02169487893721877,0.060692093421898435,0.01414184701092779,0.6518518518518519,10.740309241280116,1.0,0.012825139391693333,2.698012072086037,0.9270040519082298,0.2072213500784929,0.629356736262924,0.442430780294858
"frozenset({'JUMBO BAG PINK POLKADOT', 'JUMBO SHOPPER VINTAGE RED PAISLEY', 'JUMBO BAG RED RETROSPOT'})",frozenset({'JUMBO STORAGE BAG SUKI'}),0.019605742446968073,0.06053139061495608,0.01414184701092779,0.7213114754098361,11.916320905266213,1.0,0.012955084156574141,3.37103442191104,0.9344011086716802,0.21428571428571427,0.7033551501283396,0.4774698969969534
"frozenset({'JUMBO SHOPPER VINTAGE RED PAISLEY', 'JUMBO STORAGE BAG SUKI', 'JUMBO BAG RED RETROSPOT'})",frozenset({'JUMBO BAG PINK POLKADOT'}),0.020569959288622243,0.062084851082065566,0.01414184701092779,0.6874999999999999,11.07355478861087,1.0,0.012864764151729527,3.001328476537389,0.9288001431952427,0.2064112587959343,0.6668142098349419,0.4576412855910267
"frozenset({'JUMBO BAG PINK POLKADOT', 'JUMBO STORAGE BAG SUKI'})","frozenset({'JUMBO SHOPPER VINTAGE RED PAISLEY', 'JUMBO BAG RED RETROSPOT'})",0.027051639168630813,0.03519391472037712,0.01414184701092779,0.5227722772277228,14.85405307654053,1.0,0.013189793928980585,2.0216890998597905,0.9586102866466794,0.29398663697104677,0.505364103674817,0.4622993806229938
"frozenset({'JUMBO BAG PINK POLKADOT', 'JUMBO SHOPPER VINTAGE RED PAISLEY'})","frozenset({'JUMBO STORAGE BAG SUKI', 'JUMBO BAG RED RETROSPOT'})",0.02431969145061067,0.03739018641525605,0.01414184701092779,0.5814977973568282,15.552150259394368,1.0,0.013232529214027948,2.300130817723546,0.9590233619826241,0.2972972972972973,0.565242119146203,0.47986064652941696
"frozenset({'JUMBO BAG PINK POLKADOT', 'JUMBO BAG RED RETROSPOT'})","frozenset({'JUMBO SHOPPER VINTAGE RED PAISLEY', 'JUMBO STORAGE BAG SUKI'})",0.04205056781658453,0.027480179987143777,0.01414184701092779,0.3363057324840764,12.23811971542444,1.0,0.012986289838766452,1.4653129725721536,0.9585976778352218,0.2553191489361702,0.3175519368775951,0.425462807762506
"frozenset({'JUMBO SHOPPER VINTAGE RED PAISLEY', 'JUMBO STORAGE BAG SUKI'})","frozenset({'JUMBO BAG PINK POLKADOT', 'JUMBO BAG RED RETROSPOT'})",0.027480179987143777,0.04205056781658453,0.01414184701092779,0.5146198830409356,12.23811971542444,1.0,0.012986289838766452,1.9736066614863137,0.944235872912546,0.2553191489361702,0.49331342485087437,0.425462807762506
"frozenset({'JUMBO STORAGE BAG SUKI', 'JUMBO BAG RED RETROSPOT'})","frozenset({'JUMBO BAG PINK POLKADOT', 'JUMBO SHOPPER VINTAGE RED PAISLEY'})",0.03739018641525605,0.02431969145061067,0.01414184701092779,0.37822349570200575,15.552150259394368,1.0,0.013232529214027948,1.569181694395101,0.9720451594408188,0.2972972972972973,0.3627251684289581,0.47986064652941696
"frozenset({'JUMBO SHOPPER VINTAGE RED PAISLEY', 'JUMBO BAG RED RETROSPOT'})","frozenset({'JUMBO BAG PINK POLKADOT', 'JUMBO STORAGE BAG SUKI'})",0.03519391472037712,0.027051639168630813,0.01414184701092779,0.4018264840182648,14.854053076540529,1.0,0.013189793928980585,1.6265319925348842,0.9667002740749341,0.29398663697104677,0.3851950010269762,0.4622993806229938
frozenset({'JUMBO BAG PINK POLKADOT'}),"frozenset({'JUMBO SHOPPER VINTAGE RED PAISLEY', 'JUMBO STORAGE BAG SUKI', 'JUMBO BAG RED RETROSPOT'})",0.062084851082065566,0.020569959288622243,0.01414184701092779,0.2277825711820535,11.07355478861087,1.0,0.012864764151729527,1.2683345443402088,0.9699115779417339,0.2064112587959343,0.21156448473127187,0.4576412855910267
frozenset({'JUMBO STORAGE BAG SUKI'}),"frozenset({'JUMBO BAG PINK POLKADOT', 'JUMBO SHOPPER VINTAGE RED PAISLEY', 'JUMBO BAG RED RETROSPOT'})",0.06053139061495608,0.019605742446968073,0.01414184701092779,0.2336283185840708,11.916320905266213,1.0,0.012955084156574141,1.2792673337585752,0.9751060035870162,0.21428571428571427,0.21830255990205624,0.4774698969969534
frozenset({'JUMBO SHOPPER VINTAGE RED PAISLEY'}),"frozenset({'JUMBO BAG PINK POLKADOT', 'JUMBO STORAGE BAG SUKI', 'JUMBO BAG RED RETROSPOT'})",0.060692093421898435,0.02169487893721877,0.01414184701092779,0.23300970873786409,10.740309241280116,1.0,0.012825139391693333,1.2755117401198286,0.9654904476760765,0.2072213500784929,0.21600094413395646,0.442430780294858
"frozenset({'JUMBO BAG PINK POLKADOT', 'JUMBO SHOPPER VINTAGE RED PAISLEY', 'JUMBO STORAGE BAG SUKI'})",frozenset({'JUMBO BAG WOODLAND ANIMALS'}),0.016284551103492608,0.03937218770087851,0.01039211484893936,0.638157894736842,16.208342284282132,1.0,0.009750956446268102,2.654825953990299,0.9538361698257686,0.229585798816568,0.623327473314413,0.45105173648406727
"frozenset({'JUMBO BAG PINK POLKADOT', 'JUMBO BAG WOODLAND ANIMALS', 'JUMBO STORAGE BAG SUKI'})",frozenset({'JUMBO SHOPPER VINTAGE RED PAISLEY'}),0.014570387829440755,0.060692093421898435,0.01039211484893936,0.713235294117647,11.75170032708582,1.0,0.009507807509601651,3.275535263964661,0.9284335680324948,0.1601981833195706,0.6947063855482312,0.44223106276932656
"frozenset({'JUMBO BAG PINK POLKADOT', 'JUMBO BAG WOODLAND ANIMALS', 'JUMBO SHOPPER VINTAGE RED PAISLEY'})",frozenset({'JUMBO STORAGE BAG SUKI'}),0.013177630169273624,0.06053139061495608,0.01039211484893936,0.7886178861788617,13.028246636448664,1.0,0.009594454569783629,4.444409190552323,0.935572326677986,0.1641285956006768,0.7749982152575545,0.4801496510540326
"frozenset({'JUMBO BAG WOODLAND ANIMALS', 'JUMBO SHOPPER VINTAGE RED PAISLEY', 'JUMBO STORAGE BAG SUKI'})",frozenset({'JUMBO BAG PINK POLKADOT'}),0.014516820227126633,0.062084851082065566,0.01039211484893936,0.7158671586715867,11.53046429515201,1.0,0.009490840226953087,3.3009740955423403,0.9267263432126149,0.156957928802589,0.6970591192004786,0.4416264179898054
"frozenset({'JUMBO BAG PINK POLKADOT', 'JUMBO STORAGE BAG SUKI'})","frozenset({'JUMBO BAG WOODLAND ANIMALS', 'JUMBO SHOPPER VINTAGE RED PAISLEY'})",0.027051639168630813,0.020034283265481036,0.01039211484893936,0.3841584158415841,19.175051622809338,1.0,0.009850154647039429,1.5912626590062122,0.97420268121836,0.28321167883211673,0.37156823586589555,0.45143749669084554
"frozenset({'JUMBO BAG PINK POLKADOT', 'JUMBO SHOPPER VINTAGE RED PAISLEY'})","frozenset({'JUMBO BAG WOODLAND ANIMALS', 'JUMBO STORAGE BAG SUKI'})",0.02431969145061067,0.022766230983501178,0.01039211484893936,0.4273127753303964,18.769587976159624,1.0,0.00983844713592728,1.7064005043595787,0.9703202136342385,0.28321167883211673,0.4139711061704676,0.4418916817828452
"frozenset({'JUMBO BAG PINK POLKADOT', 'JUMBO BAG WOODLAND ANIMALS'})","frozenset({'JUMBO SHOPPER VINTAGE RED PAISLEY', 'JUMBO STORAGE BAG SUKI'})",0.02126633811870581,0.027480179987143777,0.01039211484893936,0.4886649874055415,17.782452212254675,1.0,0.009807712049769868,1.9019229977591325,0.9642713059453688,0.270949720670391,0.47421635829725417,0.43341631436553874
"frozenset({'JUMBO SHOPPER VINTAGE RED PAISLEY', 'JUMBO STORAGE BAG SUKI'})","frozenset({'JUMBO BAG PINK POLKADOT', 'JUMBO BAG WOODLAND ANIMALS'})",0.027480179987143777,0.02126633811870581,0.01039211484893936,0.37816764132553604,17.782452212254675,1.0,0.009807712049769868,1.5739509985739935,0.9704324445567521,0.270949720670391,0.36465620536725446,0.43341631436553874
"frozenset({'JUMBO BAG WOODLAND ANIMALS', 'JUMBO STORAGE BAG SUKI'})","frozenset({'JUMBO BAG PINK POLKADOT', 'JUMBO SHOPPER VINTAGE RED PAISLEY'})",0.022766230983501178,0.02431969145061067,0.01039211484893936,0.4564705882352941,18.769587976159624,1.0,0.00983844713592728,1.795082818759699,0.968777743306146,0.28321167883211673,0.44292263869421705,0.4418916817828452
"frozenset({'JUMBO BAG WOODLAND ANIMALS', 'JUMBO SHOPPER VINTAGE RED PAISLEY'})","frozenset({'JUMBO BAG PINK POLKADOT', 'JUMBO STORAGE BAG SUKI'})",0.020034283265481036,0.027051639168630813,0.01039211484893936,0.5187165775401069,19.175051622809338,1.0,0.009850154647039429,2.0215704830607337,0.9672265933622538,0.28321167883211673,0.5053350806319835,0.45143749669084554
frozenset({'JUMBO BAG WOODLAND ANIMALS'}),"frozenset({'JUMBO BAG PINK POLKADOT', 'JUMBO SHOPPER VINTAGE RED PAISLEY', 'JUMBO STORAGE BAG SUKI'})",0.03937218770087851,0.016284551103492608,0.01039211484893936,0.2639455782312925,16.208342284282132,1.0,0.009750956446268102,1.3364710812179907,0.9767605767401111,0.229585798816568,0.25176083938258376,0.45105173648406727
"frozenset({'JUMBO BAG WOODLAND ANIMALS', 'JUMBO SHOPPER VINTAGE RED PAISLEY', 'JUMBO STORAGE BAG SUKI'})",frozenset({'JUMBO BAG RED RETROSPOT'}),0.014516820227126633,0.10381401328476537,0.011838440111420613,0.8154981549815499,7.855376448501327,1.0,0.010331390743509137,4.857328047996573,0.8855540828145056,0.11116700201207243,0.7941254965448639,0.46476662135042407
"frozenset({'JUMBO SHOPPER VINTAGE RED PAISLEY', 'JUMBO STORAGE BAG SUKI', 'JUMBO BAG RED RETROSPOT'})",frozenset({'JUMBO BAG WOODLAND ANIMALS'}),0.020569959288622243,0.03937218770087851,0.011838440111420613,0.5755208333333333,14.617446145124713,1.0,0.011028555813309549,2.263074109956212,0.9511537917086967,0.2461024498886414,0.5581231760813398,0.4381005527210884
"frozenset({'JUMBO BAG WOODLAND ANIMALS', 'JUMBO STORAGE BAG SUKI', 'JUMBO BAG RED RETROSPOT'})",frozenset({'JUMBO SHOPPER VINTAGE RED PAISLEY'}),0.016927362331262054,0.060692093421898435,0.011838440111420613,0.6993670886075949,11.523199302847821,1.0,0.010811083055425332,3.1244347208282113,0.9289431016186234,0.17996742671009774,0.6799421049402099,0.44721222921112314
"frozenset({'JUMBO BAG WOODLAND ANIMALS', 'JUMBO SHOPPER VINTAGE RED PAISLEY', 'JUMBO BAG RED RETROSPOT'})",frozenset({'JUMBO STORAGE BAG SUKI'}),0.015481037068780802,0.06053139061495608,0.011838440111420613,0.7647058823529411,12.633211868818323,1.0,0.010901351409485628,3.992741589886436,0.9353233414390169,0.18447412353923204,0.7495455246758299,0.4801405517959396
"frozenset({'JUMBO SHOPPER VINTAGE RED PAISLEY', 'JUMBO STORAGE BAG SUKI'})","frozenset({'JUMBO BAG WOODLAND ANIMALS', 'JUMBO BAG RED RETROSPOT'})",0.027480179987143777,0.02539104349689308,0.011838440111420613,0.43079922027290446,16.966581949482237,1.0,0.011140689666064595,1.7122410776921024,0.9676518566242676,0.28851174934725843,0.41597009146172254,0.44852197300565055
"frozenset({'JUMBO BAG WOODLAND ANIMALS', 'JUMBO STORAGE BAG SUKI'})","frozenset({'JUMBO SHOPPER VINTAGE RED PAISLEY', 'JUMBO BAG RED RETROSPOT'})",0.022766230983501178,0.03519391472037712,0.011838440111420613,0.52,14.775281582952815,1.0,0.011037207319682866,2.010012677665881,0.9540392732301958,0.25667828106852497,0.5024907001276997,0.4281887366818874
"frozenset({'JUMBO STORAGE BAG SUKI', 'JUMBO BAG RED RETROSPOT'})","frozenset({'JUMBO BAG WOODLAND ANIMALS', 'JUMBO SHOPPER VINTAGE RED PAISLEY'})",0.03739018641525605,0.020034283265481036,0.011838440111420613,0.31661891117478513,15.80385517061735,1.0,0.011089354525428231,1.4339959544668643,0.9731090278669576,0.25969447708578147,0.3026479629283311,0.45376400104193804
"frozenset({'JUMBO BAG WOODLAND ANIMALS', 'JUMBO SHOPPER VINTAGE RED PAISLEY'})","frozenset({'JUMBO STORAGE BAG SUKI', 'JUMBO BAG RED RETROSPOT'})",0.020034283265481036,0.03739018641525605,0.011838440111420613,0.5909090909090909,15.80385517061735,1.0,0.011089354525428231,2.35304621098493,0.9558745616469461,0.25969447708578147,0.5750189710122933,0.45376400104193804
"frozenset({'JUMBO SHOPPER VINTAGE RED PAISLEY', 'JUMBO BAG RED RETROSPOT'})","frozenset({'JUMBO BAG WOODLAND ANIMALS', 'JUMBO STORAGE BAG SUKI'})",0.03519391472037712,0.022766230983501178,0.011838440111420613,0.3363774733637747,14.775281582952815,1.0,0.011037207319682866,1.4725747390913757,0.9663282694763458,0.25667828106852497,0.32091732021898517,0.4281887366818874
"frozenset({'JUMBO BAG WOODLAND ANIMALS', 'JUMBO BAG RED RETROSPOT'})","frozenset({'JUMBO SHOPPER VINTAGE RED PAISLEY', 'JUMBO STORAGE BAG SUKI'})",0.02539104349689308,0.027480179987143777,0.011838440111420613,0.4662447257383966,16.966581949482237,1.0,0.011140689666064595,1.822033180577446,0.9655776331215551,0.28851174934725843,0.4511625745020318,0.44852197300565055
frozenset({'JUMBO BAG WOODLAND ANIMALS'}),"frozenset({'JUMBO SHOPPER VINTAGE RED PAISLEY', 'JUMBO STORAGE BAG SUKI', 'JUMBO BAG RED RETROSPOT'})",0.03937218770087851,0.020569959288622243,0.011838440111420613,0.3006802721088435,14.617446145124715,1.0,0.011028555813309549,1.4005468480989545,0.9697705864942736,0.2461024498886414,0.28599318090832915,0.4381005527210884
"frozenset({'LUNCH BAG PINK POLKADOT', 'LUNCH BAG CARS BLUE', 'LUNCH BAG BLACK SKULL.'})",frozenset({'LUNCH BAG RED RETROSPOT'}),0.016070280694236126,0.07456610242125562,0.01162416970216413,0.7233333333333333,9.700565134099616,1.0,0.010425871505979394,3.3449417984773886,0.9115622842370622,0.14711864406779662,0.7010411360654472,0.4396120689655172
"frozenset({'LUNCH BAG CARS BLUE', 'LUNCH BAG BLACK SKULL.', 'LUNCH BAG RED RETROSPOT'})",frozenset({'LUNCH BAG PINK POLKADOT'}),0.01649882151274909,0.05388900792800514,0.01162416970216413,0.7045454545454545,13.07401048255919,1.0,0.010735064578860854,3.2022218193205974,0.9390048492515286,0.19781221513217867,0.6877168239981057,0.4601256099765046
"frozenset({'LUNCH BAG PINK POLKADOT', 'LUNCH BAG BLACK SKULL.', 'LUNCH BAG RED RETROSPOT'})",frozenset({'LUNCH BAG CARS BLUE'}),0.018534390400685666,0.057049496464538246,0.01162416970216413,0.6271676300578034,10.993394664712746,1.0,0.010566792062527842,2.529154063746277,0.9262028927476073,0.1817420435510888,0.6046108798454283,0.41546174930120217
"frozenset({'LUNCH BAG CARS BLUE', 'LUNCH BAG PINK POLKADOT', 'LUNCH BAG RED RETROSPOT'})",frozenset({'LUNCH BAG BLACK SKULL.'}),0.015909577887293764,0.06513820441397043,0.01162416970216413,0.7306397306397306,11.216761917419811,1.0,0.010587848365601605,3.470674416113135,0.9255731897623658,0.1674382716049383,0.7118715615163014,0.45454683900407583
"frozenset({'LUNCH BAG CARS BLUE', 'LUNCH BAG BLACK SKULL.'})","frozenset({'LUNCH BAG PINK POLKADOT', 'LUNCH BAG RED RETROSPOT'})",0.02694450396400257,0.029676451682022712,0.01162416970216413,0.43141153081510936,14.537166890354625,1.0,0.01082455243218034,1.7065480587550441,0.9569966043475008,0.2583333333333333,0.41402177637498405,0.41155414085881825
"frozenset({'LUNCH BAG PINK POLKADOT', 'LUNCH BAG BLACK SKULL.'})","frozenset({'LUNCH BAG CARS BLUE', 'LUNCH BAG RED RETROSPOT'})",0.02796228840797086,0.027265909577887295,0.01162416970216413,0.41570881226053635,15.246467794262657,1.0,0.010861752474841592,1.6648104760666975,0.9612909320762826,0.2665847665847666,0.39933102633843787,0.421017470963274
"frozenset({'LUNCH BAG BLACK SKULL.', 'LUNCH BAG RED RETROSPOT'})","frozenset({'LUNCH BAG CARS BLUE', 'LUNCH BAG PINK POLKADOT'})",0.0325155346046711,0.0251767730876366,0.01162416970216413,0.357495881383855,14.199432156752776,1.0,0.010805533465599131,1.5172248685533452,0.9608160976230833,0.2523255813953488,0.34090191854455465,0.4095990045217147
"frozenset({'LUNCH BAG CARS BLUE', 'LUNCH BAG PINK POLKADOT'})","frozenset({'LUNCH BAG BLACK SKULL.', 'LUNCH BAG RED RETROSPOT'})",0.0251767730876366,0.0325155346046711,0.01162416970216413,0.4617021276595744,14.199432156752776,1.0,0.010805533465599131,1.797303157058516,0.9535827859748602,0.2523255813953488,0.4436108365621469,0.4095990045217147
"frozenset({'LUNCH BAG CARS BLUE', 'LUNCH BAG RED RETROSPOT'})","frozenset({'LUNCH BAG PINK POLKADOT', 'LUNCH BAG BLACK SKULL.'})",0.027265909577887295,0.02796228840797086,0.01162416970216413,0.42632612966601174,15.246467794262657,1.0,0.010861752474841592,1.6944082027408998,0.9606027453855511,0.2665847665847666,0.40982344255511444,0.421017470963274
"frozenset({'LUNCH BAG PINK POLKADOT', 'LUNCH BAG RED RETROSPOT'})","frozenset({'LUNCH BAG CARS BLUE', 'LUNCH BAG BLACK SKULL.'})",0.029676451682022712,0.02694450396400257,0.01162416970216413,0.3916967509025271,14.537166890354625,1.0,0.01082455243218034,1.5996223881422629,0.959691030030493,0.2583333333333333,0.3748524605476673,0.41155414085881825
frozenset({'LUNCH BAG CARS BLUE'}),"frozenset({'LUNCH BAG PINK POLKADOT', 'LUNCH BAG BLACK SKULL.', 'LUNCH BAG RED RETROSPOT'})",0.057049496464538246,0.018534390400685666,0.01162416970216413,0.20375586854460093,10.993394664712746,1.0,0.010566792062527842,1.2326189554519689,0.9640339374493927,0.1817420435510888,0.18871927486031057,0.41546174930120217
frozenset({'LUNCH BAG PINK POLKADOT'}),"frozenset({'LUNCH BAG CARS BLUE', 'LUNCH BAG BLACK SKULL.', 'LUNCH BAG RED RETROSPOT'})",0.05388900792800514,0.01649882151274909,0.01162416970216413,0.21570576540755468,13.07401048255919,1.0,0.010735064578860854,1.2539951654729715,0.9761142018037632,0.19781221513217867,0.20254875972920647,0.4601256099765046
"frozenset({'LUNCH BAG SUKI DESIGN', 'LUNCH BAG CARS BLUE', 'LUNCH BAG BLACK SKULL.'})",frozenset({'LUNCH BAG PINK POLKADOT'}),0.01623098350117849,0.05388900792800514,0.01007070923505464,0.6204620462046204,11.51370325899389,1.0,0.009196037636480312,2.492796787807082,0.9282127775428516,0.16770740410347906,0.5988441557325249,0.40367038691940765
"frozenset({'LUNCH BAG PINK POLKADOT', 'LUNCH BAG SUKI DESIGN', 'LUNCH BAG BLACK SKULL.'})",frozenset({'LUNCH BAG CARS BLUE'}),0.014998928647953718,0.057049496464538246,0.01007070923505464,0.6714285714285715,11.769228705566736,1.0,0.009215027908181343,2.869849358586188,0.9289661620205593,0.1624891961970614,0.6515496546854839,0.42397719651240784
"frozenset({'LUNCH BAG SUKI DESIGN', 'LUNCH BAG CARS BLUE', 'LUNCH BAG PINK POLKADOT'})",frozenset({'LUNCH BAG BLACK SKULL.'}),0.013338332976215984,0.06513820441397043,0.01007070923505464,0.7550200803212852,11.591048404142889,1.0,0.00920187417510828,3.816075198375761,0.9260788755367089,0.14722004698512137,0.7379506566260459,0.45481267173958995
"frozenset({'LUNCH BAG PINK POLKADOT', 'LUNCH BAG CARS BLUE', 'LUNCH BAG BLACK SKULL.'})",frozenset({'LUNCH BAG SUKI DESIGN'}),0.016070280694236126,0.06433469037925862,0.01007070923505464,0.6266666666666667,9.740727171801277,1.0,0.009036832702283181,2.5062463650555573,0.9119942638446142,0.1431835491241432,0.6009969275395508,0.391601443241743
"frozenset({'LUNCH BAG SUKI DESIGN', 'LUNCH BAG BLACK SKULL.'})","frozenset({'LUNCH BAG CARS BLUE', 'LUNCH BAG PINK POLKADOT'})",0.03026569530747804,0.0251767730876366,0.01007070923505464,0.3327433628318584,13.216283185840707,1.0,0.009308716691958718,1.460941971367335,0.9531845550461251,0.22195985832349469,0.3155101163504304,0.36637168141592924
"frozenset({'LUNCH BAG SUKI DESIGN', 'LUNCH BAG CARS BLUE'})","frozenset({'LUNCH BAG PINK POLKADOT', 'LUNCH BAG BLACK SKULL.'})",0.02689093636168845,0.02796228840797086,0.01007070923505464,0.3745019920318725,13.39310955412068,1.0,0.009318777116948717,1.5540220739464925,0.9509054792563149,0.22488038277511962,0.35650849703796955,0.3673276243684267
"frozenset({'LUNCH BAG SUKI DESIGN', 'LUNCH BAG PINK POLKADOT'})","frozenset({'LUNCH BAG CARS BLUE', 'LUNCH BAG BLACK SKULL.'})",0.02330190700664238,0.02694450396400257,0.01007070923505464,0.43218390804597706,16.039779712529423,1.0,0.009442850909345345,1.7136807318852587,0.9600254273581569,0.2506666666666667,0.4164607319241564,0.4029706816571834
"frozenset({'LUNCH BAG CARS BLUE', 'LUNCH BAG BLACK SKULL.'})","frozenset({'LUNCH BAG SUKI DESIGN', 'LUNCH BAG PINK POLKADOT'})",0.02694450396400257,0.02330190700664238,0.01007070923505464,0.3737574552683897,16.039779712529423,1.0,0.009442850909345345,1.5596163199227269,0.9636192467394042,0.2506666666666667,0.3588166607223331,0.4029706816571834
"frozenset({'LUNCH BAG PINK POLKADOT', 'LUNCH BAG BLACK SKULL.'})","frozenset({'LUNCH BAG SUKI DESIGN', 'LUNCH BAG CARS BLUE'})",0.02796228840797086,0.02689093636168845,0.01007070923505464,0.36015325670498083,13.39310955412068,1.0,0.009318777116948717,1.5208470994586782,0.951953539963089,0.22488038277511962,0.34247170517277237,0.3673276243684267
"frozenset({'LUNCH BAG CARS BLUE', 'LUNCH BAG PINK POLKADOT'})","frozenset({'LUNCH BAG SUKI DESIGN', 'LUNCH BAG BLACK SKULL.'})",0.0251767730876366,0.03026569530747804,0.01007070923505464,0.4,13.216283185840709,1.0,0.009308716691958718,1.6162238411542034,0.9482085943510276,0.22195985832349469,0.38127382201845,0.36637168141592924
"frozenset({'LUNCH BAG SUKI DESIGN', 'LUNCH BAG CARS BLUE', 'LUNCH BAG BLACK SKULL.'})",frozenset({'LUNCH BAG RED RETROSPOT'}),0.01623098350117849,0.07456610242125562,0.011784872509106493,0.7260726072607261,9.737301316338531,1.0,0.010574591330959908,3.3783912164621634,0.9121065267430637,0.14915254237288136,0.7040011248172745,0.44205929213611017
"frozenset({'LUNCH BAG SUKI DESIGN', 'LUNCH BAG CARS BLUE', 'LUNCH BAG RED RETROSPOT'})",frozenset({'LUNCH BAG BLACK SKULL.'}),0.016659524319691452,0.06513820441397043,0.011784872509106493,0.7073954983922829,10.859917075647315,1.0,0.01069970100853092,3.194967235464342,0.9233000044570562,0.16832440703902068,0.6870077448995608,0.44415827551193093
"frozenset({'LUNCH BAG SUKI DESIGN', 'LUNCH BAG BLACK SKULL.', 'LUNCH BAG RED RETROSPOT'})",frozenset({'LUNCH BAG CARS BLUE'}),0.018480822798371543,0.057049496464538246,0.011784872509106493,0.6376811594202899,11.177682520242227,1.0,0.010730550874209039,2.6025433897578747,0.9276803123744126,0.18487394957983197,0.6157604887836148,0.42212696468667077
"frozenset({'LUNCH BAG CARS BLUE', 'LUNCH BAG BLACK SKULL.', 'LUNCH BAG RED RETROSPOT'})",frozenset({'LUNCH BAG SUKI DESIGN'}),0.01649882151274909,0.06433469037925862,0.011784872509106493,0.7142857142857143,11.102652551445225,1.0,0.010723425935461129,3.274828583672595,0.9251960784313724,0.17067494181536075,0.6946405057700644,0.4487331985250387
"frozenset({'LUNCH BAG SUKI DESIGN', 'LUNCH BAG CARS BLUE'})","frozenset({'LUNCH BAG BLACK SKULL.', 'LUNCH BAG RED RETROSPOT'})",0.02689093636168845,0.0325155346046711,0.011784872509106493,0.4382470119521913,13.478081085870686,1.0,0.010910499337286004,1.722259580242749,0.9513892086114919,0.24746906636670415,0.41936743364838636,0.40034261635500834
"frozenset({'LUNCH BAG SUKI DESIGN', 'LUNCH BAG BLACK SKULL.'})","frozenset({'LUNCH BAG CARS BLUE', 'LUNCH BAG RED RETROSPOT'})",0.03026569530747804,0.027265909577887295,0.011784872509106493,0.3893805309734513,14.280856094719821,1.0,0.01095965079754091,1.5930282930101265,0.9590010194191821,0.2576112412177986,0.3722647586437794,0.4108002851330911
"frozenset({'LUNCH BAG SUKI DESIGN', 'LUNCH BAG RED RETROSPOT'})","frozenset({'LUNCH BAG CARS BLUE', 'LUNCH BAG BLACK SKULL.'})",0.03224769659310049,0.02694450396400257,0.011784872509106493,0.36544850498338877,13.563007338031614,1.0,0.010915974320423745,1.5334539492504462,0.9571354528345561,0.248587570621469,0.34787738458738793,0.4014121252551139
"frozenset({'LUNCH BAG CARS BLUE', 'LUNCH BAG BLACK SKULL.'})","frozenset({'LUNCH BAG SUKI DESIGN', 'LUNCH BAG RED RETROSPOT'})",0.02694450396400257,0.03224769659310049,0.011784872509106493,0.437375745526839,13.563007338031612,1.0,0.010915974320423745,1.7200685816737473,0.9519190250982159,0.248587570621469,0.4186278322536826,0.4014121252551139
"frozenset({'LUNCH BAG CARS BLUE', 'LUNCH BAG RED RETROSPOT'})","frozenset({'LUNCH BAG SUKI DESIGN', 'LUNCH BAG BLACK SKULL.'})",0.027265909577887295,0.03026569530747804,0.011784872509106493,0.43222003929273084,14.280856094719821,1.0,0.01095965079754091,1.7079403497871755,0.9560435846987971,0.2576112412177986,0.41449945829512785,0.4108002851330911
"frozenset({'LUNCH BAG BLACK SKULL.', 'LUNCH BAG RED RETROSPOT'})","frozenset({'LUNCH BAG SUKI DESIGN', 'LUNCH BAG CARS BLUE'})",0.0325155346046711,0.02689093636168845,0.011784872509106493,0.3624382207578254,13.478081085870686,1.0,0.010910499337286004,1.526297678626499,0.956920234961318,0.24746906636670415,0.34481981201734474,0.40034261635500834
frozenset({'LUNCH BAG CARS BLUE'}),"frozenset({'LUNCH BAG SUKI DESIGN', 'LUNCH BAG BLACK SKULL.', 'LUNCH BAG RED RETROSPOT'})",0.057049496464538246,0.018480822798371543,0.011784872509106493,0.20657276995305165,11.177682520242227,1.0,0.010730550874209039,1.2370626316209874,0.9656244028652142,0.18487394957983197,0.19163349175809463,0.42212696468667077
"frozenset({'LUNCH BAG SUKI DESIGN', 'LUNCH BAG CARS BLUE', 'LUNCH BAG BLACK SKULL.'})",frozenset({'LUNCH BAG SPACEBOY DESIGN'}),0.01623098350117849,0.055603171202056996,0.010231412041997,0.6303630363036303,11.33681807487107,1.0,0.00932891788760321,2.554930706480149,0.9268352759559998,0.16608695652173913,0.608599952451286,0.4071853717163624
"frozenset({'LUNCH BAG SUKI DESIGN', 'LUNCH BAG SPACEBOY DESIGN', 'LUNCH BAG BLACK SKULL.'})",frozenset({'LUNCH BAG CARS BLUE'}),0.016016713091922007,0.057049496464538246,0.010231412041997,0.6387959866220735,11.197223923249641,1.0,0.009317666625085872,2.610575931084287,0.9255158716925482,0.16283034953111677,0.616942764202742,0.40906935481338413
"frozenset({'LUNCH BAG SUKI DESIGN', 'LUNCH BAG CARS BLUE', 'LUNCH BAG SPACEBOY DESIGN'})",frozenset({'LUNCH BAG BLACK SKULL.'}),0.015159631454896079,0.06513820441397043,0.010231412041997,0.6749116607773852,10.36122605542124,1.0,0.009243940869447523,2.875716175552678,0.9173936754154522,0.14602446483180426,0.6522605365225892,0.4159920145992189
"frozenset({'LUNCH BAG CARS BLUE', 'LUNCH BAG SPACEBOY DESIGN', 'LUNCH BAG BLACK SKULL.'})",frozenset({'LUNCH BAG SUKI DESIGN'}),0.014516820227126633,0.06433469037925862,0.010231412041997,0.7047970479704797,10.955163440060712,1.0,0.00929747690739345,3.1695662363402612,0.9221048731198207,0.14910226385636222,0.6844994155557861,0.4319155930943156
"frozenset({'LUNCH BAG SUKI DESIGN', 'LUNCH BAG BLACK SKULL.'})","frozenset({'LUNCH BAG CARS BLUE', 'LUNCH BAG SPACEBOY DESIGN'})",0.03026569530747804,0.02431969145061067,0.010231412041997,0.3380530973451327,13.900385949865502,1.0,0.00949535967058094,1.4739555463379814,0.9570245653652037,0.23067632850241543,0.3215534874952749,0.37937897158005535
"frozenset({'LUNCH BAG SUKI DESIGN', 'LUNCH BAG CARS BLUE'})","frozenset({'LUNCH BAG SPACEBOY DESIGN', 'LUNCH BAG BLACK SKULL.'})",0.02689093636168845,0.025873151917720164,0.010231412041997,0.3804780876494024,14.705517474614997,1.0,0.00953565876030129,1.572384815875577,0.957753192921821,0.24055415617128462,0.36402336762381327,0.38796161111248584
"frozenset({'LUNCH BAG SUKI DESIGN', 'LUNCH BAG SPACEBOY DESIGN'})","frozenset({'LUNCH BAG CARS BLUE', 'LUNCH BAG BLACK SKULL.'})",0.026408827940861367,0.02694450396400257,0.010231412041997,0.38742393509127787,14.378588509510886,1.0,0.0095198392728598,1.5884647667077705,0.9556908186119535,0.2372670807453416,0.37046132784387426,0.3835728025356986
"frozenset({'LUNCH BAG CARS BLUE', 'LUNCH BAG BLACK SKULL.'})","frozenset({'LUNCH BAG SUKI DESIGN', 'LUNCH BAG SPACEBOY DESIGN'})",0.02694450396400257,0.026408827940861367,0.010231412041997,0.3797216699801193,14.378588509510887,1.0,0.0095198392728598,1.569603716492778,0.9562169352200525,0.2372670807453416,0.36289651362799824,0.3835728025356986
"frozenset({'LUNCH BAG SPACEBOY DESIGN', 'LUNCH BAG BLACK SKULL.'})","frozenset({'LUNCH BAG SUKI DESIGN', 'LUNCH BAG CARS BLUE'})",0.025873151917720164,0.02689093636168845,0.010231412041997,0.39544513457556935,14.705517474614997,1.0,0.00953565876030129,1.6096290333469332,0.9567525159536872,0.24055415617128462,0.3787388402651508,0.38796161111248584
"frozenset({'LUNCH BAG CARS BLUE', 'LUNCH BAG SPACEBOY DESIGN'})","frozenset({'LUNCH BAG SUKI DESIGN', 'LUNCH BAG BLACK SKULL.'})",0.02431969145061067,0.03026569530747804,0.010231412041997,0.42070484581497797,13.900385949865502,1.0,0.00949535967058094,1.6739900164654182,0.9511922535854992,0.23067632850241543,0.4026248722131143,0.37937897158005535
"frozenset({'LUNCH BAG PINK POLKADOT', 'LUNCH BAG SPACEBOY DESIGN', 'LUNCH BAG BLACK SKULL.'})",frozenset({'LUNCH BAG RED RETROSPOT'}),0.013606170987786586,0.07456610242125562,0.01017784443968288,0.7480314960629922,10.031790207258577,1.0,0.009163285300246468,3.6728157810156437,0.9127357331092476,0.1304945054945055,0.7277293336712167,0.4422628744682777
"frozenset({'LUNCH BAG SPACEBOY DESIGN', 'LUNCH BAG BLACK SKULL.', 'LUNCH BAG RED RETROSPOT'})",frozenset({'LUNCH BAG PINK POLKADOT'}),0.015963145489607884,0.05388900792800514,0.01017784443968288,0.6375838926174497,11.831427542129774,1.0,0.009317606365837502,2.6105655151616163,0.930330344096496,0.17055655296229805,0.6169412358386679,0.4132253459111106
"frozenset({'LUNCH BAG PINK POLKADOT', 'LUNCH BAG BLACK SKULL.', 'LUNCH BAG RED RETROSPOT'})",frozenset({'LUNCH BAG SPACEBOY DESIGN'}),0.018534390400685666,0.055603171202056996,0.01017784443968288,0.5491329479768786,9.87592858654371,1.0,0.009147273557107793,2.0946237356672324,0.9157159354012145,0.1591289782244556,0.5225872871714334,0.36608863198458574
"frozenset({'LUNCH BAG PINK POLKADOT', 'LUNCH BAG SPACEBOY DESIGN', 'LUNCH BAG RED RETROSPOT'})",frozenset({'LUNCH BAG BLACK SKULL.'}),0.014409685022498392,0.06513820441397043,0.01017784443968288,0.7063197026022305,10.843401486988848,1.0,0.009239223431146451,3.1832635824385065,0.9210500570683189,0.1467181467181467,0.6858569910714211,0.43128485130111527
"frozenset({'LUNCH BAG SPACEBOY DESIGN', 'LUNCH BAG BLACK SKULL.'})","frozenset({'LUNCH BAG PINK POLKADOT', 'LUNCH BAG RED RETROSPOT'})",0.025873151917720164,0.029676451682022712,0.01017784443968288,0.39337474120082816,13.255450665590361,1.0,0.009410021096935025,1.5995435967153004,0.9491159573390446,0.22432113341204252,0.37482166659694494,0.3681675150047462
"frozenset({'LUNCH BAG PINK POLKADOT', 'LUNCH BAG BLACK SKULL.'})","frozenset({'LUNCH BAG SPACEBOY DESIGN', 'LUNCH BAG RED RETROSPOT'})",0.02796228840797086,0.02683736875937433,0.01017784443968288,0.36398467432950193,13.562606587591102,1.0,0.009427410194322187,1.5300930527337546,0.9529135027583285,0.2280912364945978,0.34644497717747247,0.3716130956477849
"frozenset({'LUNCH BAG BLACK SKULL.', 'LUNCH BAG RED RETROSPOT'})","frozenset({'LUNCH BAG PINK POLKADOT', 'LUNCH BAG SPACEBOY DESIGN'})",0.0325155346046711,0.021105635311763446,0.01017784443968288,0.31301482701812194,14.830864951203807,1.0,0.009491583424349668,1.4249133797740037,0.963915269598058,0.2342786683107275,0.29820295451320455,0.3976241647780965
"frozenset({'LUNCH BAG PINK POLKADOT', 'LUNCH BAG SPACEBOY DESIGN'})","frozenset({'LUNCH BAG BLACK SKULL.', 'LUNCH BAG RED RETROSPOT'})",0.021105635311763446,0.0325155346046711,0.01017784443968288,0.48223350253807107,14.830864951203806,1.0,0.009491583424349668,1.868572938067449,0.9526799652079745,0.2342786683107275,0.46483223660820056,0.3976241647780965
"frozenset({'LUNCH BAG SPACEBOY DESIGN', 'LUNCH BAG RED RETROSPOT'})","frozenset({'LUNCH BAG PINK POLKADOT', 'LUNCH BAG BLACK SKULL.'})",0.02683736875937433,0.02796228840797086,0.01017784443968288,0.3792415169660679,13.562606587591102,1.0,0.009427410194322187,1.5658871173878026,0.9518119899296874,0.2280912364945978,0.36138436232351784,0.3716130956477849
"frozenset({'LUNCH BAG PINK POLKADOT', 'LUNCH BAG RED RETROSPOT'})","frozenset({'LUNCH BAG SPACEBOY DESIGN', 'LUNCH BAG BLACK SKULL.'})",0.029676451682022712,0.025873151917720164,0.01017784443968288,0.3429602888086643,13.255450665590361,1.0,0.009410021096935025,1.4825996533999533,0.9528361314017073,0.22432113341204252,0.32550908284191066,0.3681675150047462
"frozenset({'LUNCH BAG PINK POLKADOT', 'LUNCH BAG SUKI DESIGN', 'LUNCH BAG BLACK SKULL.'})",frozenset({'LUNCH BAG RED RETROSPOT'}),0.014998928647953718,0.07456610242125562,0.01146346689522177,0.7642857142857142,10.24977422003284,1.0,0.010345055245449349,3.926083201849218,0.9161785723724737,0.14677640603566533,0.7452932226375153,0.45901067323481115
"frozenset({'LUNCH BAG SUKI DESIGN', 'LUNCH BAG BLACK SKULL.', 'LUNCH BAG RED RETROSPOT'})",frozenset({'LUNCH BAG PINK POLKADOT'}),0.018480822798371543,0.05388900792800514,0.01146346689522177,0.6202898550724638,11.510507966692598,1.0,0.010467553688924268,2.4916663531667043,0.9303158636737138,0.18821459982409855,0.5986621568617798,0.41650675656207686
"frozenset({'LUNCH BAG SUKI DESIGN', 'LUNCH BAG PINK POLKADOT', 'LUNCH BAG RED RETROSPOT'})",frozenset({'LUNCH BAG BLACK SKULL.'}),0.016391686308120847,0.06513820441397043,0.01146346689522177,0.6993464052287582,10.736347609219127,1.0,0.010395741881793714,3.109431624449186,0.921971116700785,0.1636085626911315,0.6783978164571659,0.4376666236670107
"frozenset({'LUNCH BAG PINK POLKADOT', 'LUNCH BAG BLACK SKULL.', 'LUNCH BAG RED RETROSPOT'})",frozenset({'LUNCH BAG SUKI DESIGN'}),0.018534390400685666,0.06433469037925862,0.01146346689522177,0.6184971098265896,9.613741920268755,1.0,0.010271062627425356,2.452577250975579,0.9129023175244103,0.16054013503375844,0.5922656464328605,0.3983409778941441
"frozenset({'LUNCH BAG SUKI DESIGN', 'LUNCH BAG BLACK SKULL.'})","frozenset({'LUNCH BAG PINK POLKADOT', 'LUNCH BAG RED RETROSPOT'})",0.03026569530747804,0.029676451682022712,0.01146346689522177,0.3787610619469027,12.763017156001407,1.0,0.010565288450806577,1.561916822791046,0.95041354740088,0.23646408839779007,0.3597610414278889,0.38252132519727805
"frozenset({'LUNCH BAG SUKI DESIGN', 'LUNCH BAG PINK POLKADOT'})","frozenset({'LUNCH BAG BLACK SKULL.', 'LUNCH BAG RED RETROSPOT'})",0.02330190700664238,0.0325155346046711,0.01146346689522177,0.49195402298850577,15.129814993656383,1.0,0.010705792931592462,1.9043246264568692,0.9561863028472046,0.2584541062801932,0.4748794474918014,0.4222537824991952
"frozenset({'LUNCH BAG SUKI DESIGN', 'LUNCH BAG RED RETROSPOT'})","frozenset({'LUNCH BAG PINK POLKADOT', 'LUNCH BAG BLACK SKULL.'})",0.03224769659310049,0.02796228840797086,0.01146346689522177,0.3554817275747509,12.712898257405076,1.0,0.010561747502592755,1.5081616040680452,0.9520408553890148,0.23516483516483516,0.33694108290341945,0.3827217066992529
"frozenset({'LUNCH BAG PINK POLKADOT', 'LUNCH BAG BLACK SKULL.'})","frozenset({'LUNCH BAG SUKI DESIGN', 'LUNCH BAG RED RETROSPOT'})",0.02796228840797086,0.03224769659310049,0.01146346689522177,0.4099616858237548,12.712898257405074,1.0,0.010561747502592755,1.6401516310987063,0.9478436070460677,0.23516483516483516,0.3903002740483701,0.3827217066992529
"frozenset({'LUNCH BAG BLACK SKULL.', 'LUNCH BAG RED RETROSPOT'})","frozenset({'LUNCH BAG SUKI DESIGN', 'LUNCH BAG PINK POLKADOT'})",0.0325155346046711,0.02330190700664238,0.01146346689522177,0.35255354200988465,15.129814993656383,1.0,0.010705792931592462,1.508538784852336,0.9652923348548299,0.2584541062801932,0.3371068678901183,0.4222537824991952
"frozenset({'LUNCH BAG PINK POLKADOT', 'LUNCH BAG RED RETROSPOT'})","frozenset({'LUNCH BAG SUKI DESIGN', 'LUNCH BAG BLACK SKULL.'})",0.029676451682022712,0.03026569530747804,0.01146346689522177,0.3862815884476534,12.763017156001405,1.0,0.010565288450806577,1.580096484704874,0.9498363944240992,0.23646408839779007,0.3671272547721811,0.38252132519727805
frozenset({'LUNCH BAG PINK POLKADOT'}),"frozenset({'LUNCH BAG SUKI DESIGN', 'LUNCH BAG BLACK SKULL.', 'LUNCH BAG RED RETROSPOT'})",0.05388900792800514,0.018480822798371543,0.01146346689522177,0.21272365805168988,11.5105079666926,1.0,0.010467553688924268,1.2467276417485333,0.9651329164360467,0.18821459982409855,0.19790019366418962,0.41650675656207686
"frozenset({'LUNCH BAG SUKI DESIGN', 'LUNCH BAG SPACEBOY DESIGN', 'LUNCH BAG BLACK SKULL.'})",frozenset({'LUNCH BAG RED RETROSPOT'}),0.016016713091922007,0.07456610242125562,0.011088493679022928,0.6923076923076923,9.28448275862069,1.0,0.009894189810158806,3.007660167130919,0.9068176456711489,0.1394878706199461,0.6675156286177356,0.42050729442970824
"frozenset({'LUNCH BAG SUKI DESIGN', 'LUNCH BAG BLACK SKULL.', 'LUNCH BAG RED RETROSPOT'})",frozenset({'LUNCH BAG SPACEBOY DESIGN'}),0.018480822798371543,0.055603171202056996,0.011088493679022928,0.6000000000000001,10.790751445086707,1.0,0.010060901325010196,2.360992071994858,0.9244119412759919,0.17602040816326534,0.5764492342597846,0.3997109826589596
"frozenset({'LUNCH BAG SUKI DESIGN', 'LUNCH BAG SPACEBOY DESIGN', 'LUNCH BAG RED RETROSPOT'})",frozenset({'LUNCH BAG BLACK SKULL.'}),0.016338118705806728,0.06513820441397043,0.011088493679022928,0.678688524590164,10.419208369283867,1.0,0.010024257963024375,2.909518853609583,0.9190387833547874,0.15753424657534246,0.6563005602251423,0.4244593938740294
"frozenset({'LUNCH BAG SPACEBOY DESIGN', 'LUNCH BAG BLACK SKULL.', 'LUNCH BAG RED RETROSPOT'})",frozenset({'LUNCH BAG SUKI DESIGN'}),0.015963145489607884,0.06433469037925862,0.011088493679022928,0.6946308724832216,10.797143320163848,1.0,0.010061509656469946,3.064046838098693,0.9221025669346419,0.1602167182662539,0.6736342318381394,0.4334936210875725
"frozenset({'LUNCH BAG SUKI DESIGN', 'LUNCH BAG BLACK SKULL.'})","frozenset({'LUNCH BAG SPACEBOY DESIGN', 'LUNCH BAG RED RETROSPOT'})",0.03026569530747804,0.02683736875937433,0.011088493679022928,0.36637168141592924,13.651549997350433,1.0,0.010276242053297274,1.535857225281993,0.9556723323142052,0.24097788125727593,0.3488978118936846,0.38977266705527003
"frozenset({'LUNCH BAG SUKI DESIGN', 'LUNCH BAG SPACEBOY DESIGN'})","frozenset({'LUNCH BAG BLACK SKULL.', 'LUNCH BAG RED RETROSPOT'})",0.026408827940861367,0.0325155346046711,0.011088493679022928,0.41987829614604466,12.913159855773248,1.0,0.010229796520243046,1.667726718321319,0.9475842088126044,0.23180291153415455,0.4003813760287006,0.3804498564749993
"frozenset({'LUNCH BAG SUKI DESIGN', 'LUNCH BAG RED RETROSPOT'})","frozenset({'LUNCH BAG SPACEBOY DESIGN', 'LUNCH BAG BLACK SKULL.'})",0.03224769659310049,0.025873151917720164,0.011088493679022928,0.3438538205980067,13.289985761746559,1.0,0.010254144126073093,1.4846186393557783,0.9555703162478321,0.23576309794988615,0.32642634715004615,0.3862126245847176
"frozenset({'LUNCH BAG SPACEBOY DESIGN', 'LUNCH BAG BLACK SKULL.'})","frozenset({'LUNCH BAG SUKI DESIGN', 'LUNCH BAG RED RETROSPOT'})",0.025873151917720164,0.03224769659310049,0.011088493679022928,0.4285714285714286,13.28998576174656,1.0,0.010254144126073093,1.6935665309620742,0.9493172028228395,0.23576309794988615,0.4095301355347852,0.3862126245847176
"frozenset({'LUNCH BAG BLACK SKULL.', 'LUNCH BAG RED RETROSPOT'})","frozenset({'LUNCH BAG SUKI DESIGN', 'LUNCH BAG SPACEBOY DESIGN'})",0.0325155346046711,0.026408827940861367,0.011088493679022928,0.34102141680395387,12.913159855773246,1.0,0.010229796520243046,1.4774246035997427,0.9535653061939584,0.23180291153415455,0.323146509430328,0.3804498564749993
"frozenset({'LUNCH BAG SPACEBOY DESIGN', 'LUNCH BAG RED RETROSPOT'})","frozenset({'LUNCH BAG SUKI DESIGN', 'LUNCH BAG BLACK SKULL.'})",0.02683736875937433,0.03026569530747804,0.011088493679022928,0.4131736526946108,13.651549997350433,1.0,0.010276242053297274,1.652506417180114,0.9523056218354191,0.24097788125727593,0.39485862832143814,0.38977266705527003
"frozenset({'LUNCH BAG SUKI DESIGN', 'LUNCH BAG BLACK SKULL.', 'LUNCH BAG WOODLAND'})",frozenset({'LUNCH BAG RED RETROSPOT'}),0.01387400899935719,0.07456610242125562,0.010338547246625241,0.7451737451737451,9.993465140016864,1.0,0.009304016470585751,3.6316269617105266,0.9125959734157967,0.13237311385459533,0.7246413217702867,0.44191158523055074
"frozenset({'LUNCH BAG RED RETROSPOT', 'LUNCH BAG SUKI DESIGN', 'LUNCH BAG WOODLAND'})",frozenset({'LUNCH BAG BLACK SKULL.'}),0.014945361045639597,0.06513820441397043,0.010338547246625241,0.6917562724014337,10.619824089794378,1.0,0.009365033263793779,3.0328655926570027,0.9195799358537445,0.14823348694316435,0.6702788272513158,0.42523668883229576
"frozenset({'LUNCH BAG SUKI DESIGN', 'LUNCH BAG BLACK SKULL.', 'LUNCH BAG RED RETROSPOT'})",frozenset({'LUNCH BAG WOODLAND'}),0.018480822798371543,0.04665738161559889,0.010338547246625241,0.5594202898550725,11.989963227341553,1.0,0.009476280444751359,2.163836864096174,0.9338553232594499,0.18866080156402734,0.5378579519590097,0.3905023378092814
"frozenset({'LUNCH BAG RED RETROSPOT', 'LUNCH BAG BLACK SKULL.', 'LUNCH BAG WOODLAND'})",frozenset({'LUNCH BAG SUKI DESIGN'}),0.014570387829440755,0.06433469037925862,0.010338547246625241,0.7095588235294118,11.029179115443014,1.0,0.009401165856912452,3.221531192618249,0.922776634253673,0.15078124999999998,0.689588602372878,0.4351291203408924
"frozenset({'LUNCH BAG SUKI DESIGN', 'LUNCH BAG WOODLAND'})","frozenset({'LUNCH BAG BLACK SKULL.', 'LUNCH BAG RED RETROSPOT'})",0.02185558174416113,0.0325155346046711,0.010338547246625241,0.4730392156862745,14.548098975998965,1.0,0.009627901322117752,1.8359705203781125,0.9520705525824447,0.23479318734793186,0.45532894515427563,0.3954981910391834
"frozenset({'LUNCH BAG SUKI DESIGN', 'LUNCH BAG BLACK SKULL.'})","frozenset({'LUNCH BAG RED RETROSPOT', 'LUNCH BAG WOODLAND'})",0.03026569530747804,0.02442682665523891,0.010338547246625241,0.3415929203539823,13.98433473063189,1.0,0.009599252353749197,1.4817173197306184,0.957469906656756,0.23309178743961353,0.3251074366993269,0.382419267194535
"frozenset({'LUNCH BAG SUKI DESIGN', 'LUNCH BAG RED RETROSPOT'})","frozenset({'LUNCH BAG BLACK SKULL.', 'LUNCH BAG WOODLAND'})",0.03224769659310049,0.022551960574244696,0.010338547246625241,0.32059800664451826,14.215970517909422,1.0,0.009611298464447434,1.4386888013063683,0.9606348397843486,0.23253012048192773,0.30492264964322174,0.3895151553412615
"frozenset({'LUNCH BAG BLACK SKULL.', 'LUNCH BAG WOODLAND'})","frozenset({'LUNCH BAG SUKI DESIGN', 'LUNCH BAG RED RETROSPOT'})",0.022551960574244696,0.03224769659310049,0.010338547246625241,0.4584323040380048,14.215970517909424,1.0,0.009611298464447434,1.7869461391855468,0.9511058812705674,0.23253012048192773,0.44038604294151845,0.3895151553412615
"frozenset({'LUNCH BAG RED RETROSPOT', 'LUNCH BAG WOODLAND'})","frozenset({'LUNCH BAG SUKI DESIGN', 'LUNCH BAG BLACK SKULL.'})",0.02442682665523891,0.03026569530747804,0.010338547246625241,0.42324561403508776,13.98433473063189,1.0,0.009599252353749197,1.6813644218242967,0.9517393872285994,0.23309178743961353,0.4052449385630569,0.382419267194535
"frozenset({'LUNCH BAG BLACK SKULL.', 'LUNCH BAG RED RETROSPOT'})","frozenset({'LUNCH BAG SUKI DESIGN', 'LUNCH BAG WOODLAND'})",0.0325155346046711,0.02185558174416113,0.010338547246625241,0.31795716639209226,14.548098975998967,1.0,0.009627901322117752,1.4341392799065078,0.9625606716214739,0.23479318734793186,0.3027176551044676,0.3954981910391834
frozenset({'LUNCH BAG WOODLAND'}),"frozenset({'LUNCH BAG SUKI DESIGN', 'LUNCH BAG BLACK SKULL.', 'LUNCH BAG RED RETROSPOT'})",0.04665738161559889,0.018480822798371543,0.010338547246625241,0.22158438576349024,11.989963227341553,1.0,0.009476280444751359,1.2609191789714136,0.9614559244863122,0.18866080156402734,0.20692775819641082,0.3905023378092814
"frozenset({'LUNCH BAG SUKI DESIGN', 'LUNCH BAG CARS BLUE', 'LUNCH BAG PINK POLKADOT'})",frozenset({'LUNCH BAG RED RETROSPOT'}),0.013338332976215984,0.07456610242125562,0.01039211484893936,0.7791164658634537,10.448668236163043,1.0,0.009397527346106029,4.18969164540195,0.9165188568729176,0.13407049067035243,0.7613189502627318,0.4592421409777039
"frozenset({'LUNCH BAG SUKI DESIGN', 'LUNCH BAG CARS BLUE', 'LUNCH BAG RED RETROSPOT'})",frozenset({'LUNCH BAG PINK POLKADOT'}),0.016659524319691452,0.05388900792800514,0.01039211484893936,0.6237942122186494,11.575537130912274,1.0,0.009494349610798713,2.514876226789661,0.9290891027833422,0.17275155832591269,0.6023661167307071,0.40831857728228693
"frozenset({'LUNCH BAG SUKI DESIGN', 'LUNCH BAG PINK POLKADOT', 'LUNCH BAG RED RETROSPOT'})",frozenset({'LUNCH BAG CARS BLUE'}),0.016391686308120847,0.057049496464538246,0.01039211484893936,0.6339869281045751,11.112927674982355,1.0,0.009456977398856401,2.576275482873672,0.9251799716357292,0.16482582837723023,0.6118427525908202,0.40807327625886036
"frozenset({'LUNCH BAG CARS BLUE', 'LUNCH BAG PINK POLKADOT', 'LUNCH BAG RED RETROSPOT'})",frozenset({'LUNCH BAG SUKI DESIGN'}),0.015909577887293764,0.06433469037925862,0.01039211484893936,0.6531986531986532,10.153132770951256,1.0,0.009368577081495617,2.697986378226798,0.9160827211421856,0.14877300613496933,0.6293532064986809,0.4073653549090685
"frozenset({'LUNCH BAG SUKI DESIGN', 'LUNCH BAG CARS BLUE'})","frozenset({'LUNCH BAG PINK POLKADOT', 'LUNCH BAG RED RETROSPOT'})",0.02689093636168845,0.029676451682022712,0.01039211484893936,0.38645418326693226,13.022250348785365,1.0,0.009594087275317366,1.581501367713067,0.9487203351451845,0.22505800464037123,0.36768944977515133,0.36831734434104735
"frozenset({'LUNCH BAG SUKI DESIGN', 'LUNCH BAG PINK POLKADOT'})","frozenset({'LUNCH BAG CARS BLUE', 'LUNCH BAG RED RETROSPOT'})",0.02330190700664238,0.027265909577887295,0.01039211484893936,0.44597701149425284,16.35657927421358,1.0,0.009756767159503911,1.7557648520067177,0.9612617543470799,0.2586666666666666,0.4304476485805778,0.4135582503443759
"frozenset({'LUNCH BAG SUKI DESIGN', 'LUNCH BAG RED RETROSPOT'})","frozenset({'LUNCH BAG CARS BLUE', 'LUNCH BAG PINK POLKADOT'})",0.03224769659310049,0.0251767730876366,0.01039211484893936,0.3222591362126246,12.7998586272708,1.0,0.009580221909215918,1.4383421142187323,0.9525930693984599,0.22095671981776766,0.3047551134639672,0.3675125468297165
"frozenset({'LUNCH BAG CARS BLUE', 'LUNCH BAG PINK POLKADOT'})","frozenset({'LUNCH BAG SUKI DESIGN', 'LUNCH BAG RED RETROSPOT'})",0.0251767730876366,0.03224769659310049,0.01039211484893936,0.41276595744680844,12.799858627270797,1.0,0.009580221909215918,1.647983994932039,0.9456833933263313,0.22095671981776766,0.39319799034744934,0.3675125468297165
"frozenset({'LUNCH BAG CARS BLUE', 'LUNCH BAG RED RETROSPOT'})","frozenset({'LUNCH BAG SUKI DESIGN', 'LUNCH BAG PINK POLKADOT'})",0.027265909577887295,0.02330190700664238,0.01039211484893936,0.38113948919449897,16.35657927421358,1.0,0.009756767159503911,1.5782200931226,0.9651790058378936,0.2586666666666666,0.36637481403405403,0.4135582503443759
"frozenset({'LUNCH BAG PINK POLKADOT', 'LUNCH BAG RED RETROSPOT'})","frozenset({'LUNCH BAG SUKI DESIGN', 'LUNCH BAG CARS BLUE'})",0.029676451682022712,0.02689093636168845,0.01039211484893936,0.35018050541516244,13.022250348785363,1.0,0.009594087275317366,1.4975067257100683,0.9514438339542577,0.22505800464037123,0.33222336645878303,0.36831734434104735
"frozenset({'LUNCH BAG SUKI DESIGN', 'LUNCH BAG CARS BLUE', 'LUNCH BAG SPACEBOY DESIGN'})",frozenset({'LUNCH BAG RED RETROSPOT'}),0.015159631454896079,0.07456610242125562,0.010659952860509964,0.7031802120141343,9.430293245603346,1.0,0.009529558228775695,3.117830869223627,0.9077194512130956,0.1348238482384824,0.6792641929775329,0.4230699910645384
"frozenset({'LUNCH BAG SUKI DESIGN', 'LUNCH BAG CARS BLUE', 'LUNCH BAG RED RETROSPOT'})",frozenset({'LUNCH BAG SPACEBOY DESIGN'}),0.016659524319691452,0.055603171202056996,0.010659952860509964,0.6398713826366559,11.507821744760204,1.0,0.009733630477617328,2.622387622822859,0.9285721520387249,0.17304347826086955,0.6186681208769763,0.4157931094300813
"frozenset({'LUNCH BAG SUKI DESIGN', 'LUNCH BAG SPACEBOY DESIGN', 'LUNCH BAG RED RETROSPOT'})",frozenset({'LUNCH BAG CARS BLUE'}),0.016338118705806728,0.057049496464538246,0.010659952860509964,0.6524590163934426,11.436718232894636,1.0,0.009727871415165837,2.713206637531281,0.9277195212023741,0.1699402220324509,0.6314324216345388,0.41965673824366967
"frozenset({'LUNCH BAG CARS BLUE', 'LUNCH BAG SPACEBOY DESIGN', 'LUNCH BAG RED RETROSPOT'})",frozenset({'LUNCH BAG SUKI DESIGN'}),0.014731090636383115,0.06433469037925862,0.010659952860509964,0.7236363636363636,11.247996366664143,1.0,0.00971223270546946,3.385631054548735,0.9247173725420447,0.1558339859044636,0.7046340892175895,0.44466580879570056
"frozenset({'LUNCH BAG SUKI DESIGN', 'LUNCH BAG CARS BLUE'})","frozenset({'LUNCH BAG SPACEBOY DESIGN', 'LUNCH BAG RED RETROSPOT'})",0.02689093636168845,0.02683736875937433,0.010659952860509964,0.3964143426294821,14.770983928557229,1.0,0.009938270885086463,1.6123024451577364,0.9580629117181194,0.24751243781094526,0.37976897386509456,0.3968099657259187
"frozenset({'LUNCH BAG SUKI DESIGN', 'LUNCH BAG SPACEBOY DESIGN'})","frozenset({'LUNCH BAG CARS BLUE', 'LUNCH BAG RED RETROSPOT'})",0.026408827940861367,0.027265909577887295,0.010659952860509964,0.4036511156186613,14.804241702100528,1.0,0.009939892145816455,1.6311493421023864,0.9577447070289551,0.24782067247820672,0.3869353503149496,0.39730689376217937
"frozenset({'LUNCH BAG SUKI DESIGN', 'LUNCH BAG RED RETROSPOT'})","frozenset({'LUNCH BAG CARS BLUE', 'LUNCH BAG SPACEBOY DESIGN'})",0.03224769659310049,0.02431969145061067,0.010659952860509964,0.33056478405315615,13.592474424458851,1.0,0.00987569882937285,1.4574678554509488,0.9573006180019993,0.2322053675612602,0.3138785213958668,0.38444538762129177
"frozenset({'LUNCH BAG CARS BLUE', 'LUNCH BAG SPACEBOY DESIGN'})","frozenset({'LUNCH BAG SUKI DESIGN', 'LUNCH BAG RED RETROSPOT'})",0.02431969145061067,0.03224769659310049,0.010659952860509964,0.43832599118942733,13.592474424458853,1.0,0.00987569882937285,1.7229786107714995,0.9495219591975469,0.2322053675612602,0.41960974225197767,0.38444538762129177
"frozenset({'LUNCH BAG CARS BLUE', 'LUNCH BAG RED RETROSPOT'})","frozenset({'LUNCH BAG SUKI DESIGN', 'LUNCH BAG SPACEBOY DESIGN'})",0.027265909577887295,0.026408827940861367,0.010659952860509964,0.39096267190569745,14.804241702100526,1.0,0.009939892145816455,1.5985738921874244,0.9585885814335182,0.24782067247820672,0.37444242966357966,0.39730689376217937
"frozenset({'LUNCH BAG SPACEBOY DESIGN', 'LUNCH BAG RED RETROSPOT'})","frozenset({'LUNCH BAG SUKI DESIGN', 'LUNCH BAG CARS BLUE'})",0.02683736875937433,0.02689093636168845,0.010659952860509964,0.3972055888223553,14.770983928557229,1.0,0.009938270885086463,1.6143299366979937,0.9580101752777761,0.24751243781094526,0.3805479429778558,0.3968099657259187
"frozenset({'STRAWBERRY CHARLOTTE BAG', 'CHARLOTTE BAG SUKI DESIGN', 'CHARLOTTE BAG PINK POLKADOT', 'RED RETROSPOT CHARLOTTE BAG'})",frozenset({'WOODLAND CHARLOTTE BAG'}),0.01274908935076066,0.03658667238054425,0.010552817655881723,0.8277310924369748,22.623841923299334,1.0,0.010086370900655157,5.592496877400745,0.9681417684144424,0.27209944751381215,0.8211889926946593,0.5580822372873014
"frozenset({'STRAWBERRY CHARLOTTE BAG', 'WOODLAND CHARLOTTE BAG', 'CHARLOTTE BAG SUKI DESIGN', 'RED RETROSPOT CHARLOTTE BAG'})",frozenset({'CHARLOTTE BAG PINK POLKADOT'}),0.013338332976215984,0.036104563959717166,0.010552817655881723,0.7911646586345382,21.913148141527536,1.0,0.010071242959825928,4.615576222577509,0.9672670270133219,0.27134986225895313,0.7833423278531488,0.5417247625516904
"frozenset({'STRAWBERRY CHARLOTTE BAG', 'WOODLAND CHARLOTTE BAG', 'CHARLOTTE BAG PINK POLKADOT', 'RED RETROSPOT CHARLOTTE BAG'})",frozenset({'CHARLOTTE BAG SUKI DESIGN'}),0.012427683736875937,0.04306835226055282,0.010552817655881723,0.8491379310344828,19.716053353920053,1.0,0.010017577794919207,6.343089779301478,0.9612257192669825,0.23480333730631706,0.8423481245270782,0.5470814033281867
"frozenset({'STRAWBERRY CHARLOTTE BAG', 'CHARLOTTE BAG SUKI DESIGN', 'CHARLOTTE BAG PINK POLKADOT', 'WOODLAND CHARLOTTE BAG'})",frozenset({'RED RETROSPOT CHARLOTTE BAG'}),0.011409899292907649,0.04847868009427898,0.010552817655881723,0.9248826291079812,19.078131403522427,1.0,0.009999680798152914,12.667127571244915,0.9585205885629335,0.21389793702497287,0.9210555041483868,0.5712810935595155
"frozenset({'CHARLOTTE BAG SUKI DESIGN', 'WOODLAND CHARLOTTE BAG', 'CHARLOTTE BAG PINK POLKADOT', 'RED RETROSPOT CHARLOTTE BAG'})",frozenset({'STRAWBERRY CHARLOTTE BAG'}),0.012856224555388901,0.03605099635740304,0.010552817655881723,0.8208333333333333,22.768672610203073,1.0,0.010089337951265442,5.380180485447052,0.9685316650120815,0.27513966480446933,0.814132629434102,0.5567762506191184
"frozenset({'STRAWBERRY CHARLOTTE BAG', 'CHARLOTTE BAG SUKI DESIGN', 'RED RETROSPOT CHARLOTTE BAG'})","frozenset({'CHARLOTTE BAG PINK POLKADOT', 'WOODLAND CHARLOTTE BAG'})",0.017248767945146775,0.01912363402614099,0.010552817655881723,0.6118012422360248,31.99189240913757,1.0,0.010222958530296904,2.5267375187486607,0.9857449666063668,0.40871369294605814,0.6042327338792044,0.5818109852636707
"frozenset({'STRAWBERRY CHARLOTTE BAG', 'CHARLOTTE BAG PINK POLKADOT', 'RED RETROSPOT CHARLOTTE BAG'})","frozenset({'CHARLOTTE BAG SUKI DESIGN', 'WOODLAND CHARLOTTE BAG'})",0.01687379472894793,0.022123419755731732,0.010552817655881723,0.6253968253968255,28.26854221914755,1.0,0.010179511612221154,2.6104332438724116,0.9811812395434043,0.3709981167608287,0.6169218261576521,0.5511972020446597
"frozenset({'STRAWBERRY CHARLOTTE BAG', 'WOODLAND CHARLOTTE BAG', 'RED RETROSPOT CHARLOTTE BAG'})","frozenset({'CHARLOTTE BAG SUKI DESIGN', 'CHARLOTTE BAG PINK POLKADOT'})",0.016338118705806728,0.020569959288622243,0.010552817655881723,0.6459016393442624,31.400239071038254,1.0,0.0102167432192506,2.7659829853423172,0.9842336346731219,0.4004065040650407,0.6384648765739822,0.5794612363387979
"frozenset({'STRAWBERRY CHARLOTTE BAG', 'CHARLOTTE BAG SUKI DESIGN', 'CHARLOTTE BAG PINK POLKADOT'})","frozenset({'WOODLAND CHARLOTTE BAG', 'RED RETROSPOT CHARLOTTE BAG'})",0.013927576601671309,0.0230876365973859,0.010552817655881723,0.7576923076923078,32.81809744779583,1.0,0.01023126282862008,4.031701817217139,0.9832229200722705,0.3987854251012146,0.7519657838460274,0.607384436908799
"frozenset({'STRAWBERRY CHARLOTTE BAG', 'CHARLOTTE BAG SUKI DESIGN', 'WOODLAND CHARLOTTE BAG'})","frozenset({'CHARLOTTE BAG PINK POLKADOT', 'RED RETROSPOT CHARLOTTE BAG'})",0.01537390186415256,0.025658881508463682,0.010552817655881723,0.686411149825784,26.751405730579823,1.0,0.010158340529626683,3.1070655667452325,0.9776490676617351,0.34622144112478026,0.678152913571265,0.5488423181279233
"frozenset({'STRAWBERRY CHARLOTTE BAG', 'CHARLOTTE BAG PINK POLKADOT', 'WOODLAND CHARLOTTE BAG'})","frozenset({'CHARLOTTE BAG SUKI DESIGN', 'RED RETROSPOT CHARLOTTE BAG'})",0.013391900578530106,0.0254446110992072,0.010552817655881723,0.7879999999999999,30.969229473684205,1.0,0.010212065953781777,4.596959381607512,0.9808452666862532,0.37310606060606055,0.7824649040839883,0.6013684210526316
"frozenset({'CHARLOTTE BAG SUKI DESIGN', 'CHARLOTTE BAG PINK POLKADOT', 'RED RETROSPOT CHARLOTTE BAG'})","frozenset({'STRAWBERRY CHARLOTTE BAG', 'WOODLAND CHARLOTTE BAG'})",0.01676665952431969,0.020034283265481036,0.010552817655881723,0.6293929712460063,31.415796757273924,1.0,0.010216909649555626,2.6442178391198654,0.9846786515797434,0.40204081632653066,0.6218163325254425,0.5780654695802224
"frozenset({'CHARLOTTE BAG SUKI DESIGN', 'WOODLAND CHARLOTTE BAG', 'RED RETROSPOT CHARLOTTE BAG'})","frozenset({'STRAWBERRY CHARLOTTE BAG', 'CHARLOTTE BAG PINK POLKADOT'})",0.01687379472894793,0.01939147203771159,0.010552817655881723,0.6253968253968255,32.25112689643077,1.0,0.010225609937225244,2.617726155153567,0.985624557984545,0.41041666666666676,0.6179890711519687,0.5847978602122249
"frozenset({'WOODLAND CHARLOTTE BAG', 'CHARLOTTE BAG PINK POLKADOT', 'RED RETROSPOT CHARLOTTE BAG'})","frozenset({'STRAWBERRY CHARLOTTE BAG', 'CHARLOTTE BAG SUKI DESIGN'})",0.016070280694236126,0.021052067709449326,0.010552817655881723,0.6566666666666666,31.19250212044105,1.0,0.010214505018596807,2.8513046571569434,0.9837501547604308,0.3971774193548387,0.6492833561331509,0.5789694656488549
"frozenset({'CHARLOTTE BAG SUKI DESIGN', 'CHARLOTTE BAG PINK POLKADOT', 'WOODLAND CHARLOTTE BAG'})","frozenset({'STRAWBERRY CHARLOTTE BAG', 'RED RETROSPOT CHARLOTTE BAG'})",0.014731090636383115,0.024533961859867153,0.010552817655881723,0.7163636363636364,29.19885668916237,1.0,0.010191405640054453,3.4391430831863667,0.9801913716347064,0.3675373134328358,0.7092298936648196,0.5732473203652243
"frozenset({'STRAWBERRY CHARLOTTE BAG', 'RED RETROSPOT CHARLOTTE BAG'})","frozenset({'CHARLOTTE BAG SUKI DESIGN', 'CHARLOTTE BAG PINK POLKADOT', 'WOODLAND CHARLOTTE BAG'})",0.024533961859867153,0.014731090636383115,0.010552817655881723,0.43013100436681223,29.198856689162366,1.0,0.010191405640054453,1.7289393122166152,0.9900417297351541,0.3675373134328358,0.42161069915291965,0.5732473203652243
"frozenset({'STRAWBERRY CHARLOTTE BAG', 'CHARLOTTE BAG SUKI DESIGN'})","frozenset({'WOODLAND CHARLOTTE BAG', 'CHARLOTTE BAG PINK POLKADOT', 'RED RETROSPOT CHARLOTTE BAG'})",0.021052067709449326,0.016070280694236126,0.010552817655881723,0.5012722646310432,31.192502120441052,1.0,0.010214505018596807,1.9728794881998224,0.9887563798981994,0.3971774193548387,0.49312666790790044,0.5789694656488549
"frozenset({'STRAWBERRY CHARLOTTE BAG', 'CHARLOTTE BAG PINK POLKADOT'})","frozenset({'CHARLOTTE BAG SUKI DESIGN', 'WOODLAND CHARLOTTE BAG', 'RED RETROSPOT CHARLOTTE BAG'})",0.01939147203771159,0.01687379472894793,0.010552817655881723,0.5441988950276243,32.25112689643077,1.0,0.010225609937225244,2.1569193109583082,0.9881551137709143,0.41041666666666676,0.5363757953672801,0.5847978602122249
"frozenset({'STRAWBERRY CHARLOTTE BAG', 'WOODLAND CHARLOTTE BAG'})","frozenset({'CHARLOTTE BAG SUKI DESIGN', 'CHARLOTTE BAG PINK POLKADOT', 'RED RETROSPOT CHARLOTTE BAG'})",0.020034283265481036,0.01676665952431969,0.010552817655881723,0.5267379679144385,31.415796757273924,1.0,0.010216909649555626,2.0775664934344884,0.98796199025616,0.40204081632653066,0.5186676319818435,0.5780654695802224
"frozenset({'CHARLOTTE BAG SUKI DESIGN', 'RED RETROSPOT CHARLOTTE BAG'})","frozenset({'STRAWBERRY CHARLOTTE BAG', 'CHARLOTTE BAG PINK POLKADOT', 'WOODLAND CHARLOTTE BAG'})",0.0254446110992072,0.013391900578530106,0.010552817655881723,0.4147368421052631,30.969229473684205,1.0,0.010212065953781777,1.685751249011504,0.9929757666040461,0.37310606060606055,0.40679266849935125,0.6013684210526316
"frozenset({'CHARLOTTE BAG PINK POLKADOT', 'RED RETROSPOT CHARLOTTE BAG'})","frozenset({'STRAWBERRY CHARLOTTE BAG', 'CHARLOTTE BAG SUKI DESIGN', 'WOODLAND CHARLOTTE BAG'})",0.025658881508463682,0.01537390186415256,0.010552817655881723,0.4112734864300626,26.751405730579823,1.0,0.010158340529626683,1.6724677340676275,0.9879689654566143,0.34622144112478026,0.40208114056234207,0.5488423181279233
"frozenset({'WOODLAND CHARLOTTE BAG', 'RED RETROSPOT CHARLOTTE BAG'})","frozenset({'STRAWBERRY CHARLOTTE BAG', 'CHARLOTTE BAG SUKI DESIGN', 'CHARLOTTE BAG PINK POLKADOT'})",0.0230876365973859,0.013927576601671309,0.010552817655881723,0.4570765661252901,32.81809744779583,1.0,0.01023126282862008,1.816227412327691,0.9924421512688685,0.3987854251012146,0.44940815604231393,0.607384436908799
"frozenset({'CHARLOTTE BAG SUKI DESIGN', 'CHARLOTTE BAG PINK POLKADOT'})","frozenset({'STRAWBERRY CHARLOTTE BAG', 'WOODLAND CHARLOTTE BAG', 'RED RETROSPOT CHARLOTTE BAG'})",0.020569959288622243,0.016338118705806728,0.010552817655881723,0.5130208333333333,31.400239071038246,1.0,0.0102167432192506,2.019926002229787,0.9884862302287539,0.4004065040650407,0.5049323594547005,0.5794612363387979
"frozenset({'CHARLOTTE BAG SUKI DESIGN', 'WOODLAND CHARLOTTE BAG'})","frozenset({'STRAWBERRY CHARLOTTE BAG', 'CHARLOTTE BAG PINK POLKADOT', 'RED RETROSPOT CHARLOTTE BAG'})",0.022123419755731732,0.01687379472894793,0.010552817655881723,0.476997578692494,28.26854221914755,1.0,0.010179511612221154,1.8797737165599286,0.9864486052774638,0.3709981167608287,0.4680210755207038,0.5511972020446597
"frozenset({'CHARLOTTE BAG PINK POLKADOT', 'WOODLAND CHARLOTTE BAG'})","frozenset({'STRAWBERRY CHARLOTTE BAG', 'CHARLOTTE BAG SUKI DESIGN', 'RED RETROSPOT CHARLOTTE BAG'})",0.01912363402614099,0.017248767945146775,0.010552817655881723,0.5518207282913166,31.99189240913757,1.0,0.010222958530296904,2.1927636865223916,0.9876291386248927,0.40871369294605814,0.5439545053822249,0.5818109852636707
frozenset({'STRAWBERRY CHARLOTTE BAG'}),"frozenset({'CHARLOTTE BAG SUKI DESIGN', 'WOODLAND CHARLOTTE BAG', 'CHARLOTTE BAG PINK POLKADOT', 'RED RETROSPOT CHARLOTTE BAG'})",0.03605099635740304,0.012856224555388901,0.010552817655881723,0.29271916790490343,22.768672610203073,1.0,0.010089337951265442,1.395688573265175,0.991836705909566,0.27513966480446933,0.28350778307188723,0.5567762506191184
frozenset({'RED RETROSPOT CHARLOTTE BAG'}),"frozenset({'STRAWBERRY CHARLOTTE BAG', 'CHARLOTTE BAG SUKI DESIGN', 'CHARLOTTE BAG PINK POLKADOT', 'WOODLAND CHARLOTTE BAG'})",0.04847868009427898,0.011409899292907649,0.010552817655881723,0.21767955801104974,19.078131403522427,1.0,0.009999680798152914,1.2636638999151393,0.9958620425563777,0.21389793702497287,0.2086503380628706,0.5712810935595155
frozenset({'CHARLOTTE BAG SUKI DESIGN'}),"frozenset({'STRAWBERRY CHARLOTTE BAG', 'WOODLAND CHARLOTTE BAG', 'CHARLOTTE BAG PINK POLKADOT', 'RED RETROSPOT CHARLOTTE BAG'})",0.04306835226055282,0.012427683736875937,0.010552817655881723,0.24502487562189054,19.716053353920056,1.0,0.010017577794919207,1.3080859016071693,0.9920038826917874,0.23480333730631706,0.2355242123079547,0.5470814033281867
frozenset({'CHARLOTTE BAG PINK POLKADOT'}),"frozenset({'STRAWBERRY CHARLOTTE BAG', 'WOODLAND CHARLOTTE BAG', 'CHARLOTTE BAG SUKI DESIGN', 'RED RETROSPOT CHARLOTTE BAG'})",0.036104563959717166,0.013338332976215984,0.010552817655881723,0.2922848664688427,21.913148141527532,1.0,0.010071242959825928,1.3941508670315101,0.9901128915504265,0.27134986225895313,0.28271751383030325,0.5417247625516904
frozenset({'WOODLAND CHARLOTTE BAG'}),"frozenset({'STRAWBERRY CHARLOTTE BAG', 'CHARLOTTE BAG SUKI DESIGN', 'CHARLOTTE BAG PINK POLKADOT', 'RED RETROSPOT CHARLOTTE BAG'})",0.03658667238054425,0.01274908935076066,0.010552817655881723,0.2884333821376281,22.623841923299334,1.0,0.010086370900655157,1.387432864142861,0.9920963465042075,0.27209944751381215,0.2792444046524819,0.5580822372873014
